axis,value,ethanol,feasible,sbml_sha256,relative_yield
temperature_c,28.0,43.10135794183444,True,30842b15eefb0ef7e36cbdea86a9efddfacf69a871c8b054165faa9af9f6c8eb,0.9481508621485119
temperature_c,29.0,44.433673539518885,True,30842b15eefb0ef7e36cbdea86a9efddfacf69a871c8b054165faa9af9f6c8eb,0.977459362922505
temperature_c,30.0,45.45833333333332,True,30842b15eefb0ef7e36cbdea86a9efddfacf69a871c8b054165faa9af9f6c8eb,0.9999999999999996
temperature_c,31.0,45.45833333333332,True,30842b15eefb0ef7e36cbdea86a9efddfacf69a871c8b054165faa9af9f6c8eb,0.9999999999999996
temperature_c,32.0,45.45833333333332,True,30842b15eefb0ef7e36cbdea86a9efddfacf69a871c8b054165faa9af9f6c8eb,0.9999999999999996
temperature_c,33.0,45.45833333333332,True,30842b15eefb0ef7e36cbdea86a9efddfacf69a871c8b054165faa9af9f6c8eb,0.9999999999999996
temperature_c,34.0,45.265666666666654,True,30842b15eefb0ef7e36cbdea86a9efddfacf69a871c8b054165faa9af9f6c8eb,0.9957616865261223
temperature_c,35.0,43.78122489959839,True,30842b15eefb0ef7e36cbdea86a9efddfacf69a871c8b054165faa9af9f6c8eb,0.9631066889004227
temperature_c,36.0,41.54745730027546,True,30842b15eefb0ef7e36cbdea86a9efddfacf69a871c8b054165faa9af9f6c8eb,0.9139678966146754
temperature_c,37.0,38.45873049645388,True,30842b15eefb0ef7e36cbdea86a9efddfacf69a871c8b054165faa9af9f6c8eb,0.8460215691245582
temperature_c,38.0,34.39643859649123,True,30842b15eefb0ef7e36cbdea86a9efddfacf69a871c8b054165faa9af9f6c8eb,0.7566585942399535
temperature_c,39.0,29.226948717948716,True,30842b15eefb0ef7e36cbdea86a9efddfacf69a871c8b054165faa9af9f6c8eb,0.6429392935204116
temperature_c,40.0,22.799143302180692,True,30842b15eefb0ef7e36cbdea86a9efddfacf69a871c8b054165faa9af9f6c8eb,0.5015393577015
temperature_c,41.0,14.941463768115936,True,30842b15eefb0ef7e36cbdea86a9efddfacf69a871c8b054165faa9af9f6c8eb,0.3286848124975091
temperature_c,42.0,0.0,False,30842b15eefb0ef7e36cbdea86a9efddfacf69a871c8b054165faa9af9f6c8eb,0.0
ethanol_pct,0.0,45.45833333333332,True,30842b15eefb0ef7e36cbdea86a9efddfacf69a871c8b054165faa9af9f6c8eb,0.9999999999999996
ethanol_pct,1.0,40.67583564186226,True,30842b15eefb0ef7e36cbdea86a9efddfacf69a871c8b054165faa9af9f6c8eb,0.894793817969472
ethanol_pct,2.0,36.0739188875662,True,30842b15eefb0ef7e36cbdea86a9efddfacf69a871c8b054165faa9af9f6c8eb,0.7935600855193297
ethanol_pct,3.0,31.65996884046264,True,30842b15eefb0ef7e36cbdea86a9efddfacf69a871c8b054165faa9af9f6c8eb,0.696461276050507
ethanol_pct,4.0,27.442359878238435,True,30842b15eefb0ef7e36cbdea86a9efddfacf69a871c8b054165faa9af9f6c8eb,0.6036816105203687
ethanol_pct,5.0,23.4306976280187,True,30842b15eefb0ef7e36cbdea86a9efddfacf69a871c8b054165faa9af9f6c8eb,0.5154323951168182
ethanol_pct,6.0,19.63615428824128,True,30842b15eefb0ef7e36cbdea86a9efddfacf69a871c8b054165faa9af9f6c8eb,0.431959397724831
ethanol_pct,7.0,16.071947880719236,True,30842b15eefb0ef7e36cbdea86a9efddfacf69a871c8b054165faa9af9f6c8eb,0.3535533905932737
ethanol_pct,8.0,12.75405633468577,True,30842b15eefb0ef7e36cbdea86a9efddfacf69a871c8b054165faa9af9f6c8eb,0.2805658588748473
ethanol_pct,9.0,9.702339380832017,True,30842b15eefb0ef7e36cbdea86a9efddfacf69a871c8b054165faa9af9f6c8eb,0.21343368023828446
ethanol_pct,10.0,6.942428926820356,True,30842b15eefb0ef7e36cbdea86a9efddfacf69a871c8b054165faa9af9f6c8eb,0.15272070966424245
ethanol_pct,11.0,4.509239860945775,True,30842b15eefb0ef7e36cbdea86a9efddfacf69a871c8b054165faa9af9f6c8eb,0.09919501068991621
ethanol_pct,12.0,2.4545192860301612,True,30842b15eefb0ef7e36cbdea86a9efddfacf69a871c8b054165faa9af9f6c8eb,0.0539949247156039
ethanol_pct,13.0,0.0,False,30842b15eefb0ef7e36cbdea86a9efddfacf69a871c8b054165faa9af9f6c8eb,0.0
ethanol_pct,14.0,0.0,False,30842b15eefb0ef7e36cbdea86a9efddfacf69a871c8b054165faa9af9f6c8eb,0.0
osmotic_m,0.0,45.45833333333334,True,30842b15eefb0ef7e36cbdea86a9efddfacf69a871c8b054165faa9af9f6c8eb,1.0
osmotic_m,0.1,45.358333333333306,True,30842b15eefb0ef7e36cbdea86a9efddfacf69a871c8b054165faa9af9f6c8eb,0.997800183318056
osmotic_m,0.2,45.25833333333327,True,30842b15eefb0ef7e36cbdea86a9efddfacf69a871c8b054165faa9af9f6c8eb,0.9956003666361121
osmotic_m,0.3,45.158333333333346,True,30842b15eefb0ef7e36cbdea86a9efddfacf69a871c8b054165faa9af9f6c8eb,0.9934005499541706
osmotic_m,0.4,45.05833333333338,True,30842b15eefb0ef7e36cbdea86a9efddfacf69a871c8b054165faa9af9f6c8eb,0.9912007332722281
osmotic_m,0.5,44.95833333333337,True,30842b15eefb0ef7e36cbdea86a9efddfacf69a871c8b054165faa9af9f6c8eb,0.9890009165902848
osmotic_m,0.6,44.858333333333384,True,30842b15eefb0ef7e36cbdea86a9efddfacf69a871c8b054165faa9af9f6c8eb,0.9868010999083419
osmotic_m,0.7,44.7583333333334,True,30842b15eefb0ef7e36cbdea86a9efddfacf69a871c8b054165faa9af9f6c8eb,0.984601283226399
osmotic_m,0.8,44.65833333333342,True,30842b15eefb0ef7e36cbdea86a9efddfacf69a871c8b054165faa9af9f6c8eb,0.9824014665444563
osmotic_m,0.9,44.55833333333344,True,30842b15eefb0ef7e36cbdea86a9efddfacf69a871c8b054165faa9af9f6c8eb,0.9802016498625136
osmotic_m,1.0,44.45833333333343,True,30842b15eefb0ef7e36cbdea86a9efddfacf69a871c8b054165faa9af9f6c8eb,0.9780018331805702
osmotic_m,1.1,44.358333333333434,True,30842b15eefb0ef7e36cbdea86a9efddfacf69a871c8b054165faa9af9f6c8eb,0.9758020164986271
osmotic_m,1.2,44.258333333333454,True,30842b15eefb0ef7e36cbdea86a9efddfacf69a871c8b054165faa9af9f6c8eb,0.9736021998166844
osmotic_m,1.3,44.158333333333324,True,30842b15eefb0ef7e36cbdea86a9efddfacf69a871c8b054165faa9af9f6c8eb,0.9714023831347384
osmotic_m,1.4,44.05833333333331,True,30842b15eefb0ef7e36cbdea86a9efddfacf69a871c8b054165faa9af9f6c8eb,0.9692025664527949
osmotic_m,1.5,43.95833333333335,True,30842b15eefb0ef7e36cbdea86a9efddfacf69a871c8b054165faa9af9f6c8eb,0.9670027497708525
nitrogen_frac,0.05,45.45833333333332,True,30842b15eefb0ef7e36cbdea86a9efddfacf69a871c8b054165faa9af9f6c8eb,0.9999999999999996
nitrogen_frac,0.1,45.45833333333334,True,30842b15eefb0ef7e36cbdea86a9efddfacf69a871c8b054165faa9af9f6c8eb,1.0
nitrogen_frac,0.15,45.45833333333334,True,30842b15eefb0ef7e36cbdea86a9efddfacf69a871c8b054165faa9af9f6c8eb,1.0
nitrogen_frac,0.2,45.45833333333334,True,30842b15eefb0ef7e36cbdea86a9efddfacf69a871c8b054165faa9af9f6c8eb,1.0
nitrogen_frac,0.25,45.45833333333334,True,30842b15eefb0ef7e36cbdea86a9efddfacf69a871c8b054165faa9af9f6c8eb,1.0
nitrogen_frac,0.3,45.45833333333334,True,30842b15eefb0ef7e36cbdea86a9efddfacf69a871c8b054165faa9af9f6c8eb,1.0
nitrogen_frac,0.35,45.45833333333334,True,30842b15eefb0ef7e36cbdea86a9efddfacf69a871c8b054165faa9af9f6c8eb,1.0
nitrogen_frac,0.4,45.45833333333334,True,30842b15eefb0ef7e36cbdea86a9efddfacf69a871c8b054165faa9af9f6c8eb,1.0
nitrogen_frac,0.45,45.45833333333334,True,30842b15eefb0ef7e36cbdea86a9efddfacf69a871c8b054165faa9af9f6c8eb,1.0
nitrogen_frac,0.5,45.45833333333334,True,30842b15eefb0ef7e36cbdea86a9efddfacf69a871c8b054165faa9af9f6c8eb,1.0
nitrogen_frac,0.55,45.45833333333334,True,30842b15eefb0ef7e36cbdea86a9efddfacf69a871c8b054165faa9af9f6c8eb,1.0
nitrogen_frac,0.6,45.45833333333334,True,30842b15eefb0ef7e36cbdea86a9efddfacf69a871c8b054165faa9af9f6c8eb,1.0
nitrogen_frac,0.65,45.45833333333334,True,30842b15eefb0ef7e36cbdea86a9efddfacf69a871c8b054165faa9af9f6c8eb,1.0
nitrogen_frac,0.7,45.45833333333334,True,30842b15eefb0ef7e36cbdea86a9efddfacf69a871c8b054165faa9af9f6c8eb,1.0
nitrogen_frac,0.75,45.45833333333334,True,30842b15eefb0ef7e36cbdea86a9efddfacf69a871c8b054165faa9af9f6c8eb,1.0
nitrogen_frac,0.8,45.45833333333334,True,30842b15eefb0ef7e36cbdea86a9efddfacf69a871c8b054165faa9af9f6c8eb,1.0
nitrogen_frac,0.85,45.45833333333334,True,30842b15eefb0ef7e36cbdea86a9efddfacf69a871c8b054165faa9af9f6c8eb,1.0
nitrogen_frac,0.9,45.45833333333334,True,30842b15eefb0ef7e36cbdea86a9efddfacf69a871c8b054165faa9af9f6c8eb,1.0
nitrogen_frac,0.95,45.45833333333334,True,30842b15eefb0ef7e36cbdea86a9efddfacf69a871c8b054165faa9af9f6c8eb,1.0
nitrogen_frac,1.0,45.45833333333334,True,30842b15eefb0ef7e36cbdea86a9efddfacf69a871c8b054165faa9af9f6c8eb,1.0
