idx,temperature_c,ethanol_pct,osmotic_m,nitrogen_frac,ethanol,feasible,relative_yield,collapsed,sbml_sha256
600,29.178644,9.543626,0.553391,0.532446,8.16382906750937,True,0.17958927371239683,True,30842b15eefb0ef7e36cbdea86a9efddfacf69a871c8b054165faa9af9f6c8eb
601,38.850338,11.775782,0.984476,0.242615,2.8786408360134117,True,0.06332482132385142,True,30842b15eefb0ef7e36cbdea86a9efddfacf69a871c8b054165faa9af9f6c8eb
602,33.316439,1.938841,0.833891,0.524457,36.35005057501713,True,0.7996344764440066,False,30842b15eefb0ef7e36cbdea86a9efddfacf69a871c8b054165faa9af9f6c8eb
603,41.057466,6.974252,0.448183,0.857718,13.990954167684446,True,0.30777534374374593,False,30842b15eefb0ef7e36cbdea86a9efddfacf69a871c8b054165faa9af9f6c8eb
604,31.398088,0.929306,0.08223,0.466458,41.00807909750231,True,0.9021025649313068,False,30842b15eefb0ef7e36cbdea86a9efddfacf69a871c8b054165faa9af9f6c8eb
605,28.669246,11.561714,1.092622,0.221189,3.304063786241044,True,0.07268334635177368,True,30842b15eefb0ef7e36cbdea86a9efddfacf69a871c8b054165faa9af9f6c8eb
606,39.895869,12.830224,1.498623,0.554901,0.0,False,0.0,True,30842b15eefb0ef7e36cbdea86a9efddfacf69a871c8b054165faa9af9f6c8eb
607,40.569442,7.569922,0.131719,0.83476,14.149653897969044,True,0.3112664468847453,False,30842b15eefb0ef7e36cbdea86a9efddfacf69a871c8b054165faa9af9f6c8eb
608,35.624794,9.534097,0.31409,0.571664,8.190027956456445,True,0.18016560124193834,True,30842b15eefb0ef7e36cbdea86a9efddfacf69a871c8b054165faa9af9f6c8eb
609,40.997324,8.996762,1.380179,0.532902,0.0,False,0.0,True,30842b15eefb0ef7e36cbdea86a9efddfacf69a871c8b054165faa9af9f6c8eb
610,29.324509,13.96878,1.226993,0.456792,0.0,False,0.0,True,30842b15eefb0ef7e36cbdea86a9efddfacf69a871c8b054165faa9af9f6c8eb
611,32.481689,2.858145,1.239762,0.808534,32.27436518501049,True,0.70997686933112,False,30842b15eefb0ef7e36cbdea86a9efddfacf69a871c8b054165faa9af9f6c8eb
612,33.566131,10.898614,0.278645,0.435948,4.739747307269136,True,0.10426575194725875,True,30842b15eefb0ef7e36cbdea86a9efddfacf69a871c8b054165faa9af9f6c8eb
613,40.106009,5.800186,0.132848,0.734048,20.37639998509633,True,0.4482434460516151,False,30842b15eefb0ef7e36cbdea86a9efddfacf69a871c8b054165faa9af9f6c8eb
614,35.39853,10.872499,0.667686,0.107782,4.7997392125391185,True,0.10558546388720337,True,30842b15eefb0ef7e36cbdea86a9efddfacf69a871c8b054165faa9af9f6c8eb
615,40.899223,0.332563,0.060922,0.703321,15.742605427024037,True,0.34630846035616586,False,30842b15eefb0ef7e36cbdea86a9efddfacf69a871c8b054165faa9af9f6c8eb
616,32.457957,11.154325,0.931584,0.3727,4.165809471934095,True,0.09164017170157497,True,30842b15eefb0ef7e36cbdea86a9efddfacf69a871c8b054165faa9af9f6c8eb
617,31.913624,11.858468,1.42714,0.945223,2.719620510022859,True,0.05982666566503083,True,30842b15eefb0ef7e36cbdea86a9efddfacf69a871c8b054165faa9af9f6c8eb
618,29.373585,11.041238,0.210657,0.982764,4.416584092135909,True,0.09715675363085412,True,30842b15eefb0ef7e36cbdea86a9efddfacf69a871c8b054165faa9af9f6c8eb
619,34.276252,5.849341,0.711743,0.509629,20.193450827587892,True,0.44421889996527,False,30842b15eefb0ef7e36cbdea86a9efddfacf69a871c8b054165faa9af9f6c8eb
620,29.209767,7.857507,0.732523,0.839226,13.211084205638421,True,0.2906196342211936,False,30842b15eefb0ef7e36cbdea86a9efddfacf69a871c8b054165faa9af9f6c8eb
621,32.041018,7.065174,0.570247,0.765527,15.848012625475658,True,0.3486272254916736,False,30842b15eefb0ef7e36cbdea86a9efddfacf69a871c8b054165faa9af9f6c8eb
622,32.234671,12.902776,0.225223,0.753097,0.9973886072501824,True,0.021940720966090177,True,30842b15eefb0ef7e36cbdea86a9efddfacf69a871c8b054165faa9af9f6c8eb
623,40.239785,0.708217,0.447331,0.397378,20.60492233137712,True,0.45327051874706786,False,30842b15eefb0ef7e36cbdea86a9efddfacf69a871c8b054165faa9af9f6c8eb
624,39.713416,6.434764,1.180329,0.665285,18.057398240822224,True,0.39722965882652017,False,30842b15eefb0ef7e36cbdea86a9efddfacf69a871c8b054165faa9af9f6c8eb
625,34.104601,3.484425,1.312342,0.111885,29.591773435608932,True,0.6509647685193534,False,30842b15eefb0ef7e36cbdea86a9efddfacf69a871c8b054165faa9af9f6c8eb
626,32.831785,12.85128,0.698056,0.568467,1.0684217713446817,True,0.02350332035955304,True,30842b15eefb0ef7e36cbdea86a9efddfacf69a871c8b054165faa9af9f6c8eb
627,34.615746,6.005304,0.605079,0.628647,19.61662936995114,True,0.43152988531514896,False,30842b15eefb0ef7e36cbdea86a9efddfacf69a871c8b054165faa9af9f6c8eb
628,31.999614,9.034897,0.510261,0.563641,9.600942059046734,True,0.2112031250386083,False,30842b15eefb0ef7e36cbdea86a9efddfacf69a871c8b054165faa9af9f6c8eb
629,32.66886,13.394543,0.999611,0.206595,0.0,False,0.0,True,30842b15eefb0ef7e36cbdea86a9efddfacf69a871c8b054165faa9af9f6c8eb
630,39.751581,8.379141,0.839613,0.12269,11.56446356043344,True,0.2543969985796541,False,30842b15eefb0ef7e36cbdea86a9efddfacf69a871c8b054165faa9af9f6c8eb
631,39.370645,3.07935,1.37474,0.793988,25.625201269585244,True,0.5637074523098496,False,30842b15eefb0ef7e36cbdea86a9efddfacf69a871c8b054165faa9af9f6c8eb
632,40.871011,13.806217,0.249702,0.968738,0.0,False,0.0,True,30842b15eefb0ef7e36cbdea86a9efddfacf69a871c8b054165faa9af9f6c8eb
633,32.16036,12.426442,0.479342,0.71493,1.7129535573245083,True,0.03768183810796353,True,30842b15eefb0ef7e36cbdea86a9efddfacf69a871c8b054165faa9af9f6c8eb
634,36.465846,2.712394,0.45825,0.239415,32.90972232417328,True,0.72395356166834,False,30842b15eefb0ef7e36cbdea86a9efddfacf69a871c8b054165faa9af9f6c8eb
635,34.468292,1.98541,0.509085,0.588529,36.13972869044787,True,0.7950077805414748,False,30842b15eefb0ef7e36cbdea86a9efddfacf69a871c8b054165faa9af9f6c8eb
636,39.80796,9.266011,1.12612,0.35703,8.938452200589843,True,0.19662956261609194,True,30842b15eefb0ef7e36cbdea86a9efddfacf69a871c8b054165faa9af9f6c8eb
637,39.744044,12.49523,0.969554,0.712943,0.0,False,0.0,True,30842b15eefb0ef7e36cbdea86a9efddfacf69a871c8b054165faa9af9f6c8eb
638,36.483312,5.974489,1.412592,0.825097,19.730154990209293,True,0.43402724084786726,False,30842b15eefb0ef7e36cbdea86a9efddfacf69a871c8b054165faa9af9f6c8eb
639,34.26116,3.96515,0.264045,0.261293,27.585939727114333,True,0.6068401039878498,False,30842b15eefb0ef7e36cbdea86a9efddfacf69a871c8b054165faa9af9f6c8eb
640,34.306564,2.620101,0.250106,0.175354,33.31417530425921,True,0.7328507857948865,False,30842b15eefb0ef7e36cbdea86a9efddfacf69a871c8b054165faa9af9f6c8eb
641,33.273512,11.574385,1.1294,0.527297,3.2783420163874286,True,0.07211751456764282,True,30842b15eefb0ef7e36cbdea86a9efddfacf69a871c8b054165faa9af9f6c8eb
642,36.981199,1.626575,0.773573,0.626268,37.751815148076965,True,0.8304707273637465,False,30842b15eefb0ef7e36cbdea86a9efddfacf69a871c8b054165faa9af9f6c8eb
643,38.924482,11.841486,1.190898,0.407257,2.7520337781400936,True,0.06053969814423672,True,30842b15eefb0ef7e36cbdea86a9efddfacf69a871c8b054165faa9af9f6c8eb
644,38.538418,5.495642,0.40145,0.91899,21.522055963058772,True,0.4734457773725121,False,30842b15eefb0ef7e36cbdea86a9efddfacf69a871c8b054165faa9af9f6c8eb
645,35.610504,12.032582,0.278191,0.735992,2.394784375828382,True,0.05268086619604142,True,30842b15eefb0ef7e36cbdea86a9efddfacf69a871c8b054165faa9af9f6c8eb
646,31.792289,4.282966,0.479837,0.122554,26.285850822449653,True,0.578240531382944,False,30842b15eefb0ef7e36cbdea86a9efddfacf69a871c8b054165faa9af9f6c8eb
647,36.609134,1.6994,0.060215,0.156605,37.437849956200814,True,0.82356406869736,False,30842b15eefb0ef7e36cbdea86a9efddfacf69a871c8b054165faa9af9f6c8eb
648,40.810865,6.51428,0.99838,0.228213,15.547581717138542,True,0.3420182962523603,False,30842b15eefb0ef7e36cbdea86a9efddfacf69a871c8b054165faa9af9f6c8eb
649,29.453185,0.030529,0.02192,0.696248,44.917476097042574,True,0.9881021322905793,False,30842b15eefb0ef7e36cbdea86a9efddfacf69a871c8b054165faa9af9f6c8eb
650,28.624828,2.411156,1.486385,0.619032,34.23589064609029,True,0.7531268336445162,False,30842b15eefb0ef7e36cbdea86a9efddfacf69a871c8b054165faa9af9f6c8eb
651,41.838982,11.489559,0.525285,0.996561,0.0,False,0.0,True,30842b15eefb0ef7e36cbdea86a9efddfacf69a871c8b054165faa9af9f6c8eb
652,40.116301,8.84622,0.554989,0.976103,10.153371320096403,True,0.22335555607911434,False,30842b15eefb0ef7e36cbdea86a9efddfacf69a871c8b054165faa9af9f6c8eb
653,35.473432,4.36931,0.560517,0.689057,25.936272525748038,True,0.570550449695649,False,30842b15eefb0ef7e36cbdea86a9efddfacf69a871c8b054165faa9af9f6c8eb
654,34.128939,1.064708,0.140383,0.968899,40.37251556891941,True,0.8881213324051935,False,30842b15eefb0ef7e36cbdea86a9efddfacf69a871c8b054165faa9af9f6c8eb
655,34.288694,5.965574,0.432247,0.172046,19.763039470086937,True,0.4347506391219859,False,30842b15eefb0ef7e36cbdea86a9efddfacf69a871c8b054165faa9af9f6c8eb
656,39.001014,3.130687,0.50398,0.618604,28.717115399895523,True,0.6317238951397733,False,30842b15eefb0ef7e36cbdea86a9efddfacf69a871c8b054165faa9af9f6c8eb
657,28.440083,3.752982,0.350363,0.386355,28.465427072160608,True,0.6261872133197569,False,30842b15eefb0ef7e36cbdea86a9efddfacf69a871c8b054165faa9af9f6c8eb
658,36.458831,10.647765,0.741608,0.150492,5.326269529113567,True,0.11716816562669628,True,30842b15eefb0ef7e36cbdea86a9efddfacf69a871c8b054165faa9af9f6c8eb
659,29.022986,6.559859,1.152541,0.189536,17.61137255877724,True,0.3874179114671438,False,30842b15eefb0ef7e36cbdea86a9efddfacf69a871c8b054165faa9af9f6c8eb
660,40.186202,10.513646,0.064339,0.050216,5.649092413945944,True,0.1242696773003691,True,30842b15eefb0ef7e36cbdea86a9efddfacf69a871c8b054165faa9af9f6c8eb
661,33.348084,1.187973,0.367401,0.494778,39.79680647614639,True,0.875456787742909,False,30842b15eefb0ef7e36cbdea86a9efddfacf69a871c8b054165faa9af9f6c8eb
662,40.931963,1.072911,0.52404,0.878753,15.001218613882989,True,0.32999930956296225,False,30842b15eefb0ef7e36cbdea86a9efddfacf69a871c8b054165faa9af9f6c8eb
663,39.146114,7.775614,1.302264,0.861823,13.476162251205487,True,0.29645086528774683,False,30842b15eefb0ef7e36cbdea86a9efddfacf69a871c8b054165faa9af9f6c8eb
664,28.206057,3.403761,0.641848,0.937509,29.93291919887647,True,0.658469349929455,False,30842b15eefb0ef7e36cbdea86a9efddfacf69a871c8b054165faa9af9f6c8eb
665,41.902523,1.541367,0.459862,0.654606,0.0,False,0.0,True,30842b15eefb0ef7e36cbdea86a9efddfacf69a871c8b054165faa9af9f6c8eb
666,34.353243,7.88364,0.604758,0.895265,13.126864868006262,True,0.2887669631825393,False,30842b15eefb0ef7e36cbdea86a9efddfacf69a871c8b054165faa9af9f6c8eb
667,36.89592,12.502044,0.599027,0.493701,1.5909994908117717,True,0.03499907220850828,True,30842b15eefb0ef7e36cbdea86a9efddfacf69a871c8b054165faa9af9f6c8eb
668,38.25366,3.497478,0.79255,0.203028,29.53669206434063,True,0.6497530793255503,False,30842b15eefb0ef7e36cbdea86a9efddfacf69a871c8b054165faa9af9f6c8eb
669,38.345682,1.601754,1.038433,0.661104,31.703494825225402,True,0.6974187679242987,False,30842b15eefb0ef7e36cbdea86a9efddfacf69a871c8b054165faa9af9f6c8eb
670,30.550315,5.731774,1.372323,0.362667,20.631935135229217,True,0.45386475091246686,False,30842b15eefb0ef7e36cbdea86a9efddfacf69a871c8b054165faa9af9f6c8eb
671,35.979571,4.654016,0.914971,0.43557,24.79470840241784,True,0.545438131675553,False,30842b15eefb0ef7e36cbdea86a9efddfacf69a871c8b054165faa9af9f6c8eb
672,41.343639,12.760628,0.716892,0.77286,0.0,False,0.0,True,30842b15eefb0ef7e36cbdea86a9efddfacf69a871c8b054165faa9af9f6c8eb
673,32.927206,6.964627,0.232593,0.805541,16.19392587142817,True,0.3562366827811881,False,30842b15eefb0ef7e36cbdea86a9efddfacf69a871c8b054165faa9af9f6c8eb
674,36.41111,5.717426,0.329831,0.761953,20.685662874426797,True,0.45504666268216615,False,30842b15eefb0ef7e36cbdea86a9efddfacf69a871c8b054165faa9af9f6c8eb
675,32.484628,2.249404,0.668227,0.574987,34.95516027464716,True,0.768949446921661,False,30842b15eefb0ef7e36cbdea86a9efddfacf69a871c8b054165faa9af9f6c8eb
676,40.095072,1.93543,0.903723,0.375579,21.21276241598388,True,0.46664188632778486,False,30842b15eefb0ef7e36cbdea86a9efddfacf69a871c8b054165faa9af9f6c8eb
677,41.228506,13.612333,0.062699,0.724617,0.0,False,0.0,True,30842b15eefb0ef7e36cbdea86a9efddfacf69a871c8b054165faa9af9f6c8eb
678,39.492839,5.045561,0.033141,0.704786,23.253001989781435,True,0.5115234168237898,False,30842b15eefb0ef7e36cbdea86a9efddfacf69a871c8b054165faa9af9f6c8eb
679,35.255726,1.129445,1.251738,0.499559,40.069817791955806,True,0.881462536211677,False,30842b15eefb0ef7e36cbdea86a9efddfacf69a871c8b054165faa9af9f6c8eb
680,37.05291,7.130958,0.891389,0.388222,15.62304605812097,True,0.34367837341421026,False,30842b15eefb0ef7e36cbdea86a9efddfacf69a871c8b054165faa9af9f6c8eb
681,36.292555,5.370165,0.502739,0.845962,22.000127293382665,True,0.4839624702485647,False,30842b15eefb0ef7e36cbdea86a9efddfacf69a871c8b054165faa9af9f6c8eb
682,35.416563,13.703859,0.143968,0.643445,0.0,False,0.0,True,30842b15eefb0ef7e36cbdea86a9efddfacf69a871c8b054165faa9af9f6c8eb
683,33.902779,11.394705,0.148412,0.593882,3.649276869042375,True,0.08027740133548765,True,30842b15eefb0ef7e36cbdea86a9efddfacf69a871c8b054165faa9af9f6c8eb
684,28.203803,7.247924,0.328967,0.074606,15.225705956955972,True,0.3349376195847327,False,30842b15eefb0ef7e36cbdea86a9efddfacf69a871c8b054165faa9af9f6c8eb
685,35.056339,10.884819,0.348008,0.1699,4.771406121291585,True,0.10496218781942994,True,30842b15eefb0ef7e36cbdea86a9efddfacf69a871c8b054165faa9af9f6c8eb
686,37.007073,0.360559,0.190017,0.140295,38.243547736260034,True,0.8412879428691485,False,30842b15eefb0ef7e36cbdea86a9efddfacf69a871c8b054165faa9af9f6c8eb
687,29.234038,12.8422,0.560003,0.32482,1.081114701697559,True,0.023782541558883066,True,30842b15eefb0ef7e36cbdea86a9efddfacf69a871c8b054165faa9af9f6c8eb
688,41.647741,1.714253,0.540006,0.089149,0.0,False,0.0,True,30842b15eefb0ef7e36cbdea86a9efddfacf69a871c8b054165faa9af9f6c8eb
689,34.297173,8.061972,0.524211,0.204852,12.55696885415394,True,0.2762302956000867,False,30842b15eefb0ef7e36cbdea86a9efddfacf69a871c8b054165faa9af9f6c8eb
690,37.610887,5.840721,0.701907,0.536207,20.22549367726781,True,0.4449237839178988,False,30842b15eefb0ef7e36cbdea86a9efddfacf69a871c8b054165faa9af9f6c8eb
691,28.242284,7.625419,0.404363,0.139803,13.96686454631674,True,0.3072454162342822,False,30842b15eefb0ef7e36cbdea86a9efddfacf69a871c8b054165faa9af9f6c8eb
692,28.649992,9.997116,1.445702,0.486737,6.949938516901827,True,0.15288590687960027,True,30842b15eefb0ef7e36cbdea86a9efddfacf69a871c8b054165faa9af9f6c8eb
693,33.520862,6.623122,0.93753,0.337998,17.387228315979968,True,0.38248714902247416,False,30842b15eefb0ef7e36cbdea86a9efddfacf69a871c8b054165faa9af9f6c8eb
694,40.373368,0.047085,0.685874,0.847894,19.356642571230743,True,0.42581065234604765,False,30842b15eefb0ef7e36cbdea86a9efddfacf69a871c8b054165faa9af9f6c8eb
695,35.00122,8.925387,0.806154,0.285509,9.92032377979214,True,0.21822893741064292,False,30842b15eefb0ef7e36cbdea86a9efddfacf69a871c8b054165faa9af9f6c8eb
696,34.532523,8.823248,0.299436,0.681508,10.221332009907382,True,0.2248505666707399,False,30842b15eefb0ef7e36cbdea86a9efddfacf69a871c8b054165faa9af9f6c8eb
697,41.704009,3.915433,0.612618,0.429112,0.0,False,0.0,True,30842b15eefb0ef7e36cbdea86a9efddfacf69a871c8b054165faa9af9f6c8eb
698,28.258071,13.430257,1.476253,0.346631,0.0,False,0.0,True,30842b15eefb0ef7e36cbdea86a9efddfacf69a871c8b054165faa9af9f6c8eb
699,41.373909,3.695815,0.354196,0.533944,11.226858901357415,True,0.24697031497028235,False,30842b15eefb0ef7e36cbdea86a9efddfacf69a871c8b054165faa9af9f6c8eb
700,32.319232,3.634677,0.136989,0.780318,28.95981047182823,True,0.637062741818403,False,30842b15eefb0ef7e36cbdea86a9efddfacf69a871c8b054165faa9af9f6c8eb
701,34.718657,8.88378,0.525355,0.900174,10.042579351301423,True,0.2209183358673091,False,30842b15eefb0ef7e36cbdea86a9efddfacf69a871c8b054165faa9af9f6c8eb
702,36.631049,3.858277,0.815571,0.240955,28.027804023384178,True,0.6165603084887447,False,30842b15eefb0ef7e36cbdea86a9efddfacf69a871c8b054165faa9af9f6c8eb
703,30.534542,5.367166,0.974708,0.619851,22.011596362063422,True,0.4842147687346675,False,30842b15eefb0ef7e36cbdea86a9efddfacf69a871c8b054165faa9af9f6c8eb
704,34.577499,2.116762,0.959621,0.166588,35.54869385984557,True,0.782006097741791,False,30842b15eefb0ef7e36cbdea86a9efddfacf69a871c8b054165faa9af9f6c8eb
705,41.788638,9.953376,0.884973,0.389502,0.0,False,0.0,True,30842b15eefb0ef7e36cbdea86a9efddfacf69a871c8b054165faa9af9f6c8eb
706,36.31486,6.260099,0.776869,0.314625,18.686353653175775,True,0.411065524909458,False,30842b15eefb0ef7e36cbdea86a9efddfacf69a871c8b054165faa9af9f6c8eb
707,40.214354,3.3406,1.462937,0.700586,19.778555175078086,True,0.4350919561887023,False,30842b15eefb0ef7e36cbdea86a9efddfacf69a871c8b054165faa9af9f6c8eb
708,39.941214,11.449763,0.655529,0.442279,0.0,False,0.0,True,30842b15eefb0ef7e36cbdea86a9efddfacf69a871c8b054165faa9af9f6c8eb
709,36.522941,5.238031,0.008755,0.716783,22.507332345236502,True,0.49512005159090394,False,30842b15eefb0ef7e36cbdea86a9efddfacf69a871c8b054165faa9af9f6c8eb
710,39.971505,10.013873,0.906118,0.410959,6.906343142056833,True,0.15192688855120443,True,30842b15eefb0ef7e36cbdea86a9efddfacf69a871c8b054165faa9af9f6c8eb
711,41.807688,5.48207,0.611984,0.593997,0.0,False,0.0,True,30842b15eefb0ef7e36cbdea86a9efddfacf69a871c8b054165faa9af9f6c8eb
712,30.09432,9.472962,1.249146,0.99726,8.35877558135842,True,0.18387773964491488,True,30842b15eefb0ef7e36cbdea86a9efddfacf69a871c8b054165faa9af9f6c8eb
713,37.257779,10.597213,0.768117,0.906646,5.447203532342782,True,0.11982849200387426,True,30842b15eefb0ef7e36cbdea86a9efddfacf69a871c8b054165faa9af9f6c8eb
714,40.211103,10.567567,1.490318,0.067473,5.518544620478241,True,0.12139786516175785,True,30842b15eefb0ef7e36cbdea86a9efddfacf69a871c8b054165faa9af9f6c8eb
715,32.383989,9.497826,0.066483,0.706048,8.290006455883205,True,0.18236494495068467,True,30842b15eefb0ef7e36cbdea86a9efddfacf69a871c8b054165faa9af9f6c8eb
716,34.473814,0.572642,0.661387,0.366026,42.69797786009584,True,0.9392772398187905,False,30842b15eefb0ef7e36cbdea86a9efddfacf69a871c8b054165faa9af9f6c8eb
717,34.465185,2.245636,1.477428,0.739125,34.971974945424385,True,0.7693193388544322,False,30842b15eefb0ef7e36cbdea86a9efddfacf69a871c8b054165faa9af9f6c8eb
718,30.945566,12.181794,0.117571,0.331167,2.1275809116349618,True,0.04680287981598451,True,30842b15eefb0ef7e36cbdea86a9efddfacf69a871c8b054165faa9af9f6c8eb
719,35.240567,5.74332,0.936782,0.425834,20.588733641838875,True,0.45291439725401755,False,30842b15eefb0ef7e36cbdea86a9efddfacf69a871c8b054165faa9af9f6c8eb
720,41.738283,4.297361,1.154751,0.371061,0.0,False,0.0,True,30842b15eefb0ef7e36cbdea86a9efddfacf69a871c8b054165faa9af9f6c8eb
721,28.937283,5.935911,0.316075,0.507386,19.872587768258438,True,0.4371605008599474,False,30842b15eefb0ef7e36cbdea86a9efddfacf69a871c8b054165faa9af9f6c8eb
722,29.868953,8.643511,1.417557,0.685068,10.758253697276924,True,0.23666185951846586,False,30842b15eefb0ef7e36cbdea86a9efddfacf69a871c8b054165faa9af9f6c8eb
723,39.903439,8.290567,1.010294,0.64491,11.838888400511305,True,0.2604338419910828,False,30842b15eefb0ef7e36cbdea86a9efddfacf69a871c8b054165faa9af9f6c8eb
724,41.292534,13.070193,0.48122,0.434343,0.0,False,0.0,True,30842b15eefb0ef7e36cbdea86a9efddfacf69a871c8b054165faa9af9f6c8eb
725,36.757927,0.685424,0.828873,0.436858,38.46212763360383,True,0.8460962999142916,False,30842b15eefb0ef7e36cbdea86a9efddfacf69a871c8b054165faa9af9f6c8eb
726,33.448277,5.881173,0.357209,0.585656,20.07526960193476,True,0.4416191296484275,False,30842b15eefb0ef7e36cbdea86a9efddfacf69a871c8b054165faa9af9f6c8eb
727,33.683124,3.042544,1.078157,0.258487,31.476472680904763,True,0.6924246969218282,False,30842b15eefb0ef7e36cbdea86a9efddfacf69a871c8b054165faa9af9f6c8eb
728,32.232213,6.267252,0.386282,0.686345,18.660455531046953,True,0.4104958136985582,False,30842b15eefb0ef7e36cbdea86a9efddfacf69a871c8b054165faa9af9f6c8eb
729,28.867112,12.411426,1.191591,0.581236,1.7375312758230648,True,0.03822250285953581,True,30842b15eefb0ef7e36cbdea86a9efddfacf69a871c8b054165faa9af9f6c8eb
730,31.785562,13.980208,0.241759,0.401425,0.0,False,0.0,True,30842b15eefb0ef7e36cbdea86a9efddfacf69a871c8b054165faa9af9f6c8eb
731,28.326542,3.721737,0.578909,0.791212,28.595720574850475,True,0.6290534315274167,False,30842b15eefb0ef7e36cbdea86a9efddfacf69a871c8b054165faa9af9f6c8eb
732,37.808606,11.986905,0.47136,0.749567,2.4786651498548804,True,0.05452608945601938,True,30842b15eefb0ef7e36cbdea86a9efddfacf69a871c8b054165faa9af9f6c8eb
733,31.886958,7.493105,0.433338,0.972524,14.403968183715946,True,0.3168608949671703,False,30842b15eefb0ef7e36cbdea86a9efddfacf69a871c8b054165faa9af9f6c8eb
734,40.76809,4.772352,0.899857,0.965358,16.00107303543562,True,0.3519942739234235,False,30842b15eefb0ef7e36cbdea86a9efddfacf69a871c8b054165faa9af9f6c8eb
735,33.138749,13.849467,0.678169,0.952513,0.0,False,0.0,True,30842b15eefb0ef7e36cbdea86a9efddfacf69a871c8b054165faa9af9f6c8eb
736,29.446966,1.021634,1.103442,0.057292,40.57434162408725,True,0.8925611356352835,False,30842b15eefb0ef7e36cbdea86a9efddfacf69a871c8b054165faa9af9f6c8eb
737,29.156677,12.164305,0.519989,0.701618,2.1583518448678634,True,0.04747978393843147,True,30842b15eefb0ef7e36cbdea86a9efddfacf69a871c8b054165faa9af9f6c8eb
738,40.487126,8.819064,1.081653,0.94644,10.233726275603704,True,0.22512321779513195,False,30842b15eefb0ef7e36cbdea86a9efddfacf69a871c8b054165faa9af9f6c8eb
739,36.880388,0.659274,1.342208,0.2433,37.534771210327854,True,0.8256961586139951,False,30842b15eefb0ef7e36cbdea86a9efddfacf69a871c8b054165faa9af9f6c8eb
740,36.469406,0.535566,0.583904,0.860676,39.62706597276374,True,0.871722807833483,False,30842b15eefb0ef7e36cbdea86a9efddfacf69a871c8b054165faa9af9f6c8eb
741,38.020664,13.12408,1.279547,0.568872,0.0,False,0.0,True,30842b15eefb0ef7e36cbdea86a9efddfacf69a871c8b054165faa9af9f6c8eb
742,29.800841,11.796224,0.316922,0.391298,2.839047305711765,True,0.062453836239305574,True,30842b15eefb0ef7e36cbdea86a9efddfacf69a871c8b054165faa9af9f6c8eb
743,38.435033,10.761452,0.223989,0.896143,5.057628931550307,True,0.11125856494702788,True,30842b15eefb0ef7e36cbdea86a9efddfacf69a871c8b054165faa9af9f6c8eb
744,38.207231,5.598519,0.821567,0.953773,21.132711769629317,True,0.46488091885527383,False,30842b15eefb0ef7e36cbdea86a9efddfacf69a871c8b054165faa9af9f6c8eb
745,28.132009,11.630447,1.122614,0.121729,3.165345320689118,True,0.0696317944056268,True,30842b15eefb0ef7e36cbdea86a9efddfacf69a871c8b054165faa9af9f6c8eb
746,30.203257,7.055107,0.682142,0.21879,15.882534002625425,True,0.3493866325050507,False,30842b15eefb0ef7e36cbdea86a9efddfacf69a871c8b054165faa9af9f6c8eb
747,37.94053,1.467168,0.194431,0.353763,34.47315839483738,True,0.7583462891623256,False,30842b15eefb0ef7e36cbdea86a9efddfacf69a871c8b054165faa9af9f6c8eb
748,28.118565,1.428024,0.719884,0.062371,38.68358987833496,True,0.8509680633180929,False,30842b15eefb0ef7e36cbdea86a9efddfacf69a871c8b054165faa9af9f6c8eb
749,28.227131,7.238551,0.561159,0.095288,15.257420660022902,True,0.3356352849134278,False,30842b15eefb0ef7e36cbdea86a9efddfacf69a871c8b054165faa9af9f6c8eb
750,38.022413,12.284837,0.518173,0.768625,1.949303912331372,True,0.042881112645236426,True,30842b15eefb0ef7e36cbdea86a9efddfacf69a871c8b054165faa9af9f6c8eb
751,35.878451,5.671751,0.891723,0.083507,20.85700798300692,True,0.4588159409644053,False,30842b15eefb0ef7e36cbdea86a9efddfacf69a871c8b054165faa9af9f6c8eb
752,29.370693,12.380279,1.015675,0.094904,1.7888823320743323,True,0.039352131961305215,True,30842b15eefb0ef7e36cbdea86a9efddfacf69a871c8b054165faa9af9f6c8eb
753,37.176719,13.678877,1.483014,0.242209,0.0,False,0.0,True,30842b15eefb0ef7e36cbdea86a9efddfacf69a871c8b054165faa9af9f6c8eb
754,37.476665,2.372429,1.274364,0.541851,34.407645532247216,True,0.7569051262822487,False,30842b15eefb0ef7e36cbdea86a9efddfacf69a871c8b054165faa9af9f6c8eb
755,35.921983,7.783725,0.242454,0.061464,13.449829645374628,True,0.29587159623188924,False,30842b15eefb0ef7e36cbdea86a9efddfacf69a871c8b054165faa9af9f6c8eb
756,35.583763,6.087886,0.239526,0.480836,19.313467782686732,True,0.4248608861452628,False,30842b15eefb0ef7e36cbdea86a9efddfacf69a871c8b054165faa9af9f6c8eb
757,33.345796,10.028965,0.810733,0.812252,6.867157808496634,True,0.1510648830466721,True,30842b15eefb0ef7e36cbdea86a9efddfacf69a871c8b054165faa9af9f6c8eb
758,40.262695,9.05443,0.348339,0.105839,9.544341832455565,True,0.20995802381203815,False,30842b15eefb0ef7e36cbdea86a9efddfacf69a871c8b054165faa9af9f6c8eb
759,33.880764,9.945713,0.424913,0.947736,7.084238740798591,True,0.15584026560876832,True,30842b15eefb0ef7e36cbdea86a9efddfacf69a871c8b054165faa9af9f6c8eb
760,35.302168,5.357191,1.180751,0.218279,22.049758063136178,True,0.4850542562009793,False,30842b15eefb0ef7e36cbdea86a9efddfacf69a871c8b054165faa9af9f6c8eb
761,38.210486,10.216666,1.09207,0.157033,6.386067142602154,True,0.14048177032305384,True,30842b15eefb0ef7e36cbdea86a9efddfacf69a871c8b054165faa9af9f6c8eb
762,29.850135,0.075749,1.119711,0.224059,44.20680318463674,True,0.9724686310094244,False,30842b15eefb0ef7e36cbdea86a9efddfacf69a871c8b054165faa9af9f6c8eb
763,39.615624,7.183027,0.446345,0.168563,15.445743420046291,True,0.33977804040431814,False,30842b15eefb0ef7e36cbdea86a9efddfacf69a871c8b054165faa9af9f6c8eb
764,34.050483,4.823616,1.099305,0.725766,24.122861527265147,True,0.5306587320388302,False,30842b15eefb0ef7e36cbdea86a9efddfacf69a871c8b054165faa9af9f6c8eb
765,41.311229,7.354687,0.303164,0.317522,0.0,False,0.0,True,30842b15eefb0ef7e36cbdea86a9efddfacf69a871c8b054165faa9af9f6c8eb
766,32.361001,7.522577,1.47707,0.578237,14.306218175287384,True,0.31471057397515795,False,30842b15eefb0ef7e36cbdea86a9efddfacf69a871c8b054165faa9af9f6c8eb
767,32.837425,9.082152,0.532821,0.444007,9.464204320990289,True,0.2081951454663309,False,30842b15eefb0ef7e36cbdea86a9efddfacf69a871c8b054165faa9af9f6c8eb
768,29.652217,10.939927,0.402771,0.36054,4.64535743084662,True,0.1021893476996507,True,30842b15eefb0ef7e36cbdea86a9efddfacf69a871c8b054165faa9af9f6c8eb
769,28.870267,12.695446,0.494063,0.589646,1.2930477011176773,True,0.02844467903466935,True,30842b15eefb0ef7e36cbdea86a9efddfacf69a871c8b054165faa9af9f6c8eb
770,36.817393,10.827731,0.65657,0.15681,4.903164525220313,True,0.10786063116891617,True,30842b15eefb0ef7e36cbdea86a9efddfacf69a871c8b054165faa9af9f6c8eb
771,40.274976,4.004265,1.011941,0.606953,19.77687554517356,True,0.43505500740986763,False,30842b15eefb0ef7e36cbdea86a9efddfacf69a871c8b054165faa9af9f6c8eb
772,31.464105,11.487651,1.13056,0.262808,3.455742773394635,True,0.07602000601418081,True,30842b15eefb0ef7e36cbdea86a9efddfacf69a871c8b054165faa9af9f6c8eb
773,41.606231,4.712644,0.563455,0.620299,0.0,False,0.0,True,30842b15eefb0ef7e36cbdea86a9efddfacf69a871c8b054165faa9af9f6c8eb
774,32.581098,4.797706,0.03871,0.078958,24.225101853839647,True,0.5329078317984891,False,30842b15eefb0ef7e36cbdea86a9efddfacf69a871c8b054165faa9af9f6c8eb
775,34.770945,11.596177,1.235036,0.335193,3.234261899662373,True,0.07114783280650502,True,30842b15eefb0ef7e36cbdea86a9efddfacf69a871c8b054165faa9af9f6c8eb
776,29.837718,10.813074,0.62796,0.509184,4.937185267072849,True,0.10860902512350908,True,30842b15eefb0ef7e36cbdea86a9efddfacf69a871c8b054165faa9af9f6c8eb
777,38.034903,0.190589,0.360374,0.284246,33.87510672830392,True,0.7451902488352835,False,30842b15eefb0ef7e36cbdea86a9efddfacf69a871c8b054165faa9af9f6c8eb
778,41.151551,13.479054,0.437063,0.727525,0.0,False,0.0,True,30842b15eefb0ef7e36cbdea86a9efddfacf69a871c8b054165faa9af9f6c8eb
779,32.853534,13.718034,0.283783,0.998513,0.0,False,0.0,True,30842b15eefb0ef7e36cbdea86a9efddfacf69a871c8b054165faa9af9f6c8eb
780,32.033461,0.508842,0.951534,0.514443,43.00265779250393,True,0.9459796397984369,False,30842b15eefb0ef7e36cbdea86a9efddfacf69a871c8b054165faa9af9f6c8eb
781,28.182856,2.311648,1.463316,0.839262,34.67778730210272,True,0.7628477500004267,False,30842b15eefb0ef7e36cbdea86a9efddfacf69a871c8b054165faa9af9f6c8eb
782,37.779845,8.740382,1.291752,0.864183,10.467735971077389,True,0.23027100211352647,False,30842b15eefb0ef7e36cbdea86a9efddfacf69a871c8b054165faa9af9f6c8eb
783,37.064509,5.895306,1.224318,0.3497,20.022872819419483,True,0.4404664964858549,False,30842b15eefb0ef7e36cbdea86a9efddfacf69a871c8b054165faa9af9f6c8eb
784,39.099515,11.80281,0.287955,0.888507,2.8263300498477926,True,0.06217407992332451,True,30842b15eefb0ef7e36cbdea86a9efddfacf69a871c8b054165faa9af9f6c8eb
785,32.888807,5.564818,0.706631,0.185605,21.259994194774926,True,0.46768089887680875,False,30842b15eefb0ef7e36cbdea86a9efddfacf69a871c8b054165faa9af9f6c8eb
786,35.335353,4.147089,1.27614,0.618783,26.83912142671332,True,0.5904114704318238,False,30842b15eefb0ef7e36cbdea86a9efddfacf69a871c8b054165faa9af9f6c8eb
787,34.289815,8.551229,0.424175,0.376119,11.037463721112577,True,0.24280396820046005,False,30842b15eefb0ef7e36cbdea86a9efddfacf69a871c8b054165faa9af9f6c8eb
788,33.501068,2.630843,1.027108,0.88528,33.26701630826467,True,0.7318133743339619,False,30842b15eefb0ef7e36cbdea86a9efddfacf69a871c8b054165faa9af9f6c8eb
789,31.220298,3.988706,1.113328,0.991169,27.488863104118632,True,0.6047045962409233,False,30842b15eefb0ef7e36cbdea86a9efddfacf69a871c8b054165faa9af9f6c8eb
790,36.39162,1.947549,1.499762,0.888763,36.31069128544539,True,0.7987686442261132,False,30842b15eefb0ef7e36cbdea86a9efddfacf69a871c8b054165faa9af9f6c8eb
791,41.771171,3.296062,0.708924,0.548274,0.0,False,0.0,True,30842b15eefb0ef7e36cbdea86a9efddfacf69a871c8b054165faa9af9f6c8eb
792,30.033593,10.302146,0.014681,0.221223,6.1708657131019535,True,0.13574773337712825,True,30842b15eefb0ef7e36cbdea86a9efddfacf69a871c8b054165faa9af9f6c8eb
793,34.083328,0.007206,0.352266,0.37694,44.81595203241996,True,0.9858687889808243,False,30842b15eefb0ef7e36cbdea86a9efddfacf69a871c8b054165faa9af9f6c8eb
794,38.140007,9.719397,0.368997,0.23137,7.685619553954834,True,0.16906954105858485,True,30842b15eefb0ef7e36cbdea86a9efddfacf69a871c8b054165faa9af9f6c8eb
795,39.774353,11.586224,0.299883,0.579158,0.0,False,0.0,True,30842b15eefb0ef7e36cbdea86a9efddfacf69a871c8b054165faa9af9f6c8eb
796,36.015876,6.063437,0.896601,0.119366,19.403056904871768,True,0.42683168260029564,False,30842b15eefb0ef7e36cbdea86a9efddfacf69a871c8b054165faa9af9f6c8eb
797,39.004159,8.627034,0.303776,0.746166,10.807931759480145,True,0.2377546858180784,False,30842b15eefb0ef7e36cbdea86a9efddfacf69a871c8b054165faa9af9f6c8eb
798,29.095895,11.827631,0.79767,0.564274,2.7785732506768994,True,0.061123517888401105,True,30842b15eefb0ef7e36cbdea86a9efddfacf69a871c8b054165faa9af9f6c8eb
799,32.891638,11.454341,0.315639,0.643872,3.5246970680586722,True,0.07753687409111655,True,30842b15eefb0ef7e36cbdea86a9efddfacf69a871c8b054165faa9af9f6c8eb
800,30.892394,13.09791,0.38382,0.427351,0.0,False,0.0,True,30842b15eefb0ef7e36cbdea86a9efddfacf69a871c8b054165faa9af9f6c8eb
801,38.370744,4.025798,0.319685,0.737762,27.336234697321224,True,0.6013470510868099,False,30842b15eefb0ef7e36cbdea86a9efddfacf69a871c8b054165faa9af9f6c8eb
802,29.738842,2.743968,0.951265,0.535664,32.771734970206495,True,0.7209180928368066,False,30842b15eefb0ef7e36cbdea86a9efddfacf69a871c8b054165faa9af9f6c8eb
803,33.092992,4.194694,0.875676,0.668085,26.64484404476882,True,0.5861377241745663,False,30842b15eefb0ef7e36cbdea86a9efddfacf69a871c8b054165faa9af9f6c8eb
804,33.011308,2.496619,0.631869,0.700518,33.85787611673975,True,0.7448112069676941,False,30842b15eefb0ef7e36cbdea86a9efddfacf69a871c8b054165faa9af9f6c8eb
805,35.994656,11.100744,0.302895,0.484572,4.284018151374878,True,0.09424054595141805,True,30842b15eefb0ef7e36cbdea86a9efddfacf69a871c8b054165faa9af9f6c8eb
806,37.53437,10.932378,0.790657,0.192686,4.662557717501128,True,0.10256772247481862,True,30842b15eefb0ef7e36cbdea86a9efddfacf69a871c8b054165faa9af9f6c8eb
807,38.932442,5.170063,1.265189,0.529317,22.76972905501685,True,0.5008922981855221,False,30842b15eefb0ef7e36cbdea86a9efddfacf69a871c8b054165faa9af9f6c8eb
808,28.498502,13.882583,1.432443,0.319001,0.0,False,0.0,True,30842b15eefb0ef7e36cbdea86a9efddfacf69a871c8b054165faa9af9f6c8eb
809,35.620445,2.21034,0.788887,0.403722,35.129613887843306,True,0.7727871066070023,False,30842b15eefb0ef7e36cbdea86a9efddfacf69a871c8b054165faa9af9f6c8eb
810,40.821257,5.253381,1.219001,0.932131,15.240285684772395,True,0.33525834686942035,False,30842b15eefb0ef7e36cbdea86a9efddfacf69a871c8b054165faa9af9f6c8eb
811,39.478317,5.897917,0.126186,0.88268,20.013197776146427,True,0.440253663269949,False,30842b15eefb0ef7e36cbdea86a9efddfacf69a871c8b054165faa9af9f6c8eb
812,28.812308,6.588337,0.356828,0.262783,17.510355029929727,True,0.3851957110158694,False,30842b15eefb0ef7e36cbdea86a9efddfacf69a871c8b054165faa9af9f6c8eb
813,31.277306,2.6604,1.312956,0.891512,33.13737162260496,True,0.7289614289115667,False,30842b15eefb0ef7e36cbdea86a9efddfacf69a871c8b054165faa9af9f6c8eb
814,29.901902,11.706385,0.01694,0.570203,3.0144094016768994,True,0.06631148088015179,True,30842b15eefb0ef7e36cbdea86a9efddfacf69a871c8b054165faa9af9f6c8eb
815,29.677694,6.633416,0.8223,0.416822,17.3508467315288,True,0.38168682085856215,False,30842b15eefb0ef7e36cbdea86a9efddfacf69a871c8b054165faa9af9f6c8eb
816,30.233538,12.608578,0.518045,0.723695,1.424327154249055,True,0.031332586344617164,True,30842b15eefb0ef7e36cbdea86a9efddfacf69a871c8b054165faa9af9f6c8eb
817,31.246675,13.322414,0.854077,0.854793,0.0,False,0.0,True,30842b15eefb0ef7e36cbdea86a9efddfacf69a871c8b054165faa9af9f6c8eb
818,40.121834,3.000693,0.409103,0.474303,21.512870279633074,True,0.47324370917616304,False,30842b15eefb0ef7e36cbdea86a9efddfacf69a871c8b054165faa9af9f6c8eb
819,39.995115,0.815294,0.593782,0.912637,22.240087750748735,True,0.48924116041977067,False,30842b15eefb0ef7e36cbdea86a9efddfacf69a871c8b054165faa9af9f6c8eb
820,29.952833,2.342242,1.20482,0.741581,34.54172393577416,True,0.7598546053699176,False,30842b15eefb0ef7e36cbdea86a9efddfacf69a871c8b054165faa9af9f6c8eb
821,36.907205,0.538911,1.497918,0.311148,37.286488674102216,True,0.820234397963752,False,30842b15eefb0ef7e36cbdea86a9efddfacf69a871c8b054165faa9af9f6c8eb
822,28.712606,4.60617,1.212163,0.4113,24.985353601252854,True,0.5496319765628493,False,30842b15eefb0ef7e36cbdea86a9efddfacf69a871c8b054165faa9af9f6c8eb
823,40.158433,12.254321,0.920367,0.121562,0.0,False,0.0,True,30842b15eefb0ef7e36cbdea86a9efddfacf69a871c8b054165faa9af9f6c8eb
824,34.435436,8.685349,1.359628,0.802338,10.632455689654718,True,0.2338945339612404,False,30842b15eefb0ef7e36cbdea86a9efddfacf69a871c8b054165faa9af9f6c8eb
825,34.872338,3.152954,1.454302,0.824424,31.001926209394973,True,0.6819855444779831,False,30842b15eefb0ef7e36cbdea86a9efddfacf69a871c8b054165faa9af9f6c8eb
826,30.953341,6.345816,1.018144,0.721962,18.376796347168195,True,0.4042558316517294,False,30842b15eefb0ef7e36cbdea86a9efddfacf69a871c8b054165faa9af9f6c8eb
827,28.064939,8.19703,0.744158,0.496241,12.131009516244713,True,0.2668599710264649,False,30842b15eefb0ef7e36cbdea86a9efddfacf69a871c8b054165faa9af9f6c8eb
828,39.949407,4.551851,1.343742,0.295766,21.813409318727377,True,0.47985501709391126,False,30842b15eefb0ef7e36cbdea86a9efddfacf69a871c8b054165faa9af9f6c8eb
829,37.383197,11.097653,1.409474,0.477364,4.290870993394137,True,0.09439129591334491,True,30842b15eefb0ef7e36cbdea86a9efddfacf69a871c8b054165faa9af9f6c8eb
830,35.37017,7.358482,1.384948,0.19351,14.85328404765071,True,0.32674502029662433,False,30842b15eefb0ef7e36cbdea86a9efddfacf69a871c8b054165faa9af9f6c8eb
831,38.567868,6.311595,0.904609,0.648491,18.500174893341537,True,0.4069699334923896,False,30842b15eefb0ef7e36cbdea86a9efddfacf69a871c8b054165faa9af9f6c8eb
832,35.909072,12.625975,0.808641,0.622913,1.3976982047699427,True,0.030746798271749434,True,30842b15eefb0ef7e36cbdea86a9efddfacf69a871c8b054165faa9af9f6c8eb
833,29.106192,5.274749,0.808867,0.424502,22.366001472370794,True,0.4920110314728682,False,30842b15eefb0ef7e36cbdea86a9efddfacf69a871c8b054165faa9af9f6c8eb
834,38.942639,4.116527,0.506909,0.11476,26.96409357566566,True,0.5931606286122604,False,30842b15eefb0ef7e36cbdea86a9efddfacf69a871c8b054165faa9af9f6c8eb
835,41.655798,1.619333,0.955722,0.084349,0.0,False,0.0,True,30842b15eefb0ef7e36cbdea86a9efddfacf69a871c8b054165faa9af9f6c8eb
836,36.264545,5.250172,1.04379,0.543608,22.460567712920714,True,0.49409131540797185,False,30842b15eefb0ef7e36cbdea86a9efddfacf69a871c8b054165faa9af9f6c8eb
837,33.477219,8.693672,0.80187,0.973236,10.607489062528392,True,0.23334531393279695,False,30842b15eefb0ef7e36cbdea86a9efddfacf69a871c8b054165faa9af9f6c8eb
838,39.689233,8.042328,0.139562,0.838712,12.619331221658474,True,0.2776021533637062,False,30842b15eefb0ef7e36cbdea86a9efddfacf69a871c8b054165faa9af9f6c8eb
839,28.971211,3.716962,0.587212,0.886027,28.61565007411051,True,0.6294918439767666,False,30842b15eefb0ef7e36cbdea86a9efddfacf69a871c8b054165faa9af9f6c8eb
840,31.367842,7.449531,0.291804,0.195826,14.548896317427465,True,0.3200490482293852,False,30842b15eefb0ef7e36cbdea86a9efddfacf69a871c8b054165faa9af9f6c8eb
841,38.707882,12.583566,0.461498,0.430984,0.0,False,0.0,True,30842b15eefb0ef7e36cbdea86a9efddfacf69a871c8b054165faa9af9f6c8eb
842,28.433485,12.496948,1.369389,0.987938,1.5991251884941489,True,0.03517782266164948,True,30842b15eefb0ef7e36cbdea86a9efddfacf69a871c8b054165faa9af9f6c8eb
843,33.955894,5.218202,0.421233,0.654784,22.583779254499657,True,0.49680174345370476,False,30842b15eefb0ef7e36cbdea86a9efddfacf69a871c8b054165faa9af9f6c8eb
844,41.426789,9.367903,1.09446,0.690806,0.0,False,0.0,True,30842b15eefb0ef7e36cbdea86a9efddfacf69a871c8b054165faa9af9f6c8eb
845,32.602352,7.965509,0.657203,0.645845,12.864189270726424,True,0.28298858157418355,False,30842b15eefb0ef7e36cbdea86a9efddfacf69a871c8b054165faa9af9f6c8eb
846,33.932289,5.765297,1.323918,0.697167,20.506586088772632,True,0.45110730167785823,False,30842b15eefb0ef7e36cbdea86a9efddfacf69a871c8b054165faa9af9f6c8eb
847,32.020713,7.714924,0.114804,0.222468,13.673738048995185,True,0.3007971706470069,False,30842b15eefb0ef7e36cbdea86a9efddfacf69a871c8b054165faa9af9f6c8eb
848,38.491797,0.170825,0.36154,0.948769,31.639870651062992,True,0.6960191527273254,False,30842b15eefb0ef7e36cbdea86a9efddfacf69a871c8b054165faa9af9f6c8eb
849,30.041643,4.111752,0.831981,0.540693,26.98363666999185,True,0.5935905408614157,False,30842b15eefb0ef7e36cbdea86a9efddfacf69a871c8b054165faa9af9f6c8eb
850,38.429865,13.53223,0.954633,0.911009,0.0,False,0.0,True,30842b15eefb0ef7e36cbdea86a9efddfacf69a871c8b054165faa9af9f6c8eb
851,40.472203,7.173297,0.213171,0.430745,15.47882423853925,True,0.3405057577680496,False,30842b15eefb0ef7e36cbdea86a9efddfacf69a871c8b054165faa9af9f6c8eb
852,34.708004,0.270739,0.332845,0.13088,43.954884731095774,True,0.966926886843537,False,30842b15eefb0ef7e36cbdea86a9efddfacf69a871c8b054165faa9af9f6c8eb
853,33.082082,11.745058,1.499637,0.60485,2.9384920425415983,True,0.06464143814940274,True,30842b15eefb0ef7e36cbdea86a9efddfacf69a871c8b054165faa9af9f6c8eb
854,40.10218,0.739076,0.092625,0.06282,21.972299003519947,True,0.4833502988858651,False,30842b15eefb0ef7e36cbdea86a9efddfacf69a871c8b054165faa9af9f6c8eb
855,31.738098,2.612512,0.852139,0.838032,33.34750557659907,True,0.7335839906859559,False,30842b15eefb0ef7e36cbdea86a9efddfacf69a871c8b054165faa9af9f6c8eb
856,34.488456,11.251176,0.455144,0.080598,3.954957822606457,True,0.08700182194551329,True,30842b15eefb0ef7e36cbdea86a9efddfacf69a871c8b054165faa9af9f6c8eb
857,40.600527,1.160325,0.540966,0.141591,17.722869044671118,True,0.38987062976361775,False,30842b15eefb0ef7e36cbdea86a9efddfacf69a871c8b054165faa9af9f6c8eb
858,32.794997,10.085611,1.147447,0.372917,6.7207451737624915,True,0.1478440734833179,True,30842b15eefb0ef7e36cbdea86a9efddfacf69a871c8b054165faa9af9f6c8eb
859,41.745676,8.240443,1.365632,0.687437,0.0,False,0.0,True,30842b15eefb0ef7e36cbdea86a9efddfacf69a871c8b054165faa9af9f6c8eb
860,34.584525,7.476994,0.153719,0.738476,14.457497382694763,True,0.3180384392160169,False,30842b15eefb0ef7e36cbdea86a9efddfacf69a871c8b054165faa9af9f6c8eb
861,35.04298,7.275984,1.168582,0.685907,15.130893087940937,True,0.3328519102755111,False,30842b15eefb0ef7e36cbdea86a9efddfacf69a871c8b054165faa9af9f6c8eb
862,31.385297,4.663322,0.347067,0.907591,24.757684675099924,True,0.5446236775457364,False,30842b15eefb0ef7e36cbdea86a9efddfacf69a871c8b054165faa9af9f6c8eb
863,37.584164,11.232547,0.294557,0.166398,3.9952304613139304,True,0.08788774617005898,True,30842b15eefb0ef7e36cbdea86a9efddfacf69a871c8b054165faa9af9f6c8eb
864,40.234217,10.235067,0.768828,0.289217,6.339533970235533,True,0.13945812583469555,True,30842b15eefb0ef7e36cbdea86a9efddfacf69a871c8b054165faa9af9f6c8eb
865,28.989412,3.378786,0.672621,0.50826,30.03880794674568,True,0.6607987082693827,False,30842b15eefb0ef7e36cbdea86a9efddfacf69a871c8b054165faa9af9f6c8eb
866,35.049249,8.771012,0.876054,0.16854,10.376429103292688,True,0.22826241840423883,False,30842b15eefb0ef7e36cbdea86a9efddfacf69a871c8b054165faa9af9f6c8eb
867,35.818047,5.551669,0.70087,0.691946,21.30972458181558,True,0.468774876226924,False,30842b15eefb0ef7e36cbdea86a9efddfacf69a871c8b054165faa9af9f6c8eb
868,38.123331,10.897464,1.20042,0.352463,4.742383813006685,True,0.10432375024029375,True,30842b15eefb0ef7e36cbdea86a9efddfacf69a871c8b054165faa9af9f6c8eb
869,36.947597,0.202032,0.450701,0.666639,38.19296729558507,True,0.8401752658973803,False,30842b15eefb0ef7e36cbdea86a9efddfacf69a871c8b054165faa9af9f6c8eb
870,37.854808,13.590388,0.732789,0.884322,0.0,False,0.0,True,30842b15eefb0ef7e36cbdea86a9efddfacf69a871c8b054165faa9af9f6c8eb
871,32.187334,11.963508,0.966246,0.668721,2.52200253008396,True,0.05547943237581581,True,30842b15eefb0ef7e36cbdea86a9efddfacf69a871c8b054165faa9af9f6c8eb
872,29.985339,12.993669,0.286767,0.569391,0.0,False,0.0,True,30842b15eefb0ef7e36cbdea86a9efddfacf69a871c8b054165faa9af9f6c8eb
873,35.34586,3.46859,1.386294,0.828129,29.658640263302015,True,0.652435716149632,False,30842b15eefb0ef7e36cbdea86a9efddfacf69a871c8b054165faa9af9f6c8eb
874,41.750215,8.392134,1.102479,0.171475,0.0,False,0.0,True,30842b15eefb0ef7e36cbdea86a9efddfacf69a871c8b054165faa9af9f6c8eb
875,31.586878,6.057928,0.928085,0.460359,19.42326275231367,True,0.4272761742030506,False,30842b15eefb0ef7e36cbdea86a9efddfacf69a871c8b054165faa9af9f6c8eb
876,30.556585,1.343971,0.91793,0.061883,39.07218038696647,True,0.8595163421514167,False,30842b15eefb0ef7e36cbdea86a9efddfacf69a871c8b054165faa9af9f6c8eb
877,30.24178,0.767138,0.95538,0.933571,41.77362180174341,True,0.9189431010466014,False,30842b15eefb0ef7e36cbdea86a9efddfacf69a871c8b054165faa9af9f6c8eb
878,32.559846,3.268265,0.893386,0.55307,30.508887075263253,True,0.6711395873568453,False,30842b15eefb0ef7e36cbdea86a9efddfacf69a871c8b054165faa9af9f6c8eb
879,40.328613,7.061654,0.337266,0.518503,15.860080429928864,True,0.3488926950671795,False,30842b15eefb0ef7e36cbdea86a9efddfacf69a871c8b054165faa9af9f6c8eb
880,40.846474,4.270607,0.000752,0.063015,16.24749829950168,True,0.35741517799087114,False,30842b15eefb0ef7e36cbdea86a9efddfacf69a871c8b054165faa9af9f6c8eb
881,32.022225,4.888195,0.751244,0.305479,23.868662340209944,True,0.5250668159166259,False,30842b15eefb0ef7e36cbdea86a9efddfacf69a871c8b054165faa9af9f6c8eb
882,35.01979,5.383057,0.869235,0.226765,21.95084714691992,True,0.4828783973657912,False,30842b15eefb0ef7e36cbdea86a9efddfacf69a871c8b054165faa9af9f6c8eb
883,41.984354,7.909589,0.635778,0.890744,0.0,False,0.0,True,30842b15eefb0ef7e36cbdea86a9efddfacf69a871c8b054165faa9af9f6c8eb
884,34.272434,12.836781,0.893509,0.226431,1.0887136959629888,True,0.023949705502393896,True,30842b15eefb0ef7e36cbdea86a9efddfacf69a871c8b054165faa9af9f6c8eb
885,36.205367,2.717794,1.472071,0.581936,32.88610909151741,True,0.7234341138372301,False,30842b15eefb0ef7e36cbdea86a9efddfacf69a871c8b054165faa9af9f6c8eb
886,37.888141,4.800692,0.739899,0.655413,24.21331181227532,True,0.5326484724973491,False,30842b15eefb0ef7e36cbdea86a9efddfacf69a871c8b054165faa9af9f6c8eb
887,41.165463,2.516695,0.835371,0.723992,12.654842840239354,True,0.2783833438732764,False,30842b15eefb0ef7e36cbdea86a9efddfacf69a871c8b054165faa9af9f6c8eb
888,38.610977,9.438625,1.079994,0.667529,8.454056038875748,True,0.18597373504401285,True,30842b15eefb0ef7e36cbdea86a9efddfacf69a871c8b054165faa9af9f6c8eb
889,29.623697,4.184559,1.446232,0.548571,26.686165844989407,True,0.5870467280290981,False,30842b15eefb0ef7e36cbdea86a9efddfacf69a871c8b054165faa9af9f6c8eb
890,28.374405,8.803361,0.76094,0.833685,10.280287913194883,True,0.22614748846624863,False,30842b15eefb0ef7e36cbdea86a9efddfacf69a871c8b054165faa9af9f6c8eb
891,29.315296,9.967638,1.40921,0.836279,7.026850688936277,True,0.15457783367045894,True,30842b15eefb0ef7e36cbdea86a9efddfacf69a871c8b054165faa9af9f6c8eb
892,40.75826,9.174833,0.558249,0.442441,9.197927431110202,True,0.20233754202258927,False,30842b15eefb0ef7e36cbdea86a9efddfacf69a871c8b054165faa9af9f6c8eb
893,29.468629,7.508819,0.449513,0.112982,14.35182182655025,True,0.31571377070321366,False,30842b15eefb0ef7e36cbdea86a9efddfacf69a871c8b054165faa9af9f6c8eb
894,32.366087,4.685052,0.170569,0.87764,24.67130416435864,True,0.5427234646605019,False,30842b15eefb0ef7e36cbdea86a9efddfacf69a871c8b054165faa9af9f6c8eb
895,31.796901,0.337293,1.022533,0.053856,43.825470541810965,True,0.9640800119188483,False,30842b15eefb0ef7e36cbdea86a9efddfacf69a871c8b054165faa9af9f6c8eb
896,32.427444,8.989543,0.168445,0.378634,9.73279249825551,True,0.2141035929955383,False,30842b15eefb0ef7e36cbdea86a9efddfacf69a871c8b054165faa9af9f6c8eb
897,38.112988,2.869572,0.419328,0.10161,32.224727409872344,True,0.7088849292730857,False,30842b15eefb0ef7e36cbdea86a9efddfacf69a871c8b054165faa9af9f6c8eb
898,29.332214,7.236987,0.72399,0.082655,15.262714788348518,True,0.3357517460314982,False,30842b15eefb0ef7e36cbdea86a9efddfacf69a871c8b054165faa9af9f6c8eb
899,32.98172,3.199471,0.451073,0.778353,30.802714914834734,True,0.677603261187932,False,30842b15eefb0ef7e36cbdea86a9efddfacf69a871c8b054165faa9af9f6c8eb
900,28.465168,11.391282,1.473051,0.425425,3.656471204143856,True,0.08043566351920492,True,30842b15eefb0ef7e36cbdea86a9efddfacf69a871c8b054165faa9af9f6c8eb
901,38.613235,4.579858,0.994449,0.286535,25.090402568788484,True,0.5519428612749072,False,30842b15eefb0ef7e36cbdea86a9efddfacf69a871c8b054165faa9af9f6c8eb
902,37.296576,12.316648,0.897118,0.503786,1.8953257558085008,True,0.04169369215344091,True,30842b15eefb0ef7e36cbdea86a9efddfacf69a871c8b054165faa9af9f6c8eb
903,39.382894,6.20338,0.044893,0.14525,18.89213354230806,True,0.4155923052386742,False,30842b15eefb0ef7e36cbdea86a9efddfacf69a871c8b054165faa9af9f6c8eb
904,37.579544,13.958816,1.278387,0.995117,0.0,False,0.0,True,30842b15eefb0ef7e36cbdea86a9efddfacf69a871c8b054165faa9af9f6c8eb
905,41.810935,3.861404,0.993753,0.478595,0.0,False,0.0,True,30842b15eefb0ef7e36cbdea86a9efddfacf69a871c8b054165faa9af9f6c8eb
906,40.676694,1.080407,0.535554,0.551734,17.11418590210772,True,0.3764807164533322,False,30842b15eefb0ef7e36cbdea86a9efddfacf69a871c8b054165faa9af9f6c8eb
907,39.335913,5.60975,1.120417,0.32209,21.090350997275486,True,0.4639490595184343,False,30842b15eefb0ef7e36cbdea86a9efddfacf69a871c8b054165faa9af9f6c8eb
908,31.394231,5.172877,0.615803,0.726536,22.758845243664283,True,0.5006528742877571,False,30842b15eefb0ef7e36cbdea86a9efddfacf69a871c8b054165faa9af9f6c8eb
909,28.219415,6.992019,0.295707,0.463177,16.099442188722964,True,0.3541582149673247,False,30842b15eefb0ef7e36cbdea86a9efddfacf69a871c8b054165faa9af9f6c8eb
910,36.054855,5.542096,0.846177,0.257844,21.345954655760668,True,0.4695718714374484,False,30842b15eefb0ef7e36cbdea86a9efddfacf69a871c8b054165faa9af9f6c8eb
911,31.495114,6.235366,0.442669,0.852577,18.775994064547465,True,0.41303744963257494,False,30842b15eefb0ef7e36cbdea86a9efddfacf69a871c8b054165faa9af9f6c8eb
912,31.064279,2.981034,1.266933,0.742746,31.7418854388534,True,0.6982632910471878,False,30842b15eefb0ef7e36cbdea86a9efddfacf69a871c8b054165faa9af9f6c8eb
913,33.719367,11.553581,1.391336,0.603021,3.3206088181490294,True,0.07304730672371836,True,30842b15eefb0ef7e36cbdea86a9efddfacf69a871c8b054165faa9af9f6c8eb
914,30.957727,3.374562,0.32743,0.840879,30.05672913812675,True,0.6611929416269865,False,30842b15eefb0ef7e36cbdea86a9efddfacf69a871c8b054165faa9af9f6c8eb
915,40.774435,5.714797,0.147369,0.876102,16.701089523409983,True,0.3673933534022362,False,30842b15eefb0ef7e36cbdea86a9efddfacf69a871c8b054165faa9af9f6c8eb
916,37.10145,3.623601,0.492344,0.629843,29.006240940028203,True,0.6380841270033704,False,30842b15eefb0ef7e36cbdea86a9efddfacf69a871c8b054165faa9af9f6c8eb
917,39.0654,13.987026,1.223164,0.285227,0.0,False,0.0,True,30842b15eefb0ef7e36cbdea86a9efddfacf69a871c8b054165faa9af9f6c8eb
918,35.478601,0.776491,1.328925,0.881742,41.48292501346315,True,0.9125483046041393,False,30842b15eefb0ef7e36cbdea86a9efddfacf69a871c8b054165faa9af9f6c8eb
919,29.60669,6.24835,0.242114,0.479603,18.728918008552437,True,0.41200186269959543,False,30842b15eefb0ef7e36cbdea86a9efddfacf69a871c8b054165faa9af9f6c8eb
920,29.81449,7.924256,1.425178,0.345947,12.996327757416513,True,0.2858953860476594,False,30842b15eefb0ef7e36cbdea86a9efddfacf69a871c8b054165faa9af9f6c8eb
921,29.058657,4.615305,1.058579,0.354504,24.948917071949616,True,0.5488304397129156,False,30842b15eefb0ef7e36cbdea86a9efddfacf69a871c8b054165faa9af9f6c8eb
922,35.496835,13.494614,1.440181,0.223542,0.0,False,0.0,True,30842b15eefb0ef7e36cbdea86a9efddfacf69a871c8b054165faa9af9f6c8eb
923,41.157564,1.556263,0.87004,0.423895,12.69047886827886,True,0.2791672711628714,False,30842b15eefb0ef7e36cbdea86a9efddfacf69a871c8b054165faa9af9f6c8eb
924,40.142854,6.270139,0.816317,0.797126,18.65000626259228,True,0.4102659489479513,False,30842b15eefb0ef7e36cbdea86a9efddfacf69a871c8b054165faa9af9f6c8eb
925,38.180862,0.264322,0.519452,0.722975,33.02819729238909,True,0.7265597937830782,False,30842b15eefb0ef7e36cbdea86a9efddfacf69a871c8b054165faa9af9f6c8eb
926,39.628286,3.96067,0.437594,0.776064,24.908180978703527,True,0.5479343203381162,False,30842b15eefb0ef7e36cbdea86a9efddfacf69a871c8b054165faa9af9f6c8eb
927,35.063348,8.4155,0.190398,0.674,11.45243665389639,True,0.2519326120013872,False,30842b15eefb0ef7e36cbdea86a9efddfacf69a871c8b054165faa9af9f6c8eb
928,38.251043,7.126324,0.230375,0.550493,15.638858176658303,True,0.34402621103556313,False,30842b15eefb0ef7e36cbdea86a9efddfacf69a871c8b054165faa9af9f6c8eb
929,32.421152,12.0772,0.342082,0.721252,2.313782998274154,True,0.05089898437999973,True,30842b15eefb0ef7e36cbdea86a9efddfacf69a871c8b054165faa9af9f6c8eb
930,32.134308,6.656546,0.553516,0.826789,17.26919221684136,True,0.37989057122290815,False,30842b15eefb0ef7e36cbdea86a9efddfacf69a871c8b054165faa9af9f6c8eb
931,31.881048,7.877923,0.62594,0.149473,13.145273812283069,True,0.2891719262097101,False,30842b15eefb0ef7e36cbdea86a9efddfacf69a871c8b054165faa9af9f6c8eb
932,36.335505,7.086488,1.346459,0.435259,15.775006136541707,True,0.34702121656920354,False,30842b15eefb0ef7e36cbdea86a9efddfacf69a871c8b054165faa9af9f6c8eb
933,35.444919,11.158037,0.9467,0.637235,4.157661084882178,True,0.09146092212389761,True,30842b15eefb0ef7e36cbdea86a9efddfacf69a871c8b054165faa9af9f6c8eb
934,32.501628,1.80065,1.292474,0.051822,36.97655889562086,True,0.8134165109944096,False,30842b15eefb0ef7e36cbdea86a9efddfacf69a871c8b054165faa9af9f6c8eb
935,41.861713,7.943648,0.488214,0.755089,0.0,False,0.0,True,30842b15eefb0ef7e36cbdea86a9efddfacf69a871c8b054165faa9af9f6c8eb
936,29.872789,7.734766,0.044355,0.751553,13.609037145796464,True,0.29937386938507354,False,30842b15eefb0ef7e36cbdea86a9efddfacf69a871c8b054165faa9af9f6c8eb
937,30.954526,0.783728,0.328091,0.513277,41.69508922924014,True,0.9172155284159154,False,30842b15eefb0ef7e36cbdea86a9efddfacf69a871c8b054165faa9af9f6c8eb
938,29.884644,9.754063,0.262071,0.934397,7.592447092909397,True,0.1670199177175303,True,30842b15eefb0ef7e36cbdea86a9efddfacf69a871c8b054165faa9af9f6c8eb
939,36.492577,6.636713,0.00368,0.758744,17.339199676308247,True,0.3814306069948653,False,30842b15eefb0ef7e36cbdea86a9efddfacf69a871c8b054165faa9af9f6c8eb
940,35.602647,6.485413,0.320657,0.454424,17.876361588720734,True,0.39324718435316014,False,30842b15eefb0ef7e36cbdea86a9efddfacf69a871c8b054165faa9af9f6c8eb
941,41.388687,3.683235,0.786099,0.520531,10.637745682321137,True,0.23401090410238987,False,30842b15eefb0ef7e36cbdea86a9efddfacf69a871c8b054165faa9af9f6c8eb
942,39.195491,12.224094,0.802727,0.97598,0.0,False,0.0,True,30842b15eefb0ef7e36cbdea86a9efddfacf69a871c8b054165faa9af9f6c8eb
943,37.416572,1.898502,0.081181,0.824443,36.53256413595656,True,0.8036494402043609,False,30842b15eefb0ef7e36cbdea86a9efddfacf69a871c8b054165faa9af9f6c8eb
944,39.409721,8.263213,1.488527,0.301398,11.924070727587303,True,0.26230769703216805,False,30842b15eefb0ef7e36cbdea86a9efddfacf69a871c8b054165faa9af9f6c8eb
945,32.937817,0.434346,0.894765,0.294892,43.359329651801644,True,0.9538257668590648,False,30842b15eefb0ef7e36cbdea86a9efddfacf69a871c8b054165faa9af9f6c8eb
946,28.033233,3.298517,0.066204,0.474781,30.37997444699515,True,0.6683037458550722,False,30842b15eefb0ef7e36cbdea86a9efddfacf69a871c8b054165faa9af9f6c8eb
947,32.921937,8.521259,0.792104,0.229901,11.128653249461676,True,0.24480997065726884,False,30842b15eefb0ef7e36cbdea86a9efddfacf69a871c8b054165faa9af9f6c8eb
948,37.945504,5.155456,1.344407,0.690051,22.82625294838451,True,0.5021357202211076,False,30842b15eefb0ef7e36cbdea86a9efddfacf69a871c8b054165faa9af9f6c8eb
949,41.421369,8.649088,0.549792,0.725237,0.0,False,0.0,True,30842b15eefb0ef7e36cbdea86a9efddfacf69a871c8b054165faa9af9f6c8eb
950,33.725808,6.319565,1.098964,0.576727,18.47141570812563,True,0.4063372841384191,False,30842b15eefb0ef7e36cbdea86a9efddfacf69a871c8b054165faa9af9f6c8eb
951,35.817591,5.436749,1.301756,0.540017,21.746004134867558,True,0.4783722266148685,False,30842b15eefb0ef7e36cbdea86a9efddfacf69a871c8b054165faa9af9f6c8eb
952,35.862387,0.038527,1.220041,0.168761,40.68303877593169,True,0.8949522737143546,False,30842b15eefb0ef7e36cbdea86a9efddfacf69a871c8b054165faa9af9f6c8eb
953,36.890694,7.950271,0.651884,0.154077,12.912946045393246,True,0.28406114123688175,False,30842b15eefb0ef7e36cbdea86a9efddfacf69a871c8b054165faa9af9f6c8eb
954,39.26814,13.114296,1.032268,0.954454,0.0,False,0.0,True,30842b15eefb0ef7e36cbdea86a9efddfacf69a871c8b054165faa9af9f6c8eb
955,30.866118,2.017394,1.065864,0.733831,35.995513598713636,True,0.7918353128956256,False,30842b15eefb0ef7e36cbdea86a9efddfacf69a871c8b054165faa9af9f6c8eb
956,29.502905,0.371111,0.574755,0.515807,43.662855739512736,True,0.9605027843705829,False,30842b15eefb0ef7e36cbdea86a9efddfacf69a871c8b054165faa9af9f6c8eb
957,41.098434,7.287383,0.338699,0.442734,13.728176038774356,True,0.3019947066274836,False,30842b15eefb0ef7e36cbdea86a9efddfacf69a871c8b054165faa9af9f6c8eb
958,32.61507,1.650996,1.296617,0.722213,37.65904931941884,True,0.8284300491897822,False,30842b15eefb0ef7e36cbdea86a9efddfacf69a871c8b054165faa9af9f6c8eb
959,28.015813,7.205657,0.843273,0.478744,15.368895471439396,True,0.33808752641113254,False,30842b15eefb0ef7e36cbdea86a9efddfacf69a871c8b054165faa9af9f6c8eb
960,33.928202,10.267306,0.816969,0.903042,6.25828069804322,True,0.13767070279838434,True,30842b15eefb0ef7e36cbdea86a9efddfacf69a871c8b054165faa9af9f6c8eb
961,30.111863,9.685558,0.495602,0.693447,7.776933904350097,True,0.17107828937158787,True,30842b15eefb0ef7e36cbdea86a9efddfacf69a871c8b054165faa9af9f6c8eb
962,33.007783,4.068626,1.378896,0.572583,27.160356177743825,True,0.5974780460731915,False,30842b15eefb0ef7e36cbdea86a9efddfacf69a871c8b054165faa9af9f6c8eb
963,39.265066,9.489263,1.455241,0.489807,8.313668713893698,True,0.18288547124972393,True,30842b15eefb0ef7e36cbdea86a9efddfacf69a871c8b054165faa9af9f6c8eb
964,40.287547,5.144824,1.25993,0.469508,19.434337543767988,True,0.4275197993129531,False,30842b15eefb0ef7e36cbdea86a9efddfacf69a871c8b054165faa9af9f6c8eb
965,35.035234,4.222711,0.284802,0.216288,26.530725971462086,True,0.5836273357608527,False,30842b15eefb0ef7e36cbdea86a9efddfacf69a871c8b054165faa9af9f6c8eb
966,30.394686,9.071719,0.857516,0.561872,9.494337133153243,True,0.20885801209503013,False,30842b15eefb0ef7e36cbdea86a9efddfacf69a871c8b054165faa9af9f6c8eb
967,40.81494,11.968198,0.436415,0.174618,0.0,False,0.0,True,30842b15eefb0ef7e36cbdea86a9efddfacf69a871c8b054165faa9af9f6c8eb
968,32.060085,12.750803,1.276266,0.829969,1.2116239635303536,True,0.026653506072161774,True,30842b15eefb0ef7e36cbdea86a9efddfacf69a871c8b054165faa9af9f6c8eb
969,32.966658,5.418621,0.752071,0.576311,21.81509357086159,True,0.47989206755332564,False,30842b15eefb0ef7e36cbdea86a9efddfacf69a871c8b054165faa9af9f6c8eb
970,34.618289,3.584796,1.093055,0.480575,29.169106526817178,True,0.6416668713506989,False,30842b15eefb0ef7e36cbdea86a9efddfacf69a871c8b054165faa9af9f6c8eb
971,37.115526,7.093935,0.340864,0.101447,15.749524551436549,True,0.3464606684092367,False,30842b15eefb0ef7e36cbdea86a9efddfacf69a871c8b054165faa9af9f6c8eb
972,36.391089,13.727364,1.012357,0.251106,0.0,False,0.0,True,30842b15eefb0ef7e36cbdea86a9efddfacf69a871c8b054165faa9af9f6c8eb
973,32.04665,5.009863,1.065536,0.832919,23.39219202052111,True,0.514585342339603,False,30842b15eefb0ef7e36cbdea86a9efddfacf69a871c8b054165faa9af9f6c8eb
974,36.717123,7.990503,1.379349,0.898532,12.78434963234918,True,0.28123225589035783,False,30842b15eefb0ef7e36cbdea86a9efddfacf69a871c8b054165faa9af9f6c8eb
975,29.410711,7.263601,0.539404,0.869844,15.1727100808472,True,0.33377180746135005,False,30842b15eefb0ef7e36cbdea86a9efddfacf69a871c8b054165faa9af9f6c8eb
976,29.59322,8.980201,0.654584,0.248376,9.760025378271092,True,0.21470266643309466,False,30842b15eefb0ef7e36cbdea86a9efddfacf69a871c8b054165faa9af9f6c8eb
977,36.277462,8.011431,0.721782,0.741778,12.717625795544668,True,0.27976445379749965,False,30842b15eefb0ef7e36cbdea86a9efddfacf69a871c8b054165faa9af9f6c8eb
978,39.759509,5.094072,1.180047,0.051123,23.06429716702861,True,0.5073722566532418,False,30842b15eefb0ef7e36cbdea86a9efddfacf69a871c8b054165faa9af9f6c8eb
979,28.782956,6.198315,0.617489,0.939704,18.91054617409899,True,0.41599734938439586,False,30842b15eefb0ef7e36cbdea86a9efddfacf69a871c8b054165faa9af9f6c8eb
980,40.432099,3.765095,0.49047,0.260721,19.099674935878884,True,0.4201578354363825,False,30842b15eefb0ef7e36cbdea86a9efddfacf69a871c8b054165faa9af9f6c8eb
981,28.981014,3.674867,0.511668,0.643623,28.791542800075764,True,0.6333611615048749,False,30842b15eefb0ef7e36cbdea86a9efddfacf69a871c8b054165faa9af9f6c8eb
982,31.414263,1.038253,1.462274,0.819729,40.496432462851395,True,0.8908472769096552,False,30842b15eefb0ef7e36cbdea86a9efddfacf69a871c8b054165faa9af9f6c8eb
983,28.520592,2.491605,0.235568,0.699,33.88001507157529,True,0.7452982233893742,False,30842b15eefb0ef7e36cbdea86a9efddfacf69a871c8b054165faa9af9f6c8eb
984,33.698178,13.010038,0.945174,0.917948,0.0,False,0.0,True,30842b15eefb0ef7e36cbdea86a9efddfacf69a871c8b054165faa9af9f6c8eb
985,38.783172,5.083923,0.250784,0.907452,23.10373374689996,True,0.5082397891160395,False,30842b15eefb0ef7e36cbdea86a9efddfacf69a871c8b054165faa9af9f6c8eb
986,38.984124,11.389223,0.522075,0.771611,3.6608010088020357,True,0.0805309112843711,True,30842b15eefb0ef7e36cbdea86a9efddfacf69a871c8b054165faa9af9f6c8eb
987,41.798533,13.94357,0.5669,0.069952,0.0,False,0.0,True,30842b15eefb0ef7e36cbdea86a9efddfacf69a871c8b054165faa9af9f6c8eb
988,41.363162,4.377364,0.290372,0.68448,11.384598122714836,True,0.25044028867567014,False,30842b15eefb0ef7e36cbdea86a9efddfacf69a871c8b054165faa9af9f6c8eb
989,34.308519,7.919426,0.083503,0.867581,13.011828263241982,True,0.28623636876059366,False,30842b15eefb0ef7e36cbdea86a9efddfacf69a871c8b054165faa9af9f6c8eb
990,37.789346,8.148094,0.320333,0.386238,12.284782376907742,True,0.2702426920676314,False,30842b15eefb0ef7e36cbdea86a9efddfacf69a871c8b054165faa9af9f6c8eb
991,36.857109,5.331954,1.35096,0.343003,22.14640646233781,True,0.48718034380944786,False,30842b15eefb0ef7e36cbdea86a9efddfacf69a871c8b054165faa9af9f6c8eb
992,28.887999,7.987639,0.665529,0.397929,12.79348984976122,True,0.2814333239177538,False,30842b15eefb0ef7e36cbdea86a9efddfacf69a871c8b054165faa9af9f6c8eb
993,40.894181,12.020757,0.730789,0.348892,0.0,False,0.0,True,30842b15eefb0ef7e36cbdea86a9efddfacf69a871c8b054165faa9af9f6c8eb
994,34.429025,8.653139,0.625646,0.954968,10.729260664461279,True,0.23602406594598604,False,30842b15eefb0ef7e36cbdea86a9efddfacf69a871c8b054165faa9af9f6c8eb
995,29.263393,0.193488,1.116168,0.523837,43.61943580565914,True,0.9595476254223827,False,30842b15eefb0ef7e36cbdea86a9efddfacf69a871c8b054165faa9af9f6c8eb
996,30.754189,5.130321,0.800065,0.865015,22.92362574053522,True,0.5042777431465127,False,30842b15eefb0ef7e36cbdea86a9efddfacf69a871c8b054165faa9af9f6c8eb
997,31.956913,9.404172,0.533378,0.697365,8.550019504903512,True,0.18808475537826244,True,30842b15eefb0ef7e36cbdea86a9efddfacf69a871c8b054165faa9af9f6c8eb
998,39.521148,13.344987,1.110032,0.839543,0.0,False,0.0,True,30842b15eefb0ef7e36cbdea86a9efddfacf69a871c8b054165faa9af9f6c8eb
999,33.351026,0.879174,1.49301,0.39983,41.2442318613648,True,0.9072974928256238,False,30842b15eefb0ef7e36cbdea86a9efddfacf69a871c8b054165faa9af9f6c8eb
