t,temperature_c,ethanol_pct,biomass_gdw_l,glucose_mmol_l,ethanol_mmol_l,glycerol_mmol_l,mu,glucose_uptake,ethanol_flux,glycerol_flux,ngam,f_t,f_e,status,static_ethanol,static_collapsed,dynamic_collapsed
0.0,30.0,0.0,0.1,111.0,0.0,0.0,0.5733511135347501,20.0,38.76157979381234,0.0,0.7,1.0,1.0,ok,45.458333333333336,False,False
0.25,30.0,0.006465740459945797,0.11433377783836876,110.42833111080816,1.107939463202486,0.0,0.5729539658810443,20.0,38.92341632038642,0.0,0.7004852106349659,1.0,0.9993073220853212,ok,45.42684534979522,False,False
0.5,30.0,0.013888486264419068,0.13071077570003267,109.774777232308,2.3798669482357413,0.0,0.5724981488364875,20.0,38.937608723195595,0.0,0.7010429296408986,1.0,0.9985123170111239,ok,45.39070574413067,False,False
0.75,30.0,0.02237670300446758,0.14941869498034518,109.02768375740627,3.8343686185045387,0.0,0.5719770514269544,20.0,39.31991822594355,0.0,0.7016816120035843,1.0,0.9976034543661724,ok,45.34939036306225,False,False
1.0,30.0,0.032173945108046505,0.17078471112607552,108.17376020177589,5.513178837434209,0.0,0.5713757887381605,20.0,39.565764338565245,0.0,0.7024199964101799,1.0,0.9965547728957779,ok,45.301719051220566,False,False
1.25,30.0,0.043440670952471304,0.1951802733820956,107.19785883486541,7.443793012477393,0.0,0.5706846035810831,20.0,39.8474199507222,0.0,0.7032707330035741,1.0,0.9953492547747504,ok,45.24691820663553,False,False
1.5,30.0,0.05640648045249855,0.22302686761757276,106.08272449677754,9.66555432604028,0.0,0.5698895291414355,20.0,40.0815950978851,0.0,0.7042518926062179,1.0,0.9939625400359479,ok,45.18388046580079,False,False
1.75,30.0,0.0713066131611469,0.2548020367606897,104.80871431297409,12.21877234292988,0.0,0.5689762967622801,20.0,40.117677509229914,0.0,0.7053822483610522,1.0,0.9923697422588138,ok,45.11147453351524,False,False
2.0,30.0,0.08834152289303304,0.2910461165815856,103.35348373006616,15.137795904263324,0.0,0.5679328217401006,20.0,40.348948693097014,0.0,0.7066782621307766,1.0,0.9905497841257487,ok,45.028742270049655,False,False
2.25,30.0,0.1079072501019225,0.3323697771432551,101.69163484434988,18.490488675535648,0.0,0.5667351093280276,20.0,40.394482603790514,0.0,0.7081717240885151,1.0,0.9884608156319247,ok,44.93378124393457,False,False
2.5,30.0,0.1302703318056791,0.3794611826399088,99.79432893115033,22.32252321077604,0.0,0.565367189978743,20.0,40.62942513083872,0.0,0.7098851624011158,1.0,0.986074983779517,ok,44.82532530431054,False,False
2.75,30.0,0.15594270398448185,0.43309490827369274,97.62885438978186,26.721622498339407,0.0,0.5637982049852569,20.0,40.79527083095863,0.0,0.7118606904483094,1.0,0.9833384669114966,ok,44.70092780835178,False,False
3.0,30.0,0.1853531482747644,0.4941394412419333,95.1581571835722,31.761260581770216,0.0,0.5620025522671759,20.0,41.24948538773266,0.0,0.714135154467275,1.0,0.9802066116212701,ok,44.5585588866169,False,False
3.25,30.0,0.21926924241073728,0.563566348030394,92.34032544342023,37.57296604129461,0.0,0.5599341793465576,20.0,41.2320869391732,0.0,0.7167731391977041,1.0,0.9765990963103353,ok,44.39456725310732,False,False
3.5,30.0,0.2579167237923296,0.6424563631783278,89.12804362752858,44.195420196593076,0.0,0.5575803636923998,20.0,41.40419039310945,0.0,0.7197989843410854,1.0,0.9724937312057897,ok,44.20794419772985,False,False
3.75,30.0,0.3021352761761066,0.7320116263376949,85.46798549584011,51.77250738330698,0.0,0.5548913006515841,20.0,41.391328459346525,0.0,0.7232872077883362,1.0,0.9678036504204965,ok,43.99474094203173,False,False
4.0,30.0,0.35247230935078033,0.8335583471953462,81.30019375986338,60.39802921800513,0.0,0.5518354332778991,20.0,41.46875294088851,0.0,0.7272925138031295,1.0,0.9624738144760866,ok,43.75245548305877,False,False
4.25,30.0,0.4098609299183951,0.9485551051170845,76.55741823427795,70.23187854423486,0.0,0.5483583465390663,20.0,41.48044277623953,0.0,0.731904204627128,1.0,0.956409316375793,ok,43.47677350691625,False,False
4.5,30.0,0.47513532810003645,1.0785921323778833,71.16445757238853,81.4169983507356,0.0,0.5444123883982156,20.0,41.53014194540663,0.0,0.7372091231339766,1.0,0.9495270446792687,ok,43.16391690604509,False,False
4.75,30.0,0.5493826258630938,1.2253918621017252,65.0374982618799,94.13967284369329,0.0,0.5399355647171432,20.0,41.557527238292295,0.0,0.7433216215060328,1.0,0.941718873428894,ok,42.80897045462181,False,False
5.0,30.0,0.6337076807312458,1.390800023867647,58.08349814254167,108.58922531241762,0.0,0.5348660581931413,20.0,41.56780347734729,0.0,0.7503668877964128,1.0,0.9328769850914874,ok,42.40703294728386,False,False
5.25,30.0,0.7293320279238676,1.5767729554929009,50.19963336507717,124.97497239799887,0.0,0.5291365750002103,20.0,41.61431761844596,0.0,0.7584918496215518,1.0,0.922884010354579,ok,41.9527689707019,False,False
5.5,30.0,0.8377271179348449,1.785355015798519,41.27285828608457,143.54905507028016,0.0,0.522666833686764,20.0,41.43981338334129,0.0,0.767880710247726,1.0,0.9115999277728607,ok,41.43981338334129,False,False
5.75,30.0,0.9597719034966096,2.0186414790770675,31.179650890699232,164.46208661548658,0.0,0.5154142111188968,20.0,40.86478679588358,0.0,0.7786859011959589,1.0,0.8989503969763575,ok,40.86478679588358,False,False
6.0,30.0,1.0956308614626205,2.278750605444665,19.785897863475906,187.7422510286083,0.0,0.5073805017287195,20.0,40.22783148047426,0.0,0.7910153782159124,1.0,0.8849385476914594,ok,40.22783148047426,False,False
6.25,30.0,1.2463366363395147,2.5677990118209495,6.94690280437116,213.56649750942367,0.0,0.34487155197273167,10.821567844509415,22.150905241643677,0.0,0.8050774629076146,1.0,0.8694815496037893,ok,39.525182109072254,False,False
6.5,30.0,1.336475421781102,2.789189219411134,0.0,229.0122640344712,0.0,0.0,0.0,0.0,0.0,0.0,1.0,0.8602800326171925,stalled,39.10689648272321,False,True
6.75,30.0,1.336475421781102,2.789189219411134,0.0,229.0122640344712,0.0,0.0,0.0,0.0,0.0,0.0,1.0,0.8602800326171925,stalled,39.10689648272321,False,True
7.0,30.0,1.336475421781102,2.789189219411134,0.0,229.0122640344712,0.0,0.0,0.0,0.0,0.0,0.0,1.0,0.8602800326171925,stalled,39.10689648272321,False,True
7.25,30.0,1.336475421781102,2.789189219411134,0.0,229.0122640344712,0.0,0.0,0.0,0.0,0.0,0.0,1.0,0.8602800326171925,stalled,39.10689648272321,False,True
7.5,30.0,1.336475421781102,2.789189219411134,0.0,229.0122640344712,0.0,0.0,0.0,0.0,0.0,0.0,1.0,0.8602800326171925,stalled,39.10689648272321,False,True
7.75,30.0,1.336475421781102,2.789189219411134,0.0,229.0122640344712,0.0,0.0,0.0,0.0,0.0,0.0,1.0,0.8602800326171925,stalled,39.10689648272321,False,True
8.0,30.0,1.336475421781102,2.789189219411134,0.0,229.0122640344712,0.0,0.0,0.0,0.0,0.0,0.0,1.0,0.8602800326171925,stalled,39.10689648272321,False,True
8.25,30.0,1.336475421781102,2.789189219411134,0.0,229.0122640344712,0.0,0.0,0.0,0.0,0.0,0.0,1.0,0.8602800326171925,stalled,39.10689648272321,False,True
8.5,30.0,1.336475421781102,2.789189219411134,0.0,229.0122640344712,0.0,0.0,0.0,0.0,0.0,0.0,1.0,0.8602800326171925,stalled,39.10689648272321,False,True
8.75,30.0,1.336475421781102,2.789189219411134,0.0,229.0122640344712,0.0,0.0,0.0,0.0,0.0,0.0,1.0,0.8602800326171925,stalled,39.10689648272321,False,True
9.0,30.0,1.336475421781102,2.789189219411134,0.0,229.0122640344712,0.0,0.0,0.0,0.0,0.0,0.0,1.0,0.8602800326171925,stalled,39.10689648272321,False,True
9.25,30.0,1.336475421781102,2.789189219411134,0.0,229.0122640344712,0.0,0.0,0.0,0.0,0.0,0.0,1.0,0.8602800326171925,stalled,39.10689648272321,False,True
9.5,30.0,1.336475421781102,2.789189219411134,0.0,229.0122640344712,0.0,0.0,0.0,0.0,0.0,0.0,1.0,0.8602800326171925,stalled,39.10689648272321,False,True
9.75,30.0,1.336475421781102,2.789189219411134,0.0,229.0122640344712,0.0,0.0,0.0,0.0,0.0,0.0,1.0,0.8602800326171925,stalled,39.10689648272321,False,True
10.0,30.0,1.336475421781102,2.789189219411134,0.0,229.0122640344712,0.0,0.0,0.0,0.0,0.0,0.0,1.0,0.8602800326171925,stalled,39.10689648272321,False,True
10.25,30.0,1.336475421781102,2.789189219411134,0.0,229.0122640344712,0.0,0.0,0.0,0.0,0.0,0.0,1.0,0.8602800326171925,stalled,39.10689648272321,False,True
10.5,30.0,1.336475421781102,2.789189219411134,0.0,229.0122640344712,0.0,0.0,0.0,0.0,0.0,0.0,1.0,0.8602800326171925,stalled,39.10689648272321,False,True
10.75,30.0,1.336475421781102,2.789189219411134,0.0,229.0122640344712,0.0,0.0,0.0,0.0,0.0,0.0,1.0,0.8602800326171925,stalled,39.10689648272321,False,True
11.0,30.0,1.336475421781102,2.789189219411134,0.0,229.0122640344712,0.0,0.0,0.0,0.0,0.0,0.0,1.0,0.8602800326171925,stalled,39.10689648272321,False,True
11.25,30.0,1.336475421781102,2.789189219411134,0.0,229.0122640344712,0.0,0.0,0.0,0.0,0.0,0.0,1.0,0.8602800326171925,stalled,39.10689648272321,False,True
11.5,30.0,1.336475421781102,2.789189219411134,0.0,229.0122640344712,0.0,0.0,0.0,0.0,0.0,0.0,1.0,0.8602800326171925,stalled,39.10689648272321,False,True
11.75,30.0,1.336475421781102,2.789189219411134,0.0,229.0122640344712,0.0,0.0,0.0,0.0,0.0,0.0,1.0,0.8602800326171925,stalled,39.10689648272321,False,True
12.0,30.0,1.336475421781102,2.789189219411134,0.0,229.0122640344712,0.0,0.0,0.0,0.0,0.0,0.0,1.0,0.8602800326171925,stalled,39.10689648272321,False,True
12.25,30.0,1.336475421781102,2.789189219411134,0.0,229.0122640344712,0.0,0.0,0.0,0.0,0.0,0.0,1.0,0.8602800326171925,stalled,39.10689648272321,False,True
12.5,30.0,1.336475421781102,2.789189219411134,0.0,229.0122640344712,0.0,0.0,0.0,0.0,0.0,0.0,1.0,0.8602800326171925,stalled,39.10689648272321,False,True
12.75,30.0,1.336475421781102,2.789189219411134,0.0,229.0122640344712,0.0,0.0,0.0,0.0,0.0,0.0,1.0,0.8602800326171925,stalled,39.10689648272321,False,True
13.0,30.0,1.336475421781102,2.789189219411134,0.0,229.0122640344712,0.0,0.0,0.0,0.0,0.0,0.0,1.0,0.8602800326171925,stalled,39.10689648272321,False,True
13.25,30.0,1.336475421781102,2.789189219411134,0.0,229.0122640344712,0.0,0.0,0.0,0.0,0.0,0.0,1.0,0.8602800326171925,stalled,39.10689648272321,False,True
13.5,30.0,1.336475421781102,2.789189219411134,0.0,229.0122640344712,0.0,0.0,0.0,0.0,0.0,0.0,1.0,0.8602800326171925,stalled,39.10689648272321,False,True
13.75,30.0,1.336475421781102,2.789189219411134,0.0,229.0122640344712,0.0,0.0,0.0,0.0,0.0,0.0,1.0,0.8602800326171925,stalled,39.10689648272321,False,True
14.0,30.0,1.336475421781102,2.789189219411134,0.0,229.0122640344712,0.0,0.0,0.0,0.0,0.0,0.0,1.0,0.8602800326171925,stalled,39.10689648272321,False,True
14.25,30.0,1.336475421781102,2.789189219411134,0.0,229.0122640344712,0.0,0.0,0.0,0.0,0.0,0.0,1.0,0.8602800326171925,stalled,39.10689648272321,False,True
14.5,30.0,1.336475421781102,2.789189219411134,0.0,229.0122640344712,0.0,0.0,0.0,0.0,0.0,0.0,1.0,0.8602800326171925,stalled,39.10689648272321,False,True
14.75,30.0,1.336475421781102,2.789189219411134,0.0,229.0122640344712,0.0,0.0,0.0,0.0,0.0,0.0,1.0,0.8602800326171925,stalled,39.10689648272321,False,True
15.0,30.0,1.336475421781102,2.789189219411134,0.0,229.0122640344712,0.0,0.0,0.0,0.0,0.0,0.0,1.0,0.8602800326171925,stalled,39.10689648272321,False,True
15.25,30.0,1.336475421781102,2.789189219411134,0.0,229.0122640344712,0.0,0.0,0.0,0.0,0.0,0.0,1.0,0.8602800326171925,stalled,39.10689648272321,False,True
15.5,30.0,1.336475421781102,2.789189219411134,0.0,229.0122640344712,0.0,0.0,0.0,0.0,0.0,0.0,1.0,0.8602800326171925,stalled,39.10689648272321,False,True
15.75,30.0,1.336475421781102,2.789189219411134,0.0,229.0122640344712,0.0,0.0,0.0,0.0,0.0,0.0,1.0,0.8602800326171925,stalled,39.10689648272321,False,True
16.0,30.0,1.336475421781102,2.789189219411134,0.0,229.0122640344712,0.0,0.0,0.0,0.0,0.0,0.0,1.0,0.8602800326171925,stalled,39.10689648272321,False,True
