idx,relative_yield,collapsed,deviation
0,0.047287790236118614,True,0.0027709820450459235
1,0.06978154054733007,True,0.020091135728981434
2,0.15409513038124306,True,0.008048090070659125
3,0.46201784449328775,False,0.10648963075153955
4,0.10708195989895343,True,0.0263123140888359
5,0.6997262997074483,False,0.17056136975945946
6,0.3010606008427987,False,0.13511598310908635
7,0.22207555285477587,False,0.043328801175765264
8,0.0,True,0.0
9,0.2590176985857504,False,0.09951519510067511
10,0.6220021191229815,False,0.06388530508908896
11,0.04469476082430739,True,0.009542327865824818
12,0.8225608789058156,False,0.017285807999300573
13,0.3534404363003292,False,0.011278403804363624
14,0.6418590999992396,False,0.02944413543336688
15,0.23915910515282324,False,0.039954242072746976
16,0.3327596923996184,False,0.04426512717889991
17,0.46660057151064327,False,0.24666701632414165
18,0.9487382131368264,False,0.011566985845761768
19,0.06231144207514862,True,0.001418492716234225
20,0.7518660760342423,False,0.13879239983675562
21,0.061778779361462165,True,0.004689401654861147
22,0.08902627180801866,True,0.0020914261598218437
23,0.0,True,-0.002747307569297443
24,0.5178072658544447,False,0.022421518527724504
25,0.0,True,0.0
26,0.5043313967050295,False,0.1917497195603381
27,0.4304263102060056,False,0.010917092128066297
28,0.5524141819926687,False,0.01699951908798225
29,0.1821860998125348,True,0.003274537451799092
30,0.6712511780051543,False,0.205883480388653
31,0.2628742128730212,False,0.0002359802437242875
32,0.1114272192136631,True,0.001927450919068735
33,0.5396272817174775,False,0.00870598324597971
34,0.7549973871082557,False,0.03349273081009074
35,0.9748851029795814,False,0.0030880951854168615
36,0.837845464778079,False,0.0518305274185632
37,0.43545194346155625,False,0.20193941900580153
38,0.5134786822682277,False,0.1483021535820464
39,0.0786597839503215,True,0.0007208718324046987
40,0.6012562562674869,False,0.010096364426230409
41,0.4192917506600878,False,0.10395996534565533
42,0.0,True,0.0
43,0.24778976729220126,False,-0.00033247034417191457
44,0.6312770259298154,False,0.12357944455040204
45,0.7161694449291522,False,0.0056163026231322855
46,0.0,True,0.0
47,0.12331715586760161,True,0.0025497750523646445
48,0.2013840890014063,False,0.06632719028851539
49,0.3333458143028432,False,0.017154458337252876
50,0.5736232893282728,False,0.09213797896474885
51,0.15626793431459668,True,0.009865385827853984
52,0.7869787987378379,False,0.022966489217877917
53,0.35081694446349015,False,0.0021119201648031605
54,0.0,True,0.0
55,0.7556096681126209,False,0.02842593812328309
56,0.0,True,-0.0032915999245928334
57,0.22082481460545125,False,0.11297985372143553
58,0.0,True,0.0
59,0.47930944521731805,False,0.014080027527835048
60,0.4983208742834274,False,0.015248637667124865
61,0.2855256118840288,False,0.008172835831152025
62,0.5260005293099963,False,0.1411156117400052
63,0.3128135587327314,False,0.0011510825179806838
64,0.42778104345313733,False,0.010543478396577877
65,0.3012346117374913,False,0.00851498621171376
66,0.16799160138228467,True,0.02242151481007662
67,0.3684463373605158,False,0.011309568034950535
68,0.5268624499592699,False,0.11948074390038488
69,0.13648108435625292,True,0.0031089844722728965
70,0.7675019612640606,False,0.0035184632950008288
71,0.8936057260255561,False,0.014706106519219553
72,0.4443201121274298,False,0.05657283768544691
73,0.41279809656330735,False,0.010227190732974345
74,0.7852987826032439,False,0.13906963303344322
75,0.32850826071456307,False,0.07495675473277003
76,0.027555483924684987,True,0.013194150453897968
77,0.5241346059095241,False,0.03477811596130298
78,0.09090961529426576,True,0.0036417997863122387
79,0.08019385051436101,True,0.005028988433682019
80,0.8505536452122362,False,0.01334779277287268
81,0.5048565197334492,False,0.14641142424364645
82,0.4523768766430777,False,0.019991495121007397
83,0.8684507238136752,False,0.04086899428737345
84,0.6814977401620378,False,0.015482630984440804
85,0.6495857766380128,False,0.04443390635346356
86,0.18933925214273653,True,0.09931135405885265
87,0.5436928825129496,False,0.010836131688060857
88,0.5287938082739547,False,0.17766738091382767
89,0.438261820935112,False,0.0068645586978144935
90,0.3808264741336307,False,0.0014385683684626782
91,0.5050508438062598,False,0.015552850347568703
92,0.8282965279479902,False,0.08076115923407412
93,0.6000843826651072,False,0.023046674813038237
94,0.0,True,0.0
95,0.046412248452905605,True,0.005484300078863205
96,0.6469619286664628,False,0.11298062335557713
97,0.1252302134636821,True,0.04852143440023726
98,0.0,True,0.0
99,0.37707973201824724,False,0.1843666595966694
100,0.7566436970241962,False,0.00923778620661142
101,0.9845205499541709,False,0.013541948879821852
102,0.7489636656262223,False,0.03441521684546767
103,0.4619893891057399,False,0.018671660112756117
104,0.46977974880117684,False,0.048601142267535036
105,0.0,True,-0.002250896213084592
106,0.0,True,0.0
107,0.37368857234222475,False,0.009289889920350403
108,0.0,True,0.0
109,0.5504114246664135,False,0.012750704938742419
110,0.21801126558342668,False,0.006674282524652769
111,0.652639887674056,False,0.08963028660718964
112,0.5516566358914513,False,0.014862450588799647
113,0.0,True,0.0
114,0.4763594582839643,False,0.20782965208262133
115,0.09748616286931545,True,0.0003816304192257314
116,0.0,True,0.0
117,0.026388595324722285,True,0.013759135818185634
118,0.20009833959726495,False,0.0006749372019364264
119,0.0,True,0.0
120,0.17958927371239683,True,0.0041224832826827484
121,0.07268334635177368,True,0.002609771115079068
122,0.0,True,0.0
123,0.5647945996586125,False,0.01995647837045955
124,0.2906196342211936,False,0.008615541155761353
125,0.6509647685193534,False,0.021305851253475838
126,0.2543969985796541,False,0.08294269990387179
127,0.7950077805414748,False,0.01961019048197621
128,0.7328507857948865,False,0.010630274566942544
129,0.05268086619604142,True,0.0032735393757906614
130,0.7531268336445162,False,0.04475898061302663
131,0.4347506391219859,False,0.008054450546253922
132,0.1242696773003691,True,0.04397839393726066
133,0.43205118281882526,False,0.06507105645127803
134,0.45386475091246686,False,0.013231881578770088
135,0.768949446921661,False,0.01091536101003443
136,0.34367837341421026,False,0.04465271753449923
137,0.10496218781942994,True,0.0033971817217237493
138,0.4449237839178988,False,0.07120250618421647
139,0.21822893741064292,False,0.009372164366999003
140,0.637062741818403,False,0.0014079256774602866
141,0.15539864437419817,True,0.0859045429218107
142,0.15192688855120443,True,0.052920395568805526
143,0.18236494495068467,True,-0.0005762958099436721
144,0.4383259789274047,False,0.17835760224617608
145,0.8844427855941013,False,0.06320739563683897
146,0.0,True,0.0
147,0.0,True,0.0
148,0.9040641188326928,False,0.0514146407391628
149,0.0696317944056268,True,0.0034819694745607532
150,0.042881112645236426,True,0.011310604338455668
151,0.29587159623188924,False,0.018614948879198456
152,0.4850542562009793,False,0.029713031610215546
153,0.32702511615810304,False,0.15924475775020355
154,0.10786063116891617,True,0.01184031934788797
155,0.07114783280650502,True,0.0023397111795996767
156,0.9459796397984369,False,0.01932440780572542
157,0.46768089887680875,False,0.006674857287544023
158,0.7987686442261132,False,0.08879462118442316
159,0.07159017000042167,True,0.02229085092955394
160,0.0,True,0.0
161,0.09424054595141805,True,0.0060588282089545364
162,0.4938195282971644,False,0.21783542554570395
163,0.38168682085856215,False,0.008591822397720772
164,0.7598546053699176,False,0.020336907361358292
165,0.6819855444779831,False,0.037046451182212836
166,0.32674502029662433,False,0.02195161429727649
167,0.45334233508945826,False,0.06861809565784727
168,0.3200490482293852,False,0.0013647156626189205
169,0.28298858157418355,False,0.003997918553043434
170,0.0,True,0.0
171,0.7335839906859559,False,0.013258895353853162
172,0.3180384392160169,False,0.005612903350027398
173,0.6607987082693827,False,0.021746312427593062
174,0.0,True,0.0
175,0.4272761742030506,False,0.008584907313016532
176,0.5721336200169124,False,0.2410580974210602
177,0.7234341138372301,False,0.07346525802838766
178,0.22614748846624863,False,0.01101114642431364
179,0.9640800119188483,False,0.02126097092082302
180,0.08043566351920492,True,0.004115177108530044
181,0.43239249836306626,False,0.15930509065615744
182,0.4695718714374484,False,0.03805295063479508
183,0.45526333673838093,False,0.1923315101286145
184,0.2858953860476594,False,0.009741687074241945
185,0.804688716110891,False,0.02138630777125128
186,0.37989057122290815,False,0.004041204038857826
187,0.28452773695071587,False,0.15879275573610718
188,0.39324718435316014,False,0.020915807025699285
189,0.9538257668590648,False,0.018305400171941932
190,0.4063372841384191,False,0.009926863841002331
191,0.7918353128956256,False,0.018531209718213537
192,0.13767070279838434,True,0.002032534501269556
193,0.5836273357608527,False,0.01941179492661982
194,0.6416668713506989,False,0.02574870179886124
195,0.33377180746135005,False,0.007102160730608875
196,0.6069273676320899,False,0.2260305372077409
197,0.5082397891160395,False,0.11915978779815867
198,0.2702426920676314,False,0.0440953095477736
199,0.9621631476576511,False,0.019869357490377326
200,0.6462455418193898,False,0.2186841280281661
201,0.40602663616212564,False,0.0668853959518993
202,0.703479855473975,False,0.021970866214544915
203,0.7966923402198175,False,0.003290910489291976
204,0.37232397881756923,False,0.021037496421339563
205,0.3919995893892919,False,0.07774803958731252
206,0.8374090517019385,False,0.02179144843411296
207,0.2485109270271965,False,0.007122517135489892
208,0.5017679615984362,False,0.18698541960238196
209,0.4708051757460289,False,0.160555369458734
210,0.1997807606306804,True,0.0037278981433416514
211,0.6636578657787406,False,0.029262601508802222
212,0.36023208260346096,False,0.0010314715955770937
213,0.765819201177957,False,0.06590115028176435
214,0.4438314455444822,False,0.01833164007305982
215,0.2172861515833104,False,0.010418630619165842
216,0.0,True,-0.01929037203415714
217,0.4095439895737809,False,0.014057636802920714
218,0.0,True,-0.0015257360129743325
219,0.0,True,0.0
220,0.7760359076386726,False,0.14306679289753899
221,0.4320488295052002,False,0.15701013934366648
222,0.4600497721868657,False,0.0076831412570734225
223,0.10738457565187122,True,0.0045231124929195204
224,0.8952640388801593,False,0.021797638685036258
225,0.6271601098755321,False,0.013769909292089877
226,0.0,True,0.0
227,0.3764853332663786,False,0.0024719039391574715
228,0.3975107894836552,False,0.018661755472097696
229,0.8281963033145809,False,0.007325335927025223
230,0.20074523124775454,False,0.0060683995123285706
231,0.0,True,0.0
232,0.7468820996560925,False,0.0015378563736725415
233,0.7964956629688443,False,0.13086614933985108
234,0.5768879382975831,False,0.20888456648666637
235,0.8277841068602125,False,0.016248305633027482
236,0.27034625797258593,False,0.012382857427243266
237,0.5716900505059542,False,0.21359649007157894
238,0.18745606677380994,True,0.01320193040576273
239,0.10559498444315882,True,0.00022043193073552347
240,0.685422640344199,False,0.032969079190812156
241,0.4771783086627515,False,0.05573398258442108
242,0.24766615431866643,False,0.08709060321245488
243,0.825186139335319,False,0.13758111469310408
244,0.807519241603379,False,0.005376995899133985
245,0.16262189137750618,True,0.004128353670794005
246,0.5864945430124764,False,0.009048483327815382
247,0.6522443400787828,False,0.14159166713364546
248,0.25849007289936293,False,0.0009347177341530455
249,0.03943175124884238,True,0.006665477388152298
250,0.0,True,0.0
251,0.8091979092073758,False,0.05289511604974384
252,0.10876748244833638,True,0.0011780279275181577
253,0.13328010764861717,True,0.0011126484671076242
254,0.5745098981831167,False,0.15976769576226846
255,0.8199405143374898,False,0.007568949991170859
256,0.5232194383031452,False,0.01546949130653863
257,0.7959863406198368,False,0.03508255213808875
258,0.5295111876949845,False,0.022204075717425442
259,0.8144818090387326,False,0.09512408533963967
260,0.030632711781926055,True,0.010776621814771178
261,0.6407929077807947,False,0.061964573622226515
262,0.7378829106536765,False,0.1512081416353157
263,0.29147615907594904,False,0.003690576303244819
264,0.25366652160662706,False,0.0032477645101235963
265,0.44206159356278746,False,0.014033310810672439
266,0.6270436401700793,False,0.008358364210237945
267,0.0,True,0.0
268,0.4470751601715627,False,0.0774149591938037
269,0.18512057400730783,True,0.02017145895623923
270,0.15163815286978338,True,0.05601051558643942
271,0.6589943731915481,False,0.017456373235396838
272,0.05119301858834072,True,0.002661121969908156
273,0.0660880496116523,True,0.022754320533729493
274,0.5906704446246194,False,-5.943917240980312e-05
275,0.1812940254793996,True,0.055453181439421906
276,0.7922176614292327,False,0.0807367933786951
277,0.33673393508316735,False,0.014733378448264889
278,0.2921414090717361,False,0.10722573413524428
279,0.4427903240699782,False,0.02797094938071354
280,0.7169168144131837,False,0.06256955553729138
281,0.16873308192569458,True,0.0010845932927237845
282,0.7395476385277188,False,0.10665466050622352
283,0.25608876555257093,False,0.035465094637000316
284,0.07812181575925277,True,-2.3483422103690033e-05
285,0.42270118013856284,False,0.013278503310046263
286,0.824019057319245,False,0.09073419284221662
287,0.718627100020835,False,0.15221764285645478
288,0.15428926613924177,True,0.00619708656791812
289,0.6230858587208885,False,0.016573168118867776
290,0.7081460114849928,False,0.01717391536223678
291,0.12239075210727882,True,0.05875316939142744
292,0.42304642537911435,False,0.0009030294587873411
293,0.34432595283625766,False,0.002791248106964239
294,0.5407135604015746,False,0.0002809821771376786
295,0.4778891455010333,False,0.04737396719080755
296,0.5119160784301077,False,0.039853614297107265
297,0.7700398558817718,False,0.03429405275792341
298,0.8129177773786996,False,0.14783671616051453
299,0.5047178579852248,False,0.16359631196146135
300,0.48343723446267334,False,0.09110629063508319
301,0.8940046226319128,False,0.05193147309252555
302,0.6400833796061666,False,0.011115170483662395
303,0.5411925778947542,False,0.002494269486144951
304,0.45606151119303323,False,0.025746783462505862
305,0.30878707936622396,False,0.005664890801207967
306,0.18397742441407777,True,0.0028496107530904813
307,0.3676167869554369,False,0.005462968268102331
308,0.0,True,0.0
309,0.0,True,0.0
310,0.43264923137982153,False,0.08759579719677812
311,0.8308489933745027,False,0.1080715087049482
312,0.0,True,0.0
313,0.38029818771524493,False,0.0028715711031574997
314,0.7589729860605633,False,0.02451972402210445
315,0.22430683183509476,False,0.0020690614553075526
316,0.14936738632075824,True,0.005062331842427714
317,0.5954497656563985,False,0.015173153393148064
318,0.1695910462770721,True,0.005564686419431947
319,0.32164674310678326,False,0.10056661282846624
320,0.53030702758405,False,0.007565824416840394
321,0.6238703342168228,False,0.2148210524408926
322,0.2153320946849427,False,0.05294956223083902
323,0.15216438098979676,True,0.03544329575972144
324,0.034814712885668814,True,0.008553748755389327
325,0.0,True,0.0
326,0.9375174002191995,False,0.028472541398697815
327,0.7487601209408364,False,-0.0004926853796225483
328,0.9804866801099904,False,0.008295894640731327
329,0.4594836468223769,False,0.0018174584029657104
330,0.4873525916413751,False,0.03365225307620384
331,0.054971046916480845,True,0.0017221339315824438
332,0.0,True,0.0
333,0.28285775408600006,False,0.05073085890094359
334,0.25028754104960094,False,0.0027457915117404808
335,0.18485806318423903,True,0.03277221374699474
336,0.4218281892063731,False,0.04818767198553203
337,0.04419140856040675,True,0.012293052987355987
338,0.15029935240904416,True,0.012653629330643124
339,0.0,True,-0.02326518334633552
340,0.33641502672804785,False,0.02815595580882635
341,0.0,True,0.0
342,0.18362513529480873,True,0.031957138088986786
343,0.4216981167452985,False,0.11739561782255709
344,0.4012414499470303,False,0.06089854407077383
345,0.7559026457515274,False,0.014010528251082288
346,0.4352827938062563,False,0.010935083654124489
347,0.27414063713503006,False,0.0893930710527708
348,0.13966030919478345,True,0.003998064013169461
349,0.7131612789320468,False,0.001095677445961174
350,0.5685040822907004,False,0.03392065143091849
351,0.2663716024194162,False,0.007633281700407335
352,0.5751878784848878,False,0.19482612047157183
353,0.5037558271665724,False,0.011751261184961281
354,0.058650104162284764,True,-0.0003466464477102707
355,0.0,True,0.0
356,0.38603444634356215,False,0.009211802820819903
357,0.0,True,-0.016036604061675723
358,0.8346182473462523,False,0.007393895570526832
359,0.23246968432154866,False,4.106248354543429e-05
360,0.7286626452816987,False,0.034314543215386295
361,0.15859993998293737,True,0.064289680827942
362,0.1598573235920767,True,0.04711114226337414
363,0.0,True,0.0
364,0.19210052757164078,True,0.03026093167778615
365,0.024822665127068533,True,0.01469722089173782
366,0.04480210524186449,True,0.005028011825953416
367,0.38496131705879294,False,0.1491477788026973
368,0.48938470997021566,False,0.00370035866958629
369,0.10033450164869097,True,0.0031335051801007485
370,0.6703021609696036,False,0.2152221199653241
371,0.6048642463889059,False,0.01568778267720039
372,0.7954021544257303,False,0.14828644737778007
373,0.15844331874863338,True,0.003228029439863972
374,0.6871644757906622,False,0.0004392182205184003
375,0.7734211722862601,False,0.11679785272073873
376,0.0,True,0.0
377,0.0,True,-0.005365167570177302
378,0.08597992147981968,True,0.0006867759624351044
379,0.44689822472307056,False,0.10334806166874033
380,0.402406210790886,False,0.11581660479025935
381,0.6901491336361772,False,0.016682955612928208
382,0.48529302001796093,False,0.014211848683240713
383,0.6109080862791715,False,0.10627795066872103
384,0.21860892392063033,False,0.0035208751014121076
385,0.10205868651667316,True,0.016774548404624195
386,0.5788910153942247,False,0.05105955049352506
387,0.0,True,0.0
388,0.37476928582873315,False,0.023332692800465515
389,0.47985842045657967,False,0.059737678129532124
390,0.21235785583109618,False,0.011166940912808149
391,0.3243771925455597,False,0.007322338342245105
392,0.07147755468359329,True,0.0059870234749954815
393,0.512907725149488,False,0.021542228706532218
394,0.8260860402386562,False,0.07218349972265681
395,0.6720922327068259,False,0.007105400311538723
396,0.1568132668838277,True,0.04231676525362245
397,0.187799497682521,True,0.0038500608135726977
398,0.6807635793722709,False,0.0100789416619399
399,0.7570666534725936,False,0.06269251544142673
400,0.1684237676729026,True,0.00910941542292068
401,0.0,True,0.0
402,0.9584599737414412,False,0.023270352255250537
403,0.0332752540916582,True,0.012690544505963186
404,0.20712054025682947,False,0.08995690779879917
405,0.3257100618197576,False,0.029230472695702503
406,0.08216666510463097,True,0.004987681100571434
407,0.3247590468388526,False,0.11333683051401239
408,0.21281077861653838,False,0.0017507746396612789
409,0.31254892458576244,False,0.1057960828420122
410,0.0,True,0.0
411,0.0,True,0.0
412,0.25542763995904993,False,0.0025680748889518323
413,0.8102023312697805,False,0.020648247667595432
414,0.07944467350306345,True,0.035944393235646875
415,0.9769607039413379,False,0.007225390522969
416,0.1005907631708044,True,0.011618743677972415
417,0.0,True,0.0
418,0.5372037825944944,False,0.011732399410859462
419,0.0,True,0.0
420,0.4146843868932628,False,0.21216378222717955
421,0.8559395097969186,False,0.015476438014329075
422,0.2523132796545507,False,0.0068291756308775375
423,0.4808948270536218,False,0.07956719028454007
424,0.43914008879243527,False,0.027831733020489247
425,0.3131417097912186,False,0.15695560209492074
426,0.0,True,-0.01777204849858413
427,0.7134360275945589,False,0.18172359050787523
428,0.6716083962413488,False,0.10366139831718602
429,0.6266149653920348,False,0.1166298407574704
430,0.0,True,0.0
431,0.3084852881888037,False,0.0390080495868958
432,0.045385546696225125,True,0.0040271229221492885
433,0.06707480952285366,True,-0.0007238546404714913
434,0.5339817627294388,False,0.01993709217625539
435,0.8965651644368915,False,0.06355287198872805
436,0.15835259365595994,True,0.08375227538091819
437,0.11288119717125741,True,0.021346574356017944
438,0.5376767073698854,False,0.03054356231674893
439,0.6253649855665816,False,0.002991103680967888
440,0.20303645588552663,False,0.026663914571991826
441,0.7618939284154667,False,0.040590061878665096
442,0.4655870109142329,False,0.20529808012929557
443,0.37030494698326105,False,0.047469215968257206
444,0.14948883008848032,True,0.010339608243799203
445,0.16508860272708875,True,0.009529846253984786
446,0.0,True,0.0
447,0.22999248019146873,False,0.10201631768050679
448,0.7848533716535944,False,0.021454480051619984
449,0.7982954919207558,False,0.041057734695485903
450,0.04740608849132136,True,0.003316834981531125
451,0.9612651383685222,False,0.034268863382948656
452,0.6678506000527047,False,0.02738873781361373
453,0.08358613323973821,True,-0.0003484108128820884
454,0.0,True,0.0
455,0.0,True,0.0
456,0.0,True,-0.0021283703605873036
457,0.025068949833969588,True,0.014591869552935049
458,0.0,True,-0.008999608388697206
459,0.036099694655550026,True,0.007828421273813696
460,0.0,True,0.0
461,0.4674562851730194,False,0.040104866344925216
462,0.8273222906700051,False,0.09630172426700834
463,0.7271458868375303,False,0.014816332079510608
464,0.2455363488190546,False,0.0010390528624345252
465,0.20344572901385016,False,0.004772174205896207
466,0.07020299976607253,True,0.011471457118976562
467,0.6019803001504569,False,0.006587328039650231
468,0.443517114286108,False,0.06984605108473063
469,0.6003915833718885,False,0.05177409809458655
470,0.26213632003750015,False,0.0036719883701196165
471,0.48125447990374043,False,0.06767077466942745
472,0.10147877253139864,True,0.01928154939356526
473,0.9676898589471733,False,0.0198168593266822
474,0.3240394213183528,False,0.0799637791162068
475,0.8372492915581088,False,0.007183013971506447
476,0.0,True,-0.00409873259951384
477,0.2917010978498167,False,0.007216873334731866
478,0.5392442200117279,False,0.11427385940008467
479,0.2555570862088865,False,0.00390821175788586
480,0.585703523377525,False,0.12501216541180615
481,0.052886483745267755,True,0.0016139004267561805
482,0.391404658662467,False,0.16060273251042093
483,0.6617511995629277,False,0.003105161875953999
484,0.8222913492997909,False,0.14169479922006623
485,0.924728285347267,False,0.06291519540438362
486,0.12785356986458532,True,0.00371220588513535
487,0.8530033627925838,False,0.005863722951976125
488,0.488759999518549,False,0.05068190993219901
489,0.4168490503923036,False,0.06417098881888106
490,0.8868747459539742,False,0.02032571157962282
491,0.0,True,0.0
492,0.36261362837105043,False,0.029282171965147208
493,0.03876181282830033,True,0.007737075439876034
494,0.0,True,0.0
495,0.5839326876940031,False,0.015487472077855502
496,0.2050839863874002,False,0.06940170501059073
497,0.0,True,0.0
498,0.531497064557141,False,0.00996033835143828
499,0.8509820747091819,False,0.03465130091503932
500,0.8041222528483296,False,0.06811042946930568
501,0.11482833285278811,True,0.017009850346346847
502,0.0,True,-0.0020731649166360016
503,0.0,True,0.0
504,0.2204847779684138,False,0.03864241541011715
505,0.3187950241279522,False,0.04321537465897629
506,0.07059603191874936,True,0.004181117406211507
507,0.7047035423768496,False,0.026741927497651474
508,0.45706976762895846,False,0.15845876202575976
509,0.13396677997927872,True,0.05045852056751701
510,0.47745798490292596,False,-0.004154544455140741
511,0.7173160236127435,False,0.18742771269616687
512,0.407417431196112,False,0.01769222780776658
513,0.0,True,0.0
514,0.7087615992574877,False,0.11889824868480581
515,0.0,True,-0.006830456352251203
516,0.0,True,0.0
517,0.45297360680224524,False,0.12462822604322787
518,0.7799279631340367,False,0.002488079072755278
519,0.25109911645088884,False,0.0016902113116291362
520,0.0,True,0.0
521,0.08457347732709614,True,-1.8353943875643042e-05
522,0.0,True,0.0
523,0.2666229901918411,False,0.005042323313634078
524,0.43450537713031906,False,0.19082333046764371
525,0.07310549445420814,True,0.007831778447178389
526,0.26310046640507445,False,0.012970809401820771
527,0.45980422419506356,False,0.13108251582976183
528,0.8434191285830338,False,0.12687077325061957
529,0.7940731773903412,False,0.06689362260217213
530,0.3068900688260428,False,0.007170958442167585
531,0.578583688011101,False,0.10545964707739791
532,0.293506035372127,False,0.051295645138069806
533,0.6484171308129383,False,0.0893513479907927
534,0.19508851047134257,True,0.03890708298020551
535,0.5827441746199026,False,0.009558213224548306
536,0.03150839380487115,True,0.01258104504338043
537,0.2871693618828147,False,0.006368205205626809
538,0.43567642742112694,False,0.03941200613530832
539,0.22308453046999163,False,0.002781004501229617
540,0.2156864901745017,False,0.11970323965374872
541,0.6180337310700043,False,0.0330004899700469
542,0.3403539638103008,False,0.007939248464496007
543,0.37935480684452805,False,0.048016861254614074
544,0.10397093403741384,True,0.0016846693270332058
545,0.25572830972440835,False,0.00467926015447756
546,0.9205580429336062,False,0.0706442423664978
547,0.6538243295202396,False,0.08612980589969454
548,0.04247347932386638,True,0.005400566632010585
549,0.343403879219202,False,0.0156940505846212
550,0.09294176789652289,True,0.0031576086669379833
551,0.470253167302643,False,0.010261880688954395
552,0.09923374886252659,True,0.0066290039870769285
553,0.7389343203147881,False,0.010246394229629252
554,0.12032917202042265,True,0.0025635008507096935
555,0.28417327562006905,False,0.06621901011083836
556,0.43113272935203834,False,0.013621112063886887
557,0.5199003221756487,False,0.012984622801633261
558,0.027764578123224196,True,0.012885753104891285
559,0.9072554848778368,False,0.028163964413711273
560,0.0,True,-0.001790456268146913
561,0.7562606724796137,False,0.03977236032135234
562,0.13715480107515496,True,0.036969436526465296
563,0.46378658107859794,False,0.12036475122078388
564,0.0,True,-0.007725306151901315
565,0.6802929374521519,False,0.030651480962692768
566,0.22975646145621642,False,0.02190165618853368
567,0.6933481386924634,False,0.003052792473908994
568,0.1602270015351589,True,0.04660672477671762
569,0.0,True,0.0
570,0.09494978327384174,True,0.005657997728276576
571,0.0,True,0.0
572,0.05428582648235068,True,0.000644083304943345
573,0.2380529722093507,False,0.004648427396359456
574,0.8206715573800201,False,0.06517485938799517
575,0.30868700238928276,False,0.0039092453310981545
576,0.9165546723945548,False,0.036374557506426264
577,0.10640690133277662,True,0.05336436762171793
578,0.5362905547749974,False,0.08102982240009088
579,0.3868794106320014,False,0.003854548290892046
580,0.7620452227818435,False,0.09271972827589692
581,0.506636739111477,False,0.17201297285585
582,0.11162830317267174,True,-0.0006824881278402056
583,0.7254590263741904,False,0.015090199226705847
584,0.1868551536506848,True,0.058520464340443695
585,0.5438047547356172,False,0.06499680349816933
586,0.6529320290300294,False,0.08146949938098058
587,0.8644666174943061,False,0.06129229862844188
588,0.624331153870128,False,0.1804641563386868
589,0.4036625209766177,False,0.01651691745346595
590,0.034612275394439874,True,0.01004854857808532
591,0.22502904165601598,False,0.002637523592094765
592,0.7695803014720044,False,0.13972848650318315
593,0.12000073365368485,True,0.005257434283595708
594,0.03473857791649393,True,0.008739321083501055
595,0.2510059769334304,False,0.005720398174529073
596,0.6864708973935498,False,0.013844582232651503
597,0.5297452423898973,False,0.008001692418967643
598,0.31785693632167705,False,0.014766108556079405
599,0.28768440342874363,False,0.0008254279849803647
600,0.5270678992163336,False,0.11323021186007387
601,0.5464682009227203,False,0.08845462936139531
602,0.17087544760497,True,0.0013956886115171208
603,0.8743792604581321,False,0.012480115547300774
604,0.0,True,0.0
605,0.49236607316754144,False,0.12745327592076727
606,0.9360430747416688,False,0.026397719545658394
607,0.9296012411436827,False,0.029983704214229356
608,0.0,True,-0.036134536126486455
609,0.739309931573475,False,0.08512794674120916
610,0.30572321687608645,False,0.07204019351979246
611,0.37562852902069305,False,0.08153670668705743
612,0.878437736427224,False,0.005333329679874654
613,0.7076776347802338,False,0.01793469788209301
614,0.22585569758657184,False,0.005269687057745609
615,0.1284984224530811,True,0.050944491843975925
616,0.6195879728489097,False,0.22186797066209857
617,0.03369266079831435,True,0.008994069917716317
618,0.683256191926439,False,0.0406893470775993
619,0.31362727221992914,False,0.009594582853671374
620,0.7801583594899208,False,0.1029016692259257
621,0.12593700604303756,True,0.016378721268414637
622,0.7407556381831334,False,0.03613459034206301
623,0.15598460481668838,True,0.02221767814870093
624,0.0,True,0.0
625,0.5512944652060557,False,0.006074566794617597
626,0.08123544498752301,True,-0.00046647072733640993
627,0.32742676330425347,False,0.015147385391488799
628,0.4961491614719029,False,0.013543040679169616
629,0.12962356225643196,True,0.04035134392638344
630,0.0,True,0.0
631,0.0,True,0.0
632,0.2641045614493235,False,0.004122639290937091
633,0.5940859464678078,False,0.00866461215998271
634,0.0,True,0.0
635,0.6559738538827666,False,0.00904588966238784
636,0.8709194132951639,False,0.10399047418681795
637,0.2606177819434939,False,0.011621938761453343
638,0.12380037346413926,True,0.05281975645422292
639,0.25988843559376723,False,0.0003884524193472072
640,0.5492018094596306,False,0.006943756149035751
641,0.6285976416303977,False,0.1892284166688905
642,0.7571094058447192,False,0.02375496991216619
643,0.559046327644969,False,0.01688011370492104
644,0.17806148077475892,True,0.06622897524150785
645,0.12538489368293815,True,0.0030470466295261373
646,0.0,True,0.0
647,0.7236368946293966,False,0.09399514468757197
648,0.5848968494496579,False,0.03169361765469114
649,0.0,True,0.0
650,0.11675338768168451,True,0.010082907545024139
651,0.612111637857557,False,0.021524382150867827
652,0.16859645368373088,True,0.056465274544655775
653,0.8686852131682958,False,0.02589196722622744
654,0.25937415793333485,False,0.0849184685892733
655,0.4018194202788219,False,0.11207880527661918
656,0.4903378948503365,False,0.004798473360604905
657,0.2371421063747241,False,0.00791976800208613
658,0.13486946345808837,True,0.034067114832911874
659,0.9310966389601446,False,0.022825150154626273
660,0.09181112780991972,True,0.002252675676922708
661,0.27202926887638257,False,0.0035010796891787876
662,0.20635003965327411,False,0.046698969092372505
663,0.08418089338504307,True,0.0028313177632589004
664,0.7273856107240351,False,0.023511492627836583
665,0.5638495727968746,False,0.007283687464016975
666,0.35508980683379027,False,0.012898721709031946
667,0.4700358065729529,False,0.04824930840044833
668,0.5012423136915517,False,0.1710213356068045
669,0.596589122120231,False,0.0022552258840814465
670,0.03303812979181976,True,0.009286428734913917
671,0.5000021813232898,False,0.10871725811635752
672,0.0,True,0.0
673,0.7829177743727032,False,0.025656505556536313
674,0.7056498641931052,False,0.0718401559154449
675,0.49118352467804993,False,0.036489698710066076
676,0.6941593801455156,False,0.012225907853875118
677,0.0,True,-0.002780594037598449
678,0.0,True,-0.013676173596773597
679,0.25523140471335093,False,0.13235371245986743
680,0.20770186715329028,False,0.09519336773287891
681,0.34505517190130935,False,0.00753957219043655
682,0.567873729110383,False,0.19431170399930225
683,0.14185186533929056,True,0.01929574408921421
684,0.9012566844710328,False,0.02243628136555942
685,0.10915579519989878,True,0.001489257698279442
686,0.6459575694148522,False,0.033077743815908334
687,0.7249172739367454,False,0.017802406732875142
688,0.05129095633997545,True,0.011380474046039632
689,0.5057734605050185,False,0.08956747643316537
690,0.12514129446261246,True,0.006885443203757877
691,0.0,True,0.0
692,0.12142672649214761,True,-0.0008170364763125243
693,0.6954205474115182,False,0.0322505907208811
694,0.6326882119096051,False,0.03100217183421472
695,0.0,True,0.0
696,0.7064639650186955,False,0.042196583117603326
697,0.6335731702295889,False,0.012943605686947302
698,0.2808212125252737,False,0.009028696223732369
699,0.4132811585566584,False,0.0058354665832838215
700,0.0,True,0.0
701,0.46108810644661724,False,0.16094011232751926
702,0.11097304705461838,True,0.03938638828426036
703,0.5985143120123274,False,0.005988475374222535
704,0.6537000258593747,False,0.07955010226111336
705,0.5316341832814154,False,0.1862064350306336
706,0.18043858700862564,True,0.03192284379885674
707,0.0,True,-0.008375459088533212
708,0.8680061789038376,False,0.00204215341809999
709,0.8644011599529198,False,0.031885086573560706
710,0.20524165067065883,False,0.039300457213331835
711,0.4288515994368902,False,0.010799663303381779
712,0.3941581767052176,False,0.00790581247917821
713,0.0,True,-0.016655825224727572
714,0.13269783168374932,True,0.054102846523002554
715,0.029304482496921094,True,0.011687607245847626
716,0.5914753848572457,False,0.027288997640396828
717,0.1263549540054389,True,0.005021472068195185
718,0.7385496402641988,False,0.10037093238021544
719,0.3819495442783469,False,0.21597157567288736
720,0.5203719944607802,False,0.03395183361845083
721,0.3610709985741221,False,0.0021569918371359686
722,0.14098228728624113,True,0.029346711146700344
723,0.41855996389176564,False,0.2001047924067801
724,0.6602589112243074,False,0.0017664160037546006
725,0.0,True,0.0
726,0.15349313343274215,True,0.007189829881328269
727,0.5692355841090586,False,0.018084762696946588
728,0.6596952905772776,False,0.011784314421657172
729,0.6319690621301193,False,0.017467781503302526
730,0.20025220873701832,False,0.05337073529317954
731,0.07418477105425249,True,0.0017207119421102368
732,0.0,True,0.0
733,0.6692444689192125,False,0.12767874566909787
734,0.4200453072766575,False,0.010453487966441022
735,0.41483950477709364,False,0.07181547398391547
736,0.17393634890426343,True,0.012534808163978228
737,0.15698865376662496,True,0.0004394797416419072
738,0.39677419310057954,False,0.007758726122260584
739,0.5256115517684823,False,0.01082186414824704
740,0.07743843793202962,True,0.029638224062062984
741,0.8428183973752003,False,0.05513808545269483
742,0.29981836446198695,False,0.07346918863762136
743,0.2715506700901366,False,0.011601045481655914
744,0.42371925181975045,False,0.10293136904833428
745,0.7009529319895437,False,0.019033881717310686
746,0.060014076846991136,True,0.019924586168447146
747,0.2938211678730719,False,0.006850570958458091
748,0.6804541563999434,False,0.1873246788671532
749,0.8351750498589304,False,0.0050603358809994115
750,0.44590420758422544,False,0.01677241200138696
751,0.509883032953601,False,0.00011957767002346298
752,0.16923717284373888,True,0.035370024156254426
753,0.3128003216158168,False,0.07770140752689927
754,0.472855593029884,False,0.03715941940865258
755,0.3613440152309032,False,0.010575200037936494
756,0.0,True,0.0
757,0.11194799604070012,True,0.00795994741001016
758,0.1275244575124402,True,0.054127610461888284
759,0.9116864799520035,False,0.008434293723785458
760,0.27665284102515236,False,0.0037861789700155413
761,0.1048318199369384,True,0.005795153266126604
762,0.7050114729339318,False,0.08148976090123972
763,0.21873724895195124,False,0.09769232482240203
764,0.20323434926699374,False,0.00872538772279896
765,0.17495527500500432,True,0.0028268518910381513
766,0.0,True,0.0
767,0.2847871062323085,False,0.0016043852104227763
768,0.6398794181727135,False,0.13019505643387896
769,0.0,True,-0.010473069864750712
770,0.06437004139120875,True,0.0011148488198718803
771,0.0,True,-0.041169355503472935
772,0.19436905729288767,True,0.03761203424549539
773,0.0,True,-0.001357938329156846
774,0.399936663186484,False,0.004576233745409386
775,0.698016640877798,False,0.01796977360057528
776,0.18961112949766626,True,0.05827866920739838
777,0.05675374161041112,True,0.014290237494954464
778,0.6172355234615637,False,0.055686595434011
779,0.0,True,0.0
780,0.6735736818270996,False,0.0727431625352789
781,0.4491139682375583,False,0.0851905387980944
782,0.7811457896901087,False,0.02164993343303323
783,0.2388765116134506,False,0.004782399225021328
784,0.12398133503478906,True,0.0030583463722914234
785,0.14123887797359713,True,0.02734135155796373
786,0.14672436402815484,True,0.009657208540831769
787,0.2585655625547974,False,0.08633155364742237
788,0.4905880005949238,False,-2.4762706801240153e-05
789,0.43702935310193436,False,0.2396471280234844
790,0.734288344725857,False,0.02509849580746326
791,0.18296575518637187,True,0.02863083369246816
792,0.3475663976712811,False,0.008650660398959842
793,0.2898044346989431,False,0.012461810622706071
794,0.8694201555986649,False,0.014383400382546374
795,0.42951218054656054,False,0.10101574911488276
796,0.3907202615780573,False,0.026759599158844904
797,0.234131630564715,False,0.014963785149201908
798,0.1960726451499788,True,0.00780743371788728
799,0.9281342862926275,False,0.03686791255120225
800,0.08299385535208822,True,-4.5699572488899776e-05
801,0.7023073075580475,False,0.10264530990640153
802,0.8666109478992383,False,0.022419758302004045
803,0.23962286613473202,False,0.03585162374206999
804,0.9612059689816541,False,0.02999747383304885
805,0.38967222844083993,False,0.011401907574124515
806,0.48359466735881707,False,0.09486343979316042
807,0.0,True,0.0
808,0.4966350923757695,False,0.01559053519175524
809,0.4325246047974854,False,0.013124461562233514
810,0.7204797657442473,False,0.153076635032952
811,0.2587418929603811,False,0.11325940478623739
812,0.06582260014285993,True,0.0010844549597293918
813,0.45437961362389506,False,0.04879073636832143
814,0.0,True,0.0
815,0.9457330087245845,False,0.029242006422557587
816,0.2507717596682938,False,0.009975852744322278
817,0.23327216548672378,False,0.07519022709332368
818,0.9557265040966507,False,0.03389379678297866
819,0.0,True,-0.00037214197951789777
820,0.678124586434732,False,0.029184477758090632
821,0.42420806477096434,False,0.009336615017749794
822,0.4279694820231137,False,0.1871892602085239
823,0.6986962109178506,False,0.01458838717907407
824,0.7222662722363428,False,0.15298784565662082
825,0.5722084842648503,False,0.00021290871267509726
826,0.3739743811134811,False,0.009139440171919033
827,0.7067948275820276,False,0.05293003829653342
828,0.16582920777586072,True,0.04328801073584883
829,0.9544194301163507,False,0.02228716343336201
830,0.8480276798014099,False,0.018746804818140728
831,0.0,True,-0.0023019957454240366
832,0.547111107224201,False,0.005563790535067614
833,0.4540684727358515,False,0.13860586364418176
834,0.7908273458860929,False,0.010720903383365066
835,0.776560911010175,False,0.015766407363262624
836,0.06952722096578651,True,0.0091737407277006
837,0.7182317001939408,False,0.05812142870489678
838,0.09115518380893531,True,0.015036253125028293
839,0.27672531096719866,False,0.022135584747595527
840,0.17591128268681958,True,0.003231408315905099
841,0.0,True,0.0
842,0.0,True,0.0
843,0.294408077360114,False,0.06369120201338282
844,0.5060489596702689,False,0.026259056634627187
845,0.0,True,0.0
846,0.9055994800121105,False,0.0031695263568216614
847,0.465794049504806,False,0.009863590469380956
848,0.7084161690959933,False,0.10587008739162862
849,0.46127758790996376,False,0.02461007290461309
850,0.8616019620786939,False,0.03846258960024662
851,0.09350181262526239,True,0.003222613265113569
852,0.08781268182404339,True,0.0010490804841697676
853,0.1143387406871727,True,0.002089947751232127
854,0.5347272057108517,False,0.11815971467044006
855,0.1980419251329675,True,0.007500801357186587
856,0.25040260673502185,False,0.05103302555615449
857,0.6204805854302929,False,0.1977787188667562
858,0.45815814015794387,False,0.02131036472444442
859,0.06742808266183804,True,0.008835837702297775
860,0.47510677160726555,False,0.006460902064351737
861,0.7036777819860505,False,0.14233585182452513
862,0.5357132988768926,False,0.2237995233878728
863,0.5655835871231379,False,0.0531128893112256
864,0.5182357898675998,False,0.007997712530411372
865,0.17154761226099205,True,0.003927312659261356
866,0.09344001085289771,True,0.0022018838880776825
867,0.8431988607776889,False,0.08403349818410377
868,0.6278415562330539,False,0.02019781958219824
869,0.38459575122917217,False,0.0952381425091196
870,0.13221802730795995,True,0.023110264972887595
871,0.33620580484989443,False,0.047290135872763706
872,0.7739905826935141,False,0.065326175858053
873,0.1031397002826379,True,0.009005532861789928
874,0.502502805611315,False,0.07939320273572464
875,0.1924296972537377,True,0.10447407865509743
876,0.7180643674129836,False,0.045670555933914
877,0.7410691776340624,False,0.08629980726559094
878,0.0,True,0.0
879,0.17817662267133338,True,0.004498312981281893
880,0.22561751552785564,False,0.05077742837343227
881,0.0,True,-0.012912182469802396
882,0.0863555763995677,True,0.00018653024776059401
883,0.5582996998813692,False,0.01347775611074864
884,0.10650764783999787,True,0.053331865450852195
885,0.12351372886648966,True,0.02614572140103985
886,0.041547323233439876,True,0.005386929502049713
887,0.4831346268953224,False,0.04457254529861371
888,0.9408470960686911,False,0.02716135442094758
889,0.4616774135121695,False,0.0324041499223251
890,0.1275677654839092,True,0.001059684354124124
891,0.48761060210536095,False,0.18988321193683638
892,0.1231310812199028,True,0.005016477747732118
893,0.7806612467380514,False,0.010766680282998542
894,0.1333725557889013,True,0.022792461823804233
895,0.4206928506113236,False,0.18624981505436525
896,0.5034347179863456,False,0.029266325452697306
897,0.10286788615344904,True,0.03916839319749724
898,0.561790868395563,False,0.1765675589554188
899,0.7460101925260791,False,0.03260532811703398
900,0.08583298843584102,True,-0.0007243493697029202
901,0.7736175829305744,False,0.02846343932112383
902,0.7624720465684988,False,0.05712639132348829
903,0.6567335798234011,False,0.05618946593119545
904,0.0,True,0.0
905,0.22547794625547038,False,0.003435165692470543
906,0.8723354811186792,False,0.02012275145171416
907,0.667644948003493,False,0.021549601883767866
908,0.0400572880864986,True,0.00647915628127739
909,0.15556895014187633,True,0.027448536300571258
910,0.4993489001308824,False,0.14052184306011345
911,0.9087391210921564,False,0.055055808215268565
912,0.9939942419099707,False,0.001679409286206801
913,0.858383894190251,False,0.10578891833174509
914,0.13699536777102622,True,0.0032412126044432665
915,0.7061934538265089,False,0.028965784980920728
916,0.0,True,0.0
917,0.8004769443550274,False,0.01718828543156392
918,0.0,True,0.0
919,0.0,True,0.0
920,0.4265281505953421,False,0.03479704368965608
921,0.11933700098219555,True,0.0052759768362345555
922,0.5176803662651072,False,0.07125079271915552
923,0.508015443294323,False,0.011983540206009391
924,0.5498988032537808,False,0.09047637006570908
925,0.08932233386094697,True,0.00010981160194543926
926,0.5418276444948902,False,0.010607820565083692
927,0.1443793021477238,True,0.0011091798706872047
928,0.17734117229042484,True,0.005765786279123969
929,0.14675086834119555,True,-0.0002812343792650551
930,0.4773673470400325,False,0.11745664582769638
931,0.6214457870805173,False,0.17048488504297543
932,0.30272350983983065,False,0.009458951688054384
933,0.9841079963336384,False,0.010852666629384666
934,0.18139251342075616,True,0.0020619967766085656
935,0.42532797900707675,False,0.09458831507954768
936,0.8141310266728863,False,0.038146990244294465
937,0.5756593058384871,False,0.0823568090492432
938,0.11469165776537675,True,0.032058747397240295
939,0.8548410730047309,False,0.030276888178439654
940,0.06088938652788064,True,0.018956280831596
941,0.5653508356506084,False,0.0456943153644902
942,0.0,True,-0.0021393314160033515
943,0.6833907443388297,False,0.20377044273011546
944,0.15406968447235309,True,0.03430839126173717
945,0.2989223586217133,False,-3.211265062663671e-05
946,0.412626349351415,False,0.007147429127257909
947,0.0,True,0.0
948,0.7187158294876952,False,0.059087834111814286
949,0.4048810583901934,False,0.01283219404544056
950,0.10972538150360651,True,0.012536172932924708
951,0.9573811291540479,False,0.016664934771921658
952,0.0,True,-0.0009896870628112139
953,0.17843116821775734,True,0.001649009980282251
954,0.2139537516334975,False,0.05974487864719852
955,0.7503247327098831,False,0.12219257589132904
956,0.0,True,0.0
957,0.571918975076376,False,0.0022329387670134704
958,0.9099219396510086,False,0.027117264335485225
959,0.2716585662527015,False,0.014028020872952685
960,0.49786224684113556,False,0.17520390913762102
961,0.4544087907100645,False,0.007900843590556705
962,0.11265297172062048,True,0.002957953914597869
963,0.2967705497059235,False,0.008641485441087837
964,0.16649534664690047,True,0.009405752264015882
965,0.0,True,0.0
966,0.9600772402147396,False,0.025519942284001007
967,0.38852232132775333,False,0.003759805715551623
968,0.6043692136042269,False,0.00780542207099677
969,0.0,True,0.0
970,0.0,True,-0.02019623705719764
971,0.12199635589619932,True,0.060895224950227686
972,0.39011627135068294,False,0.012186422380503159
973,0.6074573495103777,False,0.22304553189718207
974,0.1359505324412803,True,0.0006164885132363129
975,0.5613779145580478,False,0.029908070083530136
976,0.4661476556355448,False,0.18547426551109852
977,0.41692234398809896,False,0.1894101202100534
978,0.5453761263699362,False,0.20999995379641861
979,0.8125817239890956,False,0.004389729473441184
980,0.3968226922276376,False,0.2160905361547748
981,0.10009487418282938,True,0.001390622743967812
982,0.1531230379157356,True,0.000526525922221549
983,0.4451855129692837,False,0.15355722598154053
984,0.5398776484740445,False,0.0007612785666274435
985,0.0,True,0.0
986,0.22365433120353842,False,0.01506611136123756
987,0.11546697120103161,True,0.05235392063279479
988,0.5779736588711807,False,0.03827498976107435
989,0.2945963386975771,False,0.10318129583856345
990,0.03403989503637329,True,0.009262752548838474
991,0.42322362823282883,False,0.1335635685000835
992,0.12126430519569031,True,-0.0009332811489371484
993,0.48579258301406153,False,0.1771191661775497
994,0.5774146985729088,False,0.18129040910709976
995,0.5638926156640642,False,0.20205049051579183
996,0.18021552736617513,True,0.0030014354169785595
997,0.6471958113411492,False,0.027766742794232524
998,0.6176819408274353,False,0.007723525029150302
999,0.0,True,0.0
