essential,backup,essential_acc,backup_acc,n_complexes_essential,n_complexes_backup,shared_complexes,shared_complex_names,co_complex
YAL038W,YOR347C,P00549,P52489,0,0,,,False
YBL030C,YBR085W,P18239,P18238,0,0,,,False
YBL030C,YMR056C,P18239,P04710,0,0,,,False
YBR002C,YMR101C,P35196,Q03175,0,0,,,False
YBR038W,YBR023C,P14180,P29465,0,0,,,False
YBR038W,YNL192W,P14180,P08004,0,0,,,False
YDR023W,YHR011W,P07284,P38705,0,0,,,False
YGL008C,YPL036W,P05030,P19657,0,0,,,False
YGR191W,YBR069C,P06775,P38085,0,0,,,False
YGR191W,YKR039W,P06775,P19145,0,0,,,False
YJL026W,YGR180C,P09938,P49723,0,0,,,False
YKL035W,YHL012W,P32861,P38709,0,0,,,False
YML125C,YIL043C,Q12746,P38626,0,0,,,False
YML125C,YKL150W,Q12746,P36060,0,0,,,False
