model,repeat,fold,mcc,auc
fba_rule,0,0,0.607940668345681,0.7559210526315789
logreg,0,0,0.6323485396617107,0.7782894736842105
gcn,0,0,0.7085526047280184,0.9169407894736842
cnn,0,0,0.0,0.5633223684210527
gcn_cnn,0,0,0.3335098012145199,0.899671052631579
fba_rule,0,1,0.46905159470599883,0.6373355263157895
logreg,0,1,0.443853781572436,0.7769736842105263
gcn,0,1,0.487871504488342,0.8356907894736842
cnn,0,1,0.0,0.5575657894736842
gcn_cnn,0,1,0.06304288374638205,0.8152960526315789
fba_rule,0,2,0.4004669280829279,0.653125
logreg,0,2,0.4004669280829279,0.7594572368421053
gcn,0,2,0.35737994187139516,0.7464638157894737
cnn,0,2,0.0,0.6103618421052631
gcn_cnn,0,2,0.19700799817801104,0.7299342105263158
fba_rule,0,3,0.6769668688067402,0.7593419312169312
logreg,0,3,0.6321467136221118,0.8452380952380952
gcn,0,3,0.5178571428571429,0.8735945767195767
cnn,0,3,-0.027741679285882632,0.5818452380952381
gcn_cnn,0,3,0.23350061469173813,0.8657407407407407
fba_rule,0,4,0.483136520383786,0.6805768902543096
logreg,0,4,0.5079691065242009,0.7948455367810207
gcn,0,4,0.5464134688327542,0.8429766171701656
cnn,0,4,0.11252022655837098,0.6169994879672299
gcn_cnn,0,4,0.47801569012363637,0.8528759173920464
fba_rule,1,0,0.4381678120796476,0.6230263157894737
logreg,1,0,0.4123362058036395,0.6953125
gcn,1,0,0.5427624670357376,0.7767269736842105
cnn,1,0,0.0,0.6042763157894737
gcn_cnn,1,0,0.283442337299589,0.7667763157894737
fba_rule,1,1,0.4807251856715937,0.6685855263157895
logreg,1,1,0.5026550407661577,0.7825657894736842
gcn,1,1,0.42353460828320905,0.8490953947368421
cnn,1,1,0.0,0.49588815789473684
gcn_cnn,1,1,0.2647001582130111,0.7985197368421053
fba_rule,1,2,0.48888741077347936,0.6865131578947369
logreg,1,2,0.4807251856715937,0.7555098684210526
gcn,1,2,0.36927575835233345,0.7756578947368421
cnn,1,2,0.0,0.555921052631579
gcn_cnn,1,2,0.20178080288965544,0.7587171052631579
fba_rule,1,3,0.6533052580081484,0.7451223544973545
logreg,1,3,0.6533052580081484,0.8602017195767195
gcn,1,3,0.611378728974922,0.8678902116402116
cnn,1,3,0.0,0.5357142857142857
gcn_cnn,1,3,0.4970886287526602,0.8533399470899471
fba_rule,1,4,0.5940784026722491,0.7576378221539511
logreg,1,4,0.6160803883507477,0.8404164533196792
gcn,1,4,0.5373235779955905,0.8653353814644137
cnn,1,4,-0.04485332085923879,0.5606758832565284
gcn_cnn,1,4,0.5124186786473715,0.8506571087216248
fba_rule,2,0,0.6537840203744653,0.749671052631579
logreg,2,0,0.6323485396617107,0.8053453947368421
gcn,2,0,0.5935540157536,0.8146381578947368
cnn,2,0,0.0,0.6080592105263158
gcn_cnn,2,0,0.06304288374638205,0.8254934210526316
fba_rule,2,1,0.3199743074846515,0.6430098684210527
logreg,2,1,0.3199743074846515,0.7111019736842106
gcn,2,1,0.38120570983918833,0.7455592105263158
cnn,2,1,0.0,0.5307565789473684
gcn_cnn,2,1,0.2851939979002997,0.7189144736842106
fba_rule,2,2,0.4311336470010111,0.6472861842105263
logreg,2,2,0.4123281896514876,0.796546052631579
gcn,2,2,0.4457281675201634,0.8372532894736842
cnn,2,2,0.0,0.515953947368421
gcn_cnn,2,2,0.40554743121764364,0.8075657894736842
fba_rule,2,3,0.6050497559961829,0.7251157407407407
logreg,2,3,0.6046728266089519,0.8032407407407407
gcn,2,3,0.5925257108268233,0.8315145502645502
cnn,2,3,0.0,0.5044642857142857
gcn_cnn,2,3,0.5290718869977636,0.808531746031746
fba_rule,2,4,0.6166882034306307,0.7180406212664278
logreg,2,4,0.6166882034306307,0.8231780167264038
gcn,2,4,0.5509321367726072,0.8913637139443591
cnn,2,4,0.07511076493976067,0.552142003754907
gcn_cnn,2,4,0.5065218158608351,0.8817204301075269
