essential,backup,essential_acc,backup_acc,intact_physical_interactions
YAL038W,YOR347C,P00549,P52489,244
YBL030C,YBR085W,P18239,P18238,168
YBL030C,YMR056C,P18239,P04710,163
YBR002C,YMR101C,P35196,Q03175,19
YBR038W,YBR023C,P14180,P29465,38
YBR038W,YNL192W,P14180,P08004,23
YDR023W,YHR011W,P07284,P38705,16
YGL008C,YPL036W,P05030,P19657,12
YGR191W,YBR069C,P06775,P38085,21
YGR191W,YKR039W,P06775,P19145,5
YJL026W,YGR180C,P09938,P49723,85
YKL035W,YHL012W,P32861,P38709,26
YML125C,YIL043C,Q12746,P38626,27
YML125C,YKL150W,Q12746,P36060,26
