backup,partner,backup_acc,partner_acc,backup_domains,partner_domains,shared_domains,shares_domain
YAL038W,YOR347C,P00549,P52489,PF00224;PF02887,PF00224;PF02887,PF00224;PF02887,True
YBL030C,YBR085W,P18239,P18238,PF00153,PF00153,PF00153,True
YBL030C,YMR056C,P18239,P04710,PF00153,PF00153,PF00153,True
YBR002C,YMR101C,P35196,Q03175,PF01255,PF01255,PF01255,True
YBR038W,YBR023C,P14180,P29465,PF01644;PF08407,PF03142;PF22997,,False
YBR038W,YNL192W,P14180,P08004,PF01644;PF08407,PF01644;PF08407,PF01644;PF08407,True
YDR023W,YHR011W,P07284,P38705,PF00587;PF02403,PF00587,PF00587,True
YGL008C,YPL036W,P05030,P19657,PF00122;PF00690;PF00702,PF00122;PF00690;PF00702,PF00122;PF00690;PF00702,True
YGR191W,YBR069C,P06775,P38085,PF00324,PF00324,PF00324,True
YGR191W,YKR039W,P06775,P19145,PF00324,PF00324,PF00324,True
YJL026W,YGR180C,P09938,P49723,PF00268,PF00268,PF00268,True
YKL035W,YHL012W,P32861,P38709,PF01704,PF01704,PF01704,True
YML125C,YIL043C,Q12746,P38626,PF00175;PF00970,PF00175;PF00970,PF00175;PF00970,True
YML125C,YKL150W,Q12746,P36060,PF00175;PF00970,PF00175;PF00970,PF00175;PF00970,True
