backup,partner,backup_pathways,partner_pathways,shared_pathways,co_member
YAL038W,YOR347C,ANAGLYCOLYSIS-PWY;GLYCOLYSIS-YEAST-PWY,,,False
YBL030C,YBR085W,,,,False
YBL030C,YMR056C,,,,False
YBR002C,YMR101C,PWY-6129,,,False
YBR038W,YBR023C,PWY-6981,PWY-6981,PWY-6981,True
YBR038W,YNL192W,PWY-6981,,,False
YDR023W,YHR011W,,,,False
YGL008C,YPL036W,,,,False
YGR191W,YBR069C,,,,False
YGR191W,YKR039W,,,,False
YJL026W,YGR180C,,,,False
YKL035W,YHL012W,,,,False
YML125C,YIL043C,,,,False
YML125C,YKL150W,,,,False
