species,gene,query,oma_group,omaid
yeast,YAL038W,YAL038W,1477742.0,YEAST00027
yeast,YBL030C,YBL030C,989461.0,YEAST00481
yeast,YBR002C,YBR002C,1496826.0,YEAST00217
yeast,YBR038W,YBR038W,1093594.0,YEAST00283
yeast,YBR252W,YBR252W,1471718.0,YEAST00199
yeast,YDR023W,YDR023W,1450517.0,YEAST01099
yeast,YDR302W,YDR302W,1027088.0,YEAST00842
yeast,YDR353W,YDR353W,784331.0,YEAST01454
yeast,YDR376W,YDR376W,1454539.0,YEAST01301
yeast,YGL008C,YGL008C,839674.0,YEAST02532
yeast,YGR191W,YGR191W,1158401.0,YEAST02475
yeast,YJL026W,YJL026W,1457677.0,YEAST03518
yeast,YKL035W,YKL035W,1465517.0,YEAST03719
yeast,YKL141W,YKL141W,1495494.0,YEAST03781
yeast,YLL031C,YLL031C,1457887.0,YEAST04130
yeast,YLR305C,YLR305C,1436331.0,YEAST04493
yeast,YML125C,YML125C,1049711.0,YEAST04566
yeast,YMR108W,YMR108W,1496537.0,YEAST04906
yeast,YPL252C,YPL252C,1057581.0,YEAST06405
ecoli,b0048,P0ABQ4,,
ecoli,b0126,P61517,,
ecoli,b0171,P0A7E9,,
ecoli,b0475,P23871,924997.0,ECOLI00439
ecoli,b0684,P61949,,
ecoli,b0733,P0ABJ9,,
ecoli,b2234,b2234,,
ecoli,b2235,b2235,,
ecoli,b2411,P15042,1491469.0,ECOLI02277
ecoli,b2563,P24224,818902.0,ECOLI02433
ecoli,b3640,P06968,,
ecoli,b3709,P23173,,
ecoli,b4226,P0A7A9,,
bsubtilis,BSU13300,BSU13300,1458746.0,BACSU01377
bsubtilis,BSU16510,BSU16510,1471261.0,BACSU01709
bsubtilis,BSU16760,BSU16760,1478648.0,BACSU01734
bsubtilis,BSU28390,BSU28390,1394730.0,BACSU02951
bsubtilis,BSU31600,BSU31600,1115264.0,BACSU03273
bsubtilis,BSU31610,BSU31610,1377744.0,BACSU03274
bsubtilis,BSU31620,BSU31620,1422040.0,BACSU03275
bsubtilis,BSU31630,BSU31630,1115538.0,BACSU03276
bsubtilis,BSU31640,BSU31640,1111653.0,BACSU03277
bsubtilis,BSU31650,BSU31650,1400481.0,BACSU03278
bsubtilis,BSU31660,BSU31660,1101499.0,BACSU03279
bsubtilis,BSU32110,BSU32110,784333.0,BACSU03323
bsubtilis,BSU34790,BSU34790,784331.0,BACSU03600
bsubtilis,BSU36370,BSU36370,971970.0,BACSU03765
bsubtilis,BSU36760,BSU36760,1458801.0,BACSU03807
mtb,Rv0112,Rv0112,1130753.0,MYCTU00112
mtb,Rv0337c,Rv0337c,1377326.0,MYCTU00340
mtb,Rv0462,Rv0462,1370243.0,MYCTU00466
mtb,Rv0808,Rv0808,1432248.0,MYCTU00822
mtb,Rv0824c,Rv0824c,1026666.0,MYCTU00836
mtb,Rv0973c,Rv0973c,1373500.0,MYCTU00985
mtb,Rv1094,Rv1094,1026670.0,MYCTU01107
mtb,Rv1122,Rv1122,1467895.0,MYCTU01136
mtb,Rv1187,Rv1187,1101087.0,MYCTU01202
mtb,Rv1415,Rv1415,1473188.0,MYCTU01428
mtb,Rv1600,Rv1600,1377327.0,MYCTU01618
mtb,Rv1602,Rv1602,1496691.0,MYCTU01620
mtb,Rv1609,Rv1609,1388269.0,MYCTU01627
mtb,Rv1714,Rv1714,865974.0,MYCTU01734
mtb,Rv2182c,Rv2182c,1400730.0,MYCTU02199
mtb,Rv2231c,Rv2231c,1377337.0,MYCTU02249
mtb,Rv2247,Rv2247,1453875.0,MYCTU02264
mtb,Rv2397c,Rv2397c,1115854.0,MYCTU02418
mtb,Rv2398c,Rv2398c,1114860.0,MYCTU02419
mtb,Rv2399c,Rv2399c,1115003.0,MYCTU02420
mtb,Rv2400c,Rv2400c,1435691.0,MYCTU02421
mtb,Rv2682c,Rv2682c,881238.0,MYCTU02703
mtb,Rv2746c,Rv2746c,997150.0,MYCTU02768
mtb,Rv2754c,Rv2754c,1415218.0,MYCTU02776
mtb,Rv2967c,Rv2967c,1373493.0,MYCTU02987
mtb,Rv2996c,Rv2996c,1495158.0,MYCTU03017
mtb,Rv3003c,Rv3003c,1496537.0,MYCTU03025
mtb,Rv3042c,Rv3042c,1453757.0,MYCTU03063
mtb,Rv3257c,Rv3257c,1425001.0,MYCTU03282
mtb,Rv3275c,Rv3275c,1452801.0,MYCTU03300
mtb,Rv3281,Rv3281,37685.0,MYCTU03306
mtb,Rv3285,Rv3285,1373497.0,MYCTU03310
mtb,Rv3464,Rv3464,1114571.0,MYCTU03488
mtb,Rv3608c,Rv3608c,1409317.0,MYCTU03633
mtb,Rv3634c,Rv3634c,1115758.0,MYCTU03659
mtb,Rv3713,Rv3713,1435023.0,MYCTU03740
saureus,SA_RS00490,SA0068,1474027.0,STAAN00064
saureus,SA_RS01095,SA0183,1113405.0,STAAN00181
saureus,SA_RS01375,SA0233,1113407.0,STAAN00233
saureus,SA_RS04140,SA0727,1471466.0,STAAN00735
saureus,SA_RS06085,SA1074,865583.0,STAAN01093
saureus,SA_RS08505,SA1510,1471469.0,STAAN01538
saureus,SA_RS10820,SA1881,1474025.0,STAAN01923
saureus,SA_RS10945,SA1902,1458801.0,STAAN01944
saureus,SA_RS11010,SA1914,954291.0,STAAN01956
saureus,SA_RS13335,SA2326,1113409.0,STAAN02380
styphimurium,STM0122,STM0122,1491311.0,SALTY00121
styphimurium,STM0130,STM0130,,
styphimurium,STM0169,STM0169,1117273.0,SALTY00168
styphimurium,STM0622,STM0622,,
styphimurium,STM1473,STM1473,,
styphimurium,STM1556,STM1556,,
styphimurium,STM1578,STM1578,,
styphimurium,STM1749,STM1749,,
styphimurium,STM1763,STM1763,,
styphimurium,STM2083,STM2083,,
styphimurium,STM2427,STM2427,,
styphimurium,STM3915,STM3915,,
styphimurium,STM3978,STM3978,,
styphimurium,STM4106,STM4106,,
