backup,partner,backup_group,partner_group,same_group
YAL038W,YOR347C,294132at2759,294132at2759,True
YBL030C,YBR085W,5017627at2759,5017627at2759,True
YBL030C,YMR056C,5017627at2759,5017627at2759,True
YBR002C,YMR101C,140549at2759,140549at2759,True
YBR038W,YBR023C,2644757at2759,2672645at2759,False
YBR038W,YNL192W,2644757at2759,2644757at2759,True
YDR023W,YHR011W,319730at2759,5023775at2759,False
YGL008C,YPL036W,5004893at2759,5004893at2759,True
YGR191W,YBR069C,2709213at2759,2709213at2759,True
YGR191W,YKR039W,2709213at2759,2709213at2759,True
YJL026W,YGR180C,2433086at2759,2433086at2759,True
YKL035W,YHL012W,5012972at2759,5012972at2759,True
YML125C,YIL043C,5000462at2759,5000462at2759,True
YML125C,YKL150W,5000462at2759,5000462at2759,True
