essential,backup,essential_ppm,backup_ppm,log2_ratio_ess_over_backup
b0048,b1606,135.0,0.757,7.478450391727186
b0126,b0339,534.0,0.325,10.682184308433824
b0171,b0910,459.0,204.0,1.1699250014423124
b0475,b1019,5.12,0.544,3.234465253637023
b0475,b2431,5.12,156.0,-4.929258408636973
b0684,b1378,1064.0,52.1,4.352070968110044
b0684,b2515,1064.0,276.0,1.9467579787230205
b0684,b2895,1064.0,23.9,5.476343722407804
b0684,b3924,1064.0,120.0,3.148391839892671
b0684,b4237,1064.0,4.89,7.765447970323681
b0684,b4238,1064.0,29.1,5.192335187480268
b0733,b0978,1325.0,11.9,6.798886975917343
b0733,b0979,1325.0,0.0,inf
b2411,b3996,81.8,32.7,1.322810207443666
b2563,b3475,41.8,1.57,4.734666478076618
b3640,b2251,397.0,7.44,5.737692575809651
b3709,b0112,1.43,116.0,-6.341965848123907
b3709,b3161,1.43,39.6,-4.791413378188583
b4226,b2502,2621.0,24.7,6.729462501631102
b4226,b2744,2621.0,11.9,7.783011969907836
