gene,n_partners,partners,max_identity,mean_identity
YAL038W,1,YOR347C,0.6988142292490117,0.6988142292490117
YBL030C,2,YBR085W;YMR056C,0.8682389937106919,0.810062893081761
YBR002C,1,YMR101C,0.30349854227405293,0.30349854227405293
YBR038W,2,YBR023C;YNL192W,0.3296198054818732,0.26086140488685994
YBR252W,1,YJR069C,0.1705583756345176,0.1705583756345176
YDR023W,1,YHR011W,0.29220779220779264,0.29220779220779264
YDR302W,1,YLL031C,0.03264503441494556,0.03264503441494556
YDR353W,0,,,
YDR376W,2,YER141W;YPL252C,0.21480730223123792,0.1442190669371197
YGL008C,4,YCR024C-A;YEL017C-A;YER005W;YPL036W,0.8683210137275607,0.22712927303973313
YGR191W,3,YBR069C;YKR039W;YOL130W,0.5059701492537312,0.35505447012709296
YJL026W,3,YER070W;YGR180C;YIL066C,0.4666666666666668,0.23162919824312278
YKL035W,1,YHL012W,0.407615230460922,0.407615230460922
YKL141W,0,,,
YLL031C,1,YDR302W,0.03264503441494556,0.03264503441494556
YLR305C,1,YJL100W,0.07047368421052755,0.07047368421052755
YML125C,2,YIL043C;YKL150W,0.35833333333333345,0.34839743589743605
YMR108W,0,,,
YPL252C,2,YDR376W;YER141W,0.08189300411522585,0.07776191787911366
