essential,backup,essential_ppm,backup_ppm,log2_ratio
BSU13300,BSU08000,194.0,10.4,4.221401218933398
BSU13300,BSU24740,194.0,3.37,5.8471642507799935
BSU16510,BSU22890,548.0,466.0,0.23384593830624648
BSU16760,BSU03790,221.0,158.0,0.48412181121432857
BSU16760,BSU28470,221.0,360.0,-0.703950536938243
BSU28390,BSU26810,54.3,4.05,3.7449583849197365
BSU31600,BSU09680,13.1,0.409,5.001322158370426
BSU31600,BSU09850,13.1,0.498,4.717277259244094
BSU31600,BSU11640,13.1,15.5,-0.2427014037367874
BSU31600,BSU31610,13.1,0.287,5.512372264636487
BSU31600,BSU31630,13.1,4.29,1.610517258925267
BSU31600,BSU31640,13.1,1.27,3.366666409652647
BSU31600,BSU31650,13.1,6.58,0.9934073226895711
BSU31600,BSU31660,13.1,14.7,-0.16624934329891414
BSU31600,BSU33420,13.1,12.1,0.11455976426285569
BSU31610,BSU09680,0.287,0.409,-0.5110501062660611
BSU31610,BSU09850,0.287,0.498,-0.7950950053923933
BSU31610,BSU11640,0.287,15.5,-5.755073668373274
BSU31610,BSU31600,0.287,13.1,-5.512372264636487
BSU31610,BSU31630,0.287,4.29,-3.9018550057112202
BSU31610,BSU31640,0.287,1.27,-2.1457058549838406
BSU31610,BSU31650,0.287,6.58,-4.5189649419469164
BSU31610,BSU31660,0.287,14.7,-5.678621607935401
BSU31610,BSU33420,0.287,12.1,-5.3978125003736315
BSU31630,BSU09680,4.29,0.409,3.3908048994451594
BSU31630,BSU09850,4.29,0.498,3.106760000318827
BSU31630,BSU11640,4.29,15.5,-1.8532186626620542
BSU31630,BSU31600,4.29,13.1,-1.610517258925267
BSU31630,BSU31610,4.29,0.287,3.9018550057112202
BSU31630,BSU31640,4.29,1.27,1.7561491507273796
BSU31630,BSU31650,4.29,6.58,-0.617109936235696
BSU31630,BSU31660,4.29,14.7,-1.776766602224181
BSU31630,BSU33420,4.29,12.1,-1.4959574946624112
BSU31640,BSU09680,1.27,0.409,1.6346557487177795
BSU31640,BSU09850,1.27,0.498,1.3506108495914473
BSU31640,BSU11640,1.27,15.5,-3.609367813389434
BSU31640,BSU31600,1.27,13.1,-3.366666409652647
BSU31640,BSU31610,1.27,0.287,2.1457058549838406
BSU31640,BSU31630,1.27,4.29,-1.7561491507273796
BSU31640,BSU31650,1.27,6.58,-2.3732590869630754
BSU31640,BSU31660,1.27,14.7,-3.5329157529515607
BSU31640,BSU33420,1.27,12.1,-3.252106645389791
BSU31650,BSU09680,6.58,0.409,4.007914835680855
BSU31650,BSU09850,6.58,0.498,3.723869936554523
BSU31650,BSU11640,6.58,15.5,-1.2361087264263584
BSU31650,BSU31600,6.58,13.1,-0.9934073226895712
BSU31650,BSU31610,6.58,0.287,4.5189649419469164
BSU31650,BSU31630,6.58,4.29,0.6171099362356959
BSU31650,BSU31640,6.58,1.27,2.3732590869630754
BSU31650,BSU31660,6.58,14.7,-1.1596566659884853
BSU31650,BSU33420,6.58,12.1,-0.8788475584267154
BSU31660,BSU09680,14.7,0.409,5.16757150166934
BSU31660,BSU09850,14.7,0.498,4.883526602543008
BSU31660,BSU11640,14.7,15.5,-0.0764520604378732
BSU31660,BSU31600,14.7,13.1,0.16624934329891408
BSU31660,BSU31610,14.7,0.287,5.678621607935401
BSU31660,BSU31630,14.7,4.29,1.776766602224181
BSU31660,BSU31640,14.7,1.27,3.5329157529515607
BSU31660,BSU31650,14.7,6.58,1.159656665988485
BSU31660,BSU33420,14.7,12.1,0.2808091075617698
BSU32110,BSU03270,762.0,74.7,3.350610849591447
BSU32110,BSU34790,762.0,350.0,1.1224360756609932
BSU34790,BSU03270,350.0,74.7,2.228174773930454
BSU34790,BSU32110,350.0,762.0,-1.1224360756609932
BSU36370,BSU04030,252.0,129.0,0.9660526680766622
BSU36370,BSU11330,252.0,165.0,0.6109577092541008
BSU36370,BSU11340,252.0,460.0,-0.8682101274444589
BSU36370,BSU11720,252.0,792.0,-1.6520766965796931
BSU36370,BSU15900,252.0,317.0,-0.3310591066394907
BSU36370,BSU15910,252.0,990.0,-1.9740047914670555
BSU36760,BSU37100,149.0,70.7,1.075530210540125
