paxdb_file,study_token,n_pride_hits,pxd_accessions,pxd_titles
4932-GPM_2012_09_Saccharomyces_cerevisiae.txt,GPM_2012_09,0,,
4932-GPM_201408.txt,GPM_201408,0,,
4932-Ghaemmaghami_et_al_yeast_data.txt,Ghaemmaghami,10,PXD001357;PXD000035;PXD000030;PXD000027;PXD000045;PXD001362;PXD001359;PXD000026;PXD000047;PXD002694,"Direct evidence of milk consumption from ancient human dental calculus, St Helena || Surface Proteins of Listeria monocytogenes || Annexin A1 interacting proteins in chronic myeloid leukemia KCL22 cells || maize leaf ESI-Q-TOF MS -  Comparative analysis of salt-responsive phosphoproteins in maize le"
4932-Newman_et_al_yeast_data_SD.txt,Newman,10,PXD001357;PXD000035;PXD000030;PXD000027;PXD000045;PXD001362;PXD001359;PXD000026;PXD000047;PXD002694,"Direct evidence of milk consumption from ancient human dental calculus, St Helena || Surface Proteins of Listeria monocytogenes || Annexin A1 interacting proteins in chronic myeloid leukemia KCL22 cells || maize leaf ESI-Q-TOF MS -  Comparative analysis of salt-responsive phosphoproteins in maize le"
4932-Newman_et_al_yeast_data_YEPD.txt,Newman,10,PXD001357;PXD000035;PXD000030;PXD000027;PXD000045;PXD001362;PXD001359;PXD000026;PXD000047;PXD002694,"Direct evidence of milk consumption from ancient human dental calculus, St Helena || Surface Proteins of Listeria monocytogenes || Annexin A1 interacting proteins in chronic myeloid leukemia KCL22 cells || maize leaf ESI-Q-TOF MS -  Comparative analysis of salt-responsive phosphoproteins in maize le"
4932-PA_201303.txt,PA_201303,0,,
4932-Saccharomyces-cerevisiae_PA_2013-3.txt,Saccharomyces-cerevisiae_PA_2013-3,10,PXD001357;PXD000035;PXD000030;PXD000027;PXD000045;PXD001362;PXD001359;PXD000026;PXD000047;PXD002694,"Direct evidence of milk consumption from ancient human dental calculus, St Helena || Surface Proteins of Listeria monocytogenes || Annexin A1 interacting proteins in chronic myeloid leukemia KCL22 cells || maize leaf ESI-Q-TOF MS -  Comparative analysis of salt-responsive phosphoproteins in maize le"
4932-Saccharomyces_cerevisiae_SC_biomart_17916_O__1reps.txt,Saccharomyces_cerevisiae_SC_biomart_17916_O__1reps,10,PXD001357;PXD000035;PXD000030;PXD000027;PXD000045;PXD001362;PXD001359;PXD000026;PXD000047;PXD002694,"Direct evidence of milk consumption from ancient human dental calculus, St Helena || Surface Proteins of Listeria monocytogenes || Annexin A1 interacting proteins in chronic myeloid leukemia KCL22 cells || maize leaf ESI-Q-TOF MS -  Comparative analysis of salt-responsive phosphoproteins in maize le"
4932-Saccharomyces_cerevisiae_SC_biomart_18097_O__1reps.txt,Saccharomyces_cerevisiae_SC_biomart_18097_O__1reps,10,PXD001357;PXD000035;PXD000030;PXD000027;PXD000045;PXD001362;PXD001359;PXD000026;PXD000047;PXD002694,"Direct evidence of milk consumption from ancient human dental calculus, St Helena || Surface Proteins of Listeria monocytogenes || Annexin A1 interacting proteins in chronic myeloid leukemia KCL22 cells || maize leaf ESI-Q-TOF MS -  Comparative analysis of salt-responsive phosphoproteins in maize le"
4932-WHOLE_ORGANISM-integrated.txt,WHOLE_ORGANISM-integrated,10,PXD001357;PXD000035;PXD000030;PXD000027;PXD000045;PXD001362;PXD001359;PXD000026;PXD000047;PXD002694,"Direct evidence of milk consumption from ancient human dental calculus, St Helena || Surface Proteins of Listeria monocytogenes || Annexin A1 interacting proteins in chronic myeloid leukemia KCL22 cells || maize leaf ESI-Q-TOF MS -  Comparative analysis of salt-responsive phosphoproteins in maize le"
4932-Yeast_2009-0522.txt,Yeast_2009-0522,10,PXD001357;PXD000035;PXD000030;PXD000027;PXD000045;PXD001362;PXD001359;PXD000026;PXD000047;PXD002694,"Direct evidence of milk consumption from ancient human dental calculus, St Helena || Surface Proteins of Listeria monocytogenes || Annexin A1 interacting proteins in chronic myeloid leukemia KCL22 cells || maize leaf ESI-Q-TOF MS -  Comparative analysis of salt-responsive phosphoproteins in maize le"
4932-Yeast_GeneName_Intensity_Breker_2103.txt,Yeast_GeneName_Intensity_Breker_2103,10,PXD001357;PXD000035;PXD000030;PXD000027;PXD000045;PXD001362;PXD001359;PXD000026;PXD000047;PXD002694,"Direct evidence of milk consumption from ancient human dental calculus, St Helena || Surface Proteins of Listeria monocytogenes || Annexin A1 interacting proteins in chronic myeloid leukemia KCL22 cells || maize leaf ESI-Q-TOF MS -  Comparative analysis of salt-responsive phosphoproteins in maize le"
4932-Yeast_Lu_2007_YMD.txt,Yeast_Lu_2007_YMD,10,PXD001357;PXD000035;PXD000030;PXD000027;PXD000045;PXD001362;PXD001359;PXD000026;PXD000047;PXD002694,"Direct evidence of milk consumption from ancient human dental calculus, St Helena || Surface Proteins of Listeria monocytogenes || Annexin A1 interacting proteins in chronic myeloid leukemia KCL22 cells || maize leaf ESI-Q-TOF MS -  Comparative analysis of salt-responsive phosphoproteins in maize le"
4932-Yeast_Lu_2007_YPD.txt,Yeast_Lu_2007_YPD,10,PXD001357;PXD000035;PXD000030;PXD000027;PXD000045;PXD001362;PXD001359;PXD000026;PXD000047;PXD002694,"Direct evidence of milk consumption from ancient human dental calculus, St Helena || Surface Proteins of Listeria monocytogenes || Annexin A1 interacting proteins in chronic myeloid leukemia KCL22 cells || maize leaf ESI-Q-TOF MS -  Comparative analysis of salt-responsive phosphoproteins in maize le"
4932-Yeast_ORF_intensity_Denervaud_2013.txt,Yeast_ORF_intensity_Denervaud_2013,10,PXD001357;PXD000035;PXD000030;PXD000027;PXD000045;PXD001362;PXD001359;PXD000026;PXD000047;PXD002694,"Direct evidence of milk consumption from ancient human dental calculus, St Helena || Surface Proteins of Listeria monocytogenes || Annexin A1 interacting proteins in chronic myeloid leukemia KCL22 cells || maize leaf ESI-Q-TOF MS -  Comparative analysis of salt-responsive phosphoproteins in maize le"
4932-deGodoy_et_al_yeast_data.txt,deGodoy,10,PXD001357;PXD000035;PXD000030;PXD000027;PXD000045;PXD001362;PXD001359;PXD000026;PXD000047;PXD002694,"Direct evidence of milk consumption from ancient human dental calculus, St Helena || Surface Proteins of Listeria monocytogenes || Annexin A1 interacting proteins in chronic myeloid leukemia KCL22 cells || maize leaf ESI-Q-TOF MS -  Comparative analysis of salt-responsive phosphoproteins in maize le"
4932-peptidesatalas_build_April_2009_yeast.new.txt,peptidesatalas_build_April_2009_yeast.new,10,PXD001357;PXD000035;PXD000030;PXD000027;PXD000045;PXD001362;PXD001359;PXD000026;PXD000047;PXD002694,"Direct evidence of milk consumption from ancient human dental calculus, St Helena || Surface Proteins of Listeria monocytogenes || Annexin A1 interacting proteins in chronic myeloid leukemia KCL22 cells || maize leaf ESI-Q-TOF MS -  Comparative analysis of salt-responsive phosphoproteins in maize le"
4932-yeast_Nagaraj_2012.txt,yeast_Nagaraj_2012,10,PXD001357;PXD000035;PXD000030;PXD000027;PXD000045;PXD001362;PXD001359;PXD000026;PXD000047;PXD002694,"Direct evidence of milk consumption from ancient human dental calculus, St Helena || Surface Proteins of Listeria monocytogenes || Annexin A1 interacting proteins in chronic myeloid leukemia KCL22 cells || maize leaf ESI-Q-TOF MS -  Comparative analysis of salt-responsive phosphoproteins in maize le"
