gene,role,accession,n_mf_terms,go_ids,go_names
YAL038W,essential,P00549,69,GO:0000166;GO:0000978;GO:0000981;GO:0003676;GO:0003677;GO:0003700;GO:0003723;GO:0003735;GO:0003747;GO:0003796;GO:0003824;GO:0003870;GO:0003953;GO:0004049;GO:0004066;GO:0004425;GO:0004487;GO:0004488;GO:0004497;GO:0004499;GO:0004553;GO:0004640;GO:0005506;GO:0005524;GO:0008168;GO:0008233;GO:0008270;GO:0008658;GO:0008710;GO:0008800;GO:0008843;GO:0015165;GO:0015297;GO:0016407;GO:0016491;GO:0016616;GO:0016705;GO:0016740;GO:0016746;GO:0016747;GO:0016757;GO:0016758;GO:0016765;GO:0016787;GO:0016788;GO:0016791;GO:0016887;GO:0019843;GO:0020037;GO:0030170;GO:0030234;GO:0030570;GO:0031419;GO:0035226;GO:0042626;GO:0042910;GO:0043565;GO:0046872;GO:0047184;GO:0048038;GO:0050135;GO:0050278;GO:0050660;GO:0050661;GO:0051536;GO:0051539;GO:0061809;GO:0071949;GO:0140359,"1-acylglycerophosphocholine O-acyltransferase activity;4 iron, 4 sulfur cluster binding;5-aminolevulinate synthase activity;8-amino-7-oxononanoate synthase activity;ABC-type transporter activity;ATP binding;ATP hydrolysis activity;ATPase-coupled transmembrane transporter activity;DNA binding;DNA-binding transcription factor activity;DNA-binding transcription factor activity, RNA polymerase II-specific;FAD binding;N,N-dimethylaniline monooxygenase activity;NAD+ nucleosidase activity;NAD+ nucleosidase activity, cyclic ADP-ribose generating;NADP binding;NADP+ nucleosidase activity;RNA binding;RNA polymerase II cis-regulatory region sequence-specific DNA binding;acetyltransferase activity;acyltransferase activity;acyltransferase activity, transferring groups other than amino-acyl groups;anthranilate synthase activity;antiporter activity;asparagine synthase (glutamine-hydrolyzing) activity;beta-lactamase activity;catalytic activity;cobalamin binding;endochitinase activity;enzyme regulator activity;flavin adenine dinucleotide binding;glutamate-cysteine ligase catalytic subunit binding;glycosyltransferase activity;heme binding;hexosyltransferase activity;hydrolase activity;hydrolase activity, acting on ester bonds;hydrolase activity, hydrolyzing O-glycosyl compounds;indole-3-glycerol-phosphate synthase activity;iron ion binding;iron-sulfur cluster binding;lysozyme activity;metal ion binding;methylenetetrahydrofolate dehydrogenase (NAD+) activity;methylenetetrahydrofolate dehydrogenase (NADP+) activity;methyltransferase activity;monooxygenase activity;nucleic acid binding;nucleotide binding;oxidoreductase activity;oxidoreductase activity, acting on paired donors, with incorporation or reduction of molecular oxygen;oxidoreductase activity, acting on the CH-OH group of donors, NAD or NADP as acceptor;pectate lyase activity;penicillin binding;peptidase activity;phosphatase activity;phosphoribosylanthranilate isomerase activity;pyridoxal phosphate binding;pyrimidine nucleotide-sugar transmembrane transporter activity;quinone binding;rRNA binding;sedoheptulose-bisphosphatase activity;sequence-specific DNA binding;structural constituent of ribosome;transferase activity;transferase activity, transferring alkyl or aryl (other than methyl) groups;translation release factor activity;xenobiotic transmembrane transporter activity;zinc ion binding"
YAL038W,backup,P52489,69,GO:0000166;GO:0000978;GO:0000981;GO:0003676;GO:0003677;GO:0003700;GO:0003723;GO:0003735;GO:0003747;GO:0003796;GO:0003824;GO:0003870;GO:0003953;GO:0004049;GO:0004066;GO:0004425;GO:0004487;GO:0004488;GO:0004497;GO:0004499;GO:0004553;GO:0004640;GO:0005506;GO:0005524;GO:0008168;GO:0008233;GO:0008270;GO:0008658;GO:0008710;GO:0008800;GO:0008843;GO:0015165;GO:0015297;GO:0016407;GO:0016491;GO:0016616;GO:0016705;GO:0016740;GO:0016746;GO:0016747;GO:0016757;GO:0016758;GO:0016765;GO:0016787;GO:0016788;GO:0016791;GO:0016887;GO:0019843;GO:0020037;GO:0030170;GO:0030234;GO:0030570;GO:0031419;GO:0035226;GO:0042626;GO:0042910;GO:0043565;GO:0046872;GO:0047184;GO:0048038;GO:0050135;GO:0050278;GO:0050660;GO:0050661;GO:0051536;GO:0051539;GO:0061809;GO:0071949;GO:0140359,"1-acylglycerophosphocholine O-acyltransferase activity;4 iron, 4 sulfur cluster binding;5-aminolevulinate synthase activity;8-amino-7-oxononanoate synthase activity;ABC-type transporter activity;ATP binding;ATP hydrolysis activity;ATPase-coupled transmembrane transporter activity;DNA binding;DNA-binding transcription factor activity;DNA-binding transcription factor activity, RNA polymerase II-specific;FAD binding;N,N-dimethylaniline monooxygenase activity;NAD+ nucleosidase activity;NAD+ nucleosidase activity, cyclic ADP-ribose generating;NADP binding;NADP+ nucleosidase activity;RNA binding;RNA polymerase II cis-regulatory region sequence-specific DNA binding;acetyltransferase activity;acyltransferase activity;acyltransferase activity, transferring groups other than amino-acyl groups;anthranilate synthase activity;antiporter activity;asparagine synthase (glutamine-hydrolyzing) activity;beta-lactamase activity;catalytic activity;cobalamin binding;endochitinase activity;enzyme regulator activity;flavin adenine dinucleotide binding;glutamate-cysteine ligase catalytic subunit binding;glycosyltransferase activity;heme binding;hexosyltransferase activity;hydrolase activity;hydrolase activity, acting on ester bonds;hydrolase activity, hydrolyzing O-glycosyl compounds;indole-3-glycerol-phosphate synthase activity;iron ion binding;iron-sulfur cluster binding;lysozyme activity;metal ion binding;methylenetetrahydrofolate dehydrogenase (NAD+) activity;methylenetetrahydrofolate dehydrogenase (NADP+) activity;methyltransferase activity;monooxygenase activity;nucleic acid binding;nucleotide binding;oxidoreductase activity;oxidoreductase activity, acting on paired donors, with incorporation or reduction of molecular oxygen;oxidoreductase activity, acting on the CH-OH group of donors, NAD or NADP as acceptor;pectate lyase activity;penicillin binding;peptidase activity;phosphatase activity;phosphoribosylanthranilate isomerase activity;pyridoxal phosphate binding;pyrimidine nucleotide-sugar transmembrane transporter activity;quinone binding;rRNA binding;sedoheptulose-bisphosphatase activity;sequence-specific DNA binding;structural constituent of ribosome;transferase activity;transferase activity, transferring alkyl or aryl (other than methyl) groups;translation release factor activity;xenobiotic transmembrane transporter activity;zinc ion binding"
YBL030C,essential,P18239,69,GO:0000166;GO:0000978;GO:0000981;GO:0003676;GO:0003677;GO:0003700;GO:0003723;GO:0003735;GO:0003747;GO:0003796;GO:0003824;GO:0003870;GO:0003953;GO:0004049;GO:0004066;GO:0004425;GO:0004487;GO:0004488;GO:0004497;GO:0004499;GO:0004553;GO:0004640;GO:0005506;GO:0005524;GO:0008168;GO:0008233;GO:0008270;GO:0008658;GO:0008710;GO:0008800;GO:0008843;GO:0015165;GO:0015297;GO:0016407;GO:0016491;GO:0016616;GO:0016705;GO:0016740;GO:0016746;GO:0016747;GO:0016757;GO:0016758;GO:0016765;GO:0016787;GO:0016788;GO:0016791;GO:0016887;GO:0019843;GO:0020037;GO:0030170;GO:0030234;GO:0030570;GO:0031419;GO:0035226;GO:0042626;GO:0042910;GO:0043565;GO:0046872;GO:0047184;GO:0048038;GO:0050135;GO:0050278;GO:0050660;GO:0050661;GO:0051536;GO:0051539;GO:0061809;GO:0071949;GO:0140359,"1-acylglycerophosphocholine O-acyltransferase activity;4 iron, 4 sulfur cluster binding;5-aminolevulinate synthase activity;8-amino-7-oxononanoate synthase activity;ABC-type transporter activity;ATP binding;ATP hydrolysis activity;ATPase-coupled transmembrane transporter activity;DNA binding;DNA-binding transcription factor activity;DNA-binding transcription factor activity, RNA polymerase II-specific;FAD binding;N,N-dimethylaniline monooxygenase activity;NAD+ nucleosidase activity;NAD+ nucleosidase activity, cyclic ADP-ribose generating;NADP binding;NADP+ nucleosidase activity;RNA binding;RNA polymerase II cis-regulatory region sequence-specific DNA binding;acetyltransferase activity;acyltransferase activity;acyltransferase activity, transferring groups other than amino-acyl groups;anthranilate synthase activity;antiporter activity;asparagine synthase (glutamine-hydrolyzing) activity;beta-lactamase activity;catalytic activity;cobalamin binding;endochitinase activity;enzyme regulator activity;flavin adenine dinucleotide binding;glutamate-cysteine ligase catalytic subunit binding;glycosyltransferase activity;heme binding;hexosyltransferase activity;hydrolase activity;hydrolase activity, acting on ester bonds;hydrolase activity, hydrolyzing O-glycosyl compounds;indole-3-glycerol-phosphate synthase activity;iron ion binding;iron-sulfur cluster binding;lysozyme activity;metal ion binding;methylenetetrahydrofolate dehydrogenase (NAD+) activity;methylenetetrahydrofolate dehydrogenase (NADP+) activity;methyltransferase activity;monooxygenase activity;nucleic acid binding;nucleotide binding;oxidoreductase activity;oxidoreductase activity, acting on paired donors, with incorporation or reduction of molecular oxygen;oxidoreductase activity, acting on the CH-OH group of donors, NAD or NADP as acceptor;pectate lyase activity;penicillin binding;peptidase activity;phosphatase activity;phosphoribosylanthranilate isomerase activity;pyridoxal phosphate binding;pyrimidine nucleotide-sugar transmembrane transporter activity;quinone binding;rRNA binding;sedoheptulose-bisphosphatase activity;sequence-specific DNA binding;structural constituent of ribosome;transferase activity;transferase activity, transferring alkyl or aryl (other than methyl) groups;translation release factor activity;xenobiotic transmembrane transporter activity;zinc ion binding"
YBL030C,backup,P04710,69,GO:0000166;GO:0000978;GO:0000981;GO:0003676;GO:0003677;GO:0003700;GO:0003723;GO:0003735;GO:0003747;GO:0003796;GO:0003824;GO:0003870;GO:0003953;GO:0004049;GO:0004066;GO:0004425;GO:0004487;GO:0004488;GO:0004497;GO:0004499;GO:0004553;GO:0004640;GO:0005506;GO:0005524;GO:0008168;GO:0008233;GO:0008270;GO:0008658;GO:0008710;GO:0008800;GO:0008843;GO:0015165;GO:0015297;GO:0016407;GO:0016491;GO:0016616;GO:0016705;GO:0016740;GO:0016746;GO:0016747;GO:0016757;GO:0016758;GO:0016765;GO:0016787;GO:0016788;GO:0016791;GO:0016887;GO:0019843;GO:0020037;GO:0030170;GO:0030234;GO:0030570;GO:0031419;GO:0035226;GO:0042626;GO:0042910;GO:0043565;GO:0046872;GO:0047184;GO:0048038;GO:0050135;GO:0050278;GO:0050660;GO:0050661;GO:0051536;GO:0051539;GO:0061809;GO:0071949;GO:0140359,"1-acylglycerophosphocholine O-acyltransferase activity;4 iron, 4 sulfur cluster binding;5-aminolevulinate synthase activity;8-amino-7-oxononanoate synthase activity;ABC-type transporter activity;ATP binding;ATP hydrolysis activity;ATPase-coupled transmembrane transporter activity;DNA binding;DNA-binding transcription factor activity;DNA-binding transcription factor activity, RNA polymerase II-specific;FAD binding;N,N-dimethylaniline monooxygenase activity;NAD+ nucleosidase activity;NAD+ nucleosidase activity, cyclic ADP-ribose generating;NADP binding;NADP+ nucleosidase activity;RNA binding;RNA polymerase II cis-regulatory region sequence-specific DNA binding;acetyltransferase activity;acyltransferase activity;acyltransferase activity, transferring groups other than amino-acyl groups;anthranilate synthase activity;antiporter activity;asparagine synthase (glutamine-hydrolyzing) activity;beta-lactamase activity;catalytic activity;cobalamin binding;endochitinase activity;enzyme regulator activity;flavin adenine dinucleotide binding;glutamate-cysteine ligase catalytic subunit binding;glycosyltransferase activity;heme binding;hexosyltransferase activity;hydrolase activity;hydrolase activity, acting on ester bonds;hydrolase activity, hydrolyzing O-glycosyl compounds;indole-3-glycerol-phosphate synthase activity;iron ion binding;iron-sulfur cluster binding;lysozyme activity;metal ion binding;methylenetetrahydrofolate dehydrogenase (NAD+) activity;methylenetetrahydrofolate dehydrogenase (NADP+) activity;methyltransferase activity;monooxygenase activity;nucleic acid binding;nucleotide binding;oxidoreductase activity;oxidoreductase activity, acting on paired donors, with incorporation or reduction of molecular oxygen;oxidoreductase activity, acting on the CH-OH group of donors, NAD or NADP as acceptor;pectate lyase activity;penicillin binding;peptidase activity;phosphatase activity;phosphoribosylanthranilate isomerase activity;pyridoxal phosphate binding;pyrimidine nucleotide-sugar transmembrane transporter activity;quinone binding;rRNA binding;sedoheptulose-bisphosphatase activity;sequence-specific DNA binding;structural constituent of ribosome;transferase activity;transferase activity, transferring alkyl or aryl (other than methyl) groups;translation release factor activity;xenobiotic transmembrane transporter activity;zinc ion binding"
YBR002C,essential,P35196,69,GO:0000166;GO:0000978;GO:0000981;GO:0003676;GO:0003677;GO:0003700;GO:0003723;GO:0003735;GO:0003747;GO:0003796;GO:0003824;GO:0003870;GO:0003953;GO:0004049;GO:0004066;GO:0004425;GO:0004487;GO:0004488;GO:0004497;GO:0004499;GO:0004553;GO:0004640;GO:0005506;GO:0005524;GO:0008168;GO:0008233;GO:0008270;GO:0008658;GO:0008710;GO:0008800;GO:0008843;GO:0015165;GO:0015297;GO:0016407;GO:0016491;GO:0016616;GO:0016705;GO:0016740;GO:0016746;GO:0016747;GO:0016757;GO:0016758;GO:0016765;GO:0016787;GO:0016788;GO:0016791;GO:0016887;GO:0019843;GO:0020037;GO:0030170;GO:0030234;GO:0030570;GO:0031419;GO:0035226;GO:0042626;GO:0042910;GO:0043565;GO:0046872;GO:0047184;GO:0048038;GO:0050135;GO:0050278;GO:0050660;GO:0050661;GO:0051536;GO:0051539;GO:0061809;GO:0071949;GO:0140359,"1-acylglycerophosphocholine O-acyltransferase activity;4 iron, 4 sulfur cluster binding;5-aminolevulinate synthase activity;8-amino-7-oxononanoate synthase activity;ABC-type transporter activity;ATP binding;ATP hydrolysis activity;ATPase-coupled transmembrane transporter activity;DNA binding;DNA-binding transcription factor activity;DNA-binding transcription factor activity, RNA polymerase II-specific;FAD binding;N,N-dimethylaniline monooxygenase activity;NAD+ nucleosidase activity;NAD+ nucleosidase activity, cyclic ADP-ribose generating;NADP binding;NADP+ nucleosidase activity;RNA binding;RNA polymerase II cis-regulatory region sequence-specific DNA binding;acetyltransferase activity;acyltransferase activity;acyltransferase activity, transferring groups other than amino-acyl groups;anthranilate synthase activity;antiporter activity;asparagine synthase (glutamine-hydrolyzing) activity;beta-lactamase activity;catalytic activity;cobalamin binding;endochitinase activity;enzyme regulator activity;flavin adenine dinucleotide binding;glutamate-cysteine ligase catalytic subunit binding;glycosyltransferase activity;heme binding;hexosyltransferase activity;hydrolase activity;hydrolase activity, acting on ester bonds;hydrolase activity, hydrolyzing O-glycosyl compounds;indole-3-glycerol-phosphate synthase activity;iron ion binding;iron-sulfur cluster binding;lysozyme activity;metal ion binding;methylenetetrahydrofolate dehydrogenase (NAD+) activity;methylenetetrahydrofolate dehydrogenase (NADP+) activity;methyltransferase activity;monooxygenase activity;nucleic acid binding;nucleotide binding;oxidoreductase activity;oxidoreductase activity, acting on paired donors, with incorporation or reduction of molecular oxygen;oxidoreductase activity, acting on the CH-OH group of donors, NAD or NADP as acceptor;pectate lyase activity;penicillin binding;peptidase activity;phosphatase activity;phosphoribosylanthranilate isomerase activity;pyridoxal phosphate binding;pyrimidine nucleotide-sugar transmembrane transporter activity;quinone binding;rRNA binding;sedoheptulose-bisphosphatase activity;sequence-specific DNA binding;structural constituent of ribosome;transferase activity;transferase activity, transferring alkyl or aryl (other than methyl) groups;translation release factor activity;xenobiotic transmembrane transporter activity;zinc ion binding"
YBR002C,backup,Q03175,69,GO:0000166;GO:0000978;GO:0000981;GO:0003676;GO:0003677;GO:0003700;GO:0003723;GO:0003735;GO:0003747;GO:0003796;GO:0003824;GO:0003870;GO:0003953;GO:0004049;GO:0004066;GO:0004425;GO:0004487;GO:0004488;GO:0004497;GO:0004499;GO:0004553;GO:0004640;GO:0005506;GO:0005524;GO:0008168;GO:0008233;GO:0008270;GO:0008658;GO:0008710;GO:0008800;GO:0008843;GO:0015165;GO:0015297;GO:0016407;GO:0016491;GO:0016616;GO:0016705;GO:0016740;GO:0016746;GO:0016747;GO:0016757;GO:0016758;GO:0016765;GO:0016787;GO:0016788;GO:0016791;GO:0016887;GO:0019843;GO:0020037;GO:0030170;GO:0030234;GO:0030570;GO:0031419;GO:0035226;GO:0042626;GO:0042910;GO:0043565;GO:0046872;GO:0047184;GO:0048038;GO:0050135;GO:0050278;GO:0050660;GO:0050661;GO:0051536;GO:0051539;GO:0061809;GO:0071949;GO:0140359,"1-acylglycerophosphocholine O-acyltransferase activity;4 iron, 4 sulfur cluster binding;5-aminolevulinate synthase activity;8-amino-7-oxononanoate synthase activity;ABC-type transporter activity;ATP binding;ATP hydrolysis activity;ATPase-coupled transmembrane transporter activity;DNA binding;DNA-binding transcription factor activity;DNA-binding transcription factor activity, RNA polymerase II-specific;FAD binding;N,N-dimethylaniline monooxygenase activity;NAD+ nucleosidase activity;NAD+ nucleosidase activity, cyclic ADP-ribose generating;NADP binding;NADP+ nucleosidase activity;RNA binding;RNA polymerase II cis-regulatory region sequence-specific DNA binding;acetyltransferase activity;acyltransferase activity;acyltransferase activity, transferring groups other than amino-acyl groups;anthranilate synthase activity;antiporter activity;asparagine synthase (glutamine-hydrolyzing) activity;beta-lactamase activity;catalytic activity;cobalamin binding;endochitinase activity;enzyme regulator activity;flavin adenine dinucleotide binding;glutamate-cysteine ligase catalytic subunit binding;glycosyltransferase activity;heme binding;hexosyltransferase activity;hydrolase activity;hydrolase activity, acting on ester bonds;hydrolase activity, hydrolyzing O-glycosyl compounds;indole-3-glycerol-phosphate synthase activity;iron ion binding;iron-sulfur cluster binding;lysozyme activity;metal ion binding;methylenetetrahydrofolate dehydrogenase (NAD+) activity;methylenetetrahydrofolate dehydrogenase (NADP+) activity;methyltransferase activity;monooxygenase activity;nucleic acid binding;nucleotide binding;oxidoreductase activity;oxidoreductase activity, acting on paired donors, with incorporation or reduction of molecular oxygen;oxidoreductase activity, acting on the CH-OH group of donors, NAD or NADP as acceptor;pectate lyase activity;penicillin binding;peptidase activity;phosphatase activity;phosphoribosylanthranilate isomerase activity;pyridoxal phosphate binding;pyrimidine nucleotide-sugar transmembrane transporter activity;quinone binding;rRNA binding;sedoheptulose-bisphosphatase activity;sequence-specific DNA binding;structural constituent of ribosome;transferase activity;transferase activity, transferring alkyl or aryl (other than methyl) groups;translation release factor activity;xenobiotic transmembrane transporter activity;zinc ion binding"
YBR038W,essential,P14180,69,GO:0000166;GO:0000978;GO:0000981;GO:0003676;GO:0003677;GO:0003700;GO:0003723;GO:0003735;GO:0003747;GO:0003796;GO:0003824;GO:0003870;GO:0003953;GO:0004049;GO:0004066;GO:0004425;GO:0004487;GO:0004488;GO:0004497;GO:0004499;GO:0004553;GO:0004640;GO:0005506;GO:0005524;GO:0008168;GO:0008233;GO:0008270;GO:0008658;GO:0008710;GO:0008800;GO:0008843;GO:0015165;GO:0015297;GO:0016407;GO:0016491;GO:0016616;GO:0016705;GO:0016740;GO:0016746;GO:0016747;GO:0016757;GO:0016758;GO:0016765;GO:0016787;GO:0016788;GO:0016791;GO:0016887;GO:0019843;GO:0020037;GO:0030170;GO:0030234;GO:0030570;GO:0031419;GO:0035226;GO:0042626;GO:0042910;GO:0043565;GO:0046872;GO:0047184;GO:0048038;GO:0050135;GO:0050278;GO:0050660;GO:0050661;GO:0051536;GO:0051539;GO:0061809;GO:0071949;GO:0140359,"1-acylglycerophosphocholine O-acyltransferase activity;4 iron, 4 sulfur cluster binding;5-aminolevulinate synthase activity;8-amino-7-oxononanoate synthase activity;ABC-type transporter activity;ATP binding;ATP hydrolysis activity;ATPase-coupled transmembrane transporter activity;DNA binding;DNA-binding transcription factor activity;DNA-binding transcription factor activity, RNA polymerase II-specific;FAD binding;N,N-dimethylaniline monooxygenase activity;NAD+ nucleosidase activity;NAD+ nucleosidase activity, cyclic ADP-ribose generating;NADP binding;NADP+ nucleosidase activity;RNA binding;RNA polymerase II cis-regulatory region sequence-specific DNA binding;acetyltransferase activity;acyltransferase activity;acyltransferase activity, transferring groups other than amino-acyl groups;anthranilate synthase activity;antiporter activity;asparagine synthase (glutamine-hydrolyzing) activity;beta-lactamase activity;catalytic activity;cobalamin binding;endochitinase activity;enzyme regulator activity;flavin adenine dinucleotide binding;glutamate-cysteine ligase catalytic subunit binding;glycosyltransferase activity;heme binding;hexosyltransferase activity;hydrolase activity;hydrolase activity, acting on ester bonds;hydrolase activity, hydrolyzing O-glycosyl compounds;indole-3-glycerol-phosphate synthase activity;iron ion binding;iron-sulfur cluster binding;lysozyme activity;metal ion binding;methylenetetrahydrofolate dehydrogenase (NAD+) activity;methylenetetrahydrofolate dehydrogenase (NADP+) activity;methyltransferase activity;monooxygenase activity;nucleic acid binding;nucleotide binding;oxidoreductase activity;oxidoreductase activity, acting on paired donors, with incorporation or reduction of molecular oxygen;oxidoreductase activity, acting on the CH-OH group of donors, NAD or NADP as acceptor;pectate lyase activity;penicillin binding;peptidase activity;phosphatase activity;phosphoribosylanthranilate isomerase activity;pyridoxal phosphate binding;pyrimidine nucleotide-sugar transmembrane transporter activity;quinone binding;rRNA binding;sedoheptulose-bisphosphatase activity;sequence-specific DNA binding;structural constituent of ribosome;transferase activity;transferase activity, transferring alkyl or aryl (other than methyl) groups;translation release factor activity;xenobiotic transmembrane transporter activity;zinc ion binding"
YBR038W,backup,P08004,69,GO:0000166;GO:0000978;GO:0000981;GO:0003676;GO:0003677;GO:0003700;GO:0003723;GO:0003735;GO:0003747;GO:0003796;GO:0003824;GO:0003870;GO:0003953;GO:0004049;GO:0004066;GO:0004425;GO:0004487;GO:0004488;GO:0004497;GO:0004499;GO:0004553;GO:0004640;GO:0005506;GO:0005524;GO:0008168;GO:0008233;GO:0008270;GO:0008658;GO:0008710;GO:0008800;GO:0008843;GO:0015165;GO:0015297;GO:0016407;GO:0016491;GO:0016616;GO:0016705;GO:0016740;GO:0016746;GO:0016747;GO:0016757;GO:0016758;GO:0016765;GO:0016787;GO:0016788;GO:0016791;GO:0016887;GO:0019843;GO:0020037;GO:0030170;GO:0030234;GO:0030570;GO:0031419;GO:0035226;GO:0042626;GO:0042910;GO:0043565;GO:0046872;GO:0047184;GO:0048038;GO:0050135;GO:0050278;GO:0050660;GO:0050661;GO:0051536;GO:0051539;GO:0061809;GO:0071949;GO:0140359,"1-acylglycerophosphocholine O-acyltransferase activity;4 iron, 4 sulfur cluster binding;5-aminolevulinate synthase activity;8-amino-7-oxononanoate synthase activity;ABC-type transporter activity;ATP binding;ATP hydrolysis activity;ATPase-coupled transmembrane transporter activity;DNA binding;DNA-binding transcription factor activity;DNA-binding transcription factor activity, RNA polymerase II-specific;FAD binding;N,N-dimethylaniline monooxygenase activity;NAD+ nucleosidase activity;NAD+ nucleosidase activity, cyclic ADP-ribose generating;NADP binding;NADP+ nucleosidase activity;RNA binding;RNA polymerase II cis-regulatory region sequence-specific DNA binding;acetyltransferase activity;acyltransferase activity;acyltransferase activity, transferring groups other than amino-acyl groups;anthranilate synthase activity;antiporter activity;asparagine synthase (glutamine-hydrolyzing) activity;beta-lactamase activity;catalytic activity;cobalamin binding;endochitinase activity;enzyme regulator activity;flavin adenine dinucleotide binding;glutamate-cysteine ligase catalytic subunit binding;glycosyltransferase activity;heme binding;hexosyltransferase activity;hydrolase activity;hydrolase activity, acting on ester bonds;hydrolase activity, hydrolyzing O-glycosyl compounds;indole-3-glycerol-phosphate synthase activity;iron ion binding;iron-sulfur cluster binding;lysozyme activity;metal ion binding;methylenetetrahydrofolate dehydrogenase (NAD+) activity;methylenetetrahydrofolate dehydrogenase (NADP+) activity;methyltransferase activity;monooxygenase activity;nucleic acid binding;nucleotide binding;oxidoreductase activity;oxidoreductase activity, acting on paired donors, with incorporation or reduction of molecular oxygen;oxidoreductase activity, acting on the CH-OH group of donors, NAD or NADP as acceptor;pectate lyase activity;penicillin binding;peptidase activity;phosphatase activity;phosphoribosylanthranilate isomerase activity;pyridoxal phosphate binding;pyrimidine nucleotide-sugar transmembrane transporter activity;quinone binding;rRNA binding;sedoheptulose-bisphosphatase activity;sequence-specific DNA binding;structural constituent of ribosome;transferase activity;transferase activity, transferring alkyl or aryl (other than methyl) groups;translation release factor activity;xenobiotic transmembrane transporter activity;zinc ion binding"
YBR252W,essential,P33317,69,GO:0000166;GO:0000978;GO:0000981;GO:0003676;GO:0003677;GO:0003700;GO:0003723;GO:0003735;GO:0003747;GO:0003796;GO:0003824;GO:0003870;GO:0003953;GO:0004049;GO:0004066;GO:0004425;GO:0004487;GO:0004488;GO:0004497;GO:0004499;GO:0004553;GO:0004640;GO:0005506;GO:0005524;GO:0008168;GO:0008233;GO:0008270;GO:0008658;GO:0008710;GO:0008800;GO:0008843;GO:0015165;GO:0015297;GO:0016407;GO:0016491;GO:0016616;GO:0016705;GO:0016740;GO:0016746;GO:0016747;GO:0016757;GO:0016758;GO:0016765;GO:0016787;GO:0016788;GO:0016791;GO:0016887;GO:0019843;GO:0020037;GO:0030170;GO:0030234;GO:0030570;GO:0031419;GO:0035226;GO:0042626;GO:0042910;GO:0043565;GO:0046872;GO:0047184;GO:0048038;GO:0050135;GO:0050278;GO:0050660;GO:0050661;GO:0051536;GO:0051539;GO:0061809;GO:0071949;GO:0140359,"1-acylglycerophosphocholine O-acyltransferase activity;4 iron, 4 sulfur cluster binding;5-aminolevulinate synthase activity;8-amino-7-oxononanoate synthase activity;ABC-type transporter activity;ATP binding;ATP hydrolysis activity;ATPase-coupled transmembrane transporter activity;DNA binding;DNA-binding transcription factor activity;DNA-binding transcription factor activity, RNA polymerase II-specific;FAD binding;N,N-dimethylaniline monooxygenase activity;NAD+ nucleosidase activity;NAD+ nucleosidase activity, cyclic ADP-ribose generating;NADP binding;NADP+ nucleosidase activity;RNA binding;RNA polymerase II cis-regulatory region sequence-specific DNA binding;acetyltransferase activity;acyltransferase activity;acyltransferase activity, transferring groups other than amino-acyl groups;anthranilate synthase activity;antiporter activity;asparagine synthase (glutamine-hydrolyzing) activity;beta-lactamase activity;catalytic activity;cobalamin binding;endochitinase activity;enzyme regulator activity;flavin adenine dinucleotide binding;glutamate-cysteine ligase catalytic subunit binding;glycosyltransferase activity;heme binding;hexosyltransferase activity;hydrolase activity;hydrolase activity, acting on ester bonds;hydrolase activity, hydrolyzing O-glycosyl compounds;indole-3-glycerol-phosphate synthase activity;iron ion binding;iron-sulfur cluster binding;lysozyme activity;metal ion binding;methylenetetrahydrofolate dehydrogenase (NAD+) activity;methylenetetrahydrofolate dehydrogenase (NADP+) activity;methyltransferase activity;monooxygenase activity;nucleic acid binding;nucleotide binding;oxidoreductase activity;oxidoreductase activity, acting on paired donors, with incorporation or reduction of molecular oxygen;oxidoreductase activity, acting on the CH-OH group of donors, NAD or NADP as acceptor;pectate lyase activity;penicillin binding;peptidase activity;phosphatase activity;phosphoribosylanthranilate isomerase activity;pyridoxal phosphate binding;pyrimidine nucleotide-sugar transmembrane transporter activity;quinone binding;rRNA binding;sedoheptulose-bisphosphatase activity;sequence-specific DNA binding;structural constituent of ribosome;transferase activity;transferase activity, transferring alkyl or aryl (other than methyl) groups;translation release factor activity;xenobiotic transmembrane transporter activity;zinc ion binding"
YDR023W,essential,P07284,69,GO:0000166;GO:0000978;GO:0000981;GO:0003676;GO:0003677;GO:0003700;GO:0003723;GO:0003735;GO:0003747;GO:0003796;GO:0003824;GO:0003870;GO:0003953;GO:0004049;GO:0004066;GO:0004425;GO:0004487;GO:0004488;GO:0004497;GO:0004499;GO:0004553;GO:0004640;GO:0005506;GO:0005524;GO:0008168;GO:0008233;GO:0008270;GO:0008658;GO:0008710;GO:0008800;GO:0008843;GO:0015165;GO:0015297;GO:0016407;GO:0016491;GO:0016616;GO:0016705;GO:0016740;GO:0016746;GO:0016747;GO:0016757;GO:0016758;GO:0016765;GO:0016787;GO:0016788;GO:0016791;GO:0016887;GO:0019843;GO:0020037;GO:0030170;GO:0030234;GO:0030570;GO:0031419;GO:0035226;GO:0042626;GO:0042910;GO:0043565;GO:0046872;GO:0047184;GO:0048038;GO:0050135;GO:0050278;GO:0050660;GO:0050661;GO:0051536;GO:0051539;GO:0061809;GO:0071949;GO:0140359,"1-acylglycerophosphocholine O-acyltransferase activity;4 iron, 4 sulfur cluster binding;5-aminolevulinate synthase activity;8-amino-7-oxononanoate synthase activity;ABC-type transporter activity;ATP binding;ATP hydrolysis activity;ATPase-coupled transmembrane transporter activity;DNA binding;DNA-binding transcription factor activity;DNA-binding transcription factor activity, RNA polymerase II-specific;FAD binding;N,N-dimethylaniline monooxygenase activity;NAD+ nucleosidase activity;NAD+ nucleosidase activity, cyclic ADP-ribose generating;NADP binding;NADP+ nucleosidase activity;RNA binding;RNA polymerase II cis-regulatory region sequence-specific DNA binding;acetyltransferase activity;acyltransferase activity;acyltransferase activity, transferring groups other than amino-acyl groups;anthranilate synthase activity;antiporter activity;asparagine synthase (glutamine-hydrolyzing) activity;beta-lactamase activity;catalytic activity;cobalamin binding;endochitinase activity;enzyme regulator activity;flavin adenine dinucleotide binding;glutamate-cysteine ligase catalytic subunit binding;glycosyltransferase activity;heme binding;hexosyltransferase activity;hydrolase activity;hydrolase activity, acting on ester bonds;hydrolase activity, hydrolyzing O-glycosyl compounds;indole-3-glycerol-phosphate synthase activity;iron ion binding;iron-sulfur cluster binding;lysozyme activity;metal ion binding;methylenetetrahydrofolate dehydrogenase (NAD+) activity;methylenetetrahydrofolate dehydrogenase (NADP+) activity;methyltransferase activity;monooxygenase activity;nucleic acid binding;nucleotide binding;oxidoreductase activity;oxidoreductase activity, acting on paired donors, with incorporation or reduction of molecular oxygen;oxidoreductase activity, acting on the CH-OH group of donors, NAD or NADP as acceptor;pectate lyase activity;penicillin binding;peptidase activity;phosphatase activity;phosphoribosylanthranilate isomerase activity;pyridoxal phosphate binding;pyrimidine nucleotide-sugar transmembrane transporter activity;quinone binding;rRNA binding;sedoheptulose-bisphosphatase activity;sequence-specific DNA binding;structural constituent of ribosome;transferase activity;transferase activity, transferring alkyl or aryl (other than methyl) groups;translation release factor activity;xenobiotic transmembrane transporter activity;zinc ion binding"
YDR023W,backup,P38705,69,GO:0000166;GO:0000978;GO:0000981;GO:0003676;GO:0003677;GO:0003700;GO:0003723;GO:0003735;GO:0003747;GO:0003796;GO:0003824;GO:0003870;GO:0003953;GO:0004049;GO:0004066;GO:0004425;GO:0004487;GO:0004488;GO:0004497;GO:0004499;GO:0004553;GO:0004640;GO:0005506;GO:0005524;GO:0008168;GO:0008233;GO:0008270;GO:0008658;GO:0008710;GO:0008800;GO:0008843;GO:0015165;GO:0015297;GO:0016407;GO:0016491;GO:0016616;GO:0016705;GO:0016740;GO:0016746;GO:0016747;GO:0016757;GO:0016758;GO:0016765;GO:0016787;GO:0016788;GO:0016791;GO:0016887;GO:0019843;GO:0020037;GO:0030170;GO:0030234;GO:0030570;GO:0031419;GO:0035226;GO:0042626;GO:0042910;GO:0043565;GO:0046872;GO:0047184;GO:0048038;GO:0050135;GO:0050278;GO:0050660;GO:0050661;GO:0051536;GO:0051539;GO:0061809;GO:0071949;GO:0140359,"1-acylglycerophosphocholine O-acyltransferase activity;4 iron, 4 sulfur cluster binding;5-aminolevulinate synthase activity;8-amino-7-oxononanoate synthase activity;ABC-type transporter activity;ATP binding;ATP hydrolysis activity;ATPase-coupled transmembrane transporter activity;DNA binding;DNA-binding transcription factor activity;DNA-binding transcription factor activity, RNA polymerase II-specific;FAD binding;N,N-dimethylaniline monooxygenase activity;NAD+ nucleosidase activity;NAD+ nucleosidase activity, cyclic ADP-ribose generating;NADP binding;NADP+ nucleosidase activity;RNA binding;RNA polymerase II cis-regulatory region sequence-specific DNA binding;acetyltransferase activity;acyltransferase activity;acyltransferase activity, transferring groups other than amino-acyl groups;anthranilate synthase activity;antiporter activity;asparagine synthase (glutamine-hydrolyzing) activity;beta-lactamase activity;catalytic activity;cobalamin binding;endochitinase activity;enzyme regulator activity;flavin adenine dinucleotide binding;glutamate-cysteine ligase catalytic subunit binding;glycosyltransferase activity;heme binding;hexosyltransferase activity;hydrolase activity;hydrolase activity, acting on ester bonds;hydrolase activity, hydrolyzing O-glycosyl compounds;indole-3-glycerol-phosphate synthase activity;iron ion binding;iron-sulfur cluster binding;lysozyme activity;metal ion binding;methylenetetrahydrofolate dehydrogenase (NAD+) activity;methylenetetrahydrofolate dehydrogenase (NADP+) activity;methyltransferase activity;monooxygenase activity;nucleic acid binding;nucleotide binding;oxidoreductase activity;oxidoreductase activity, acting on paired donors, with incorporation or reduction of molecular oxygen;oxidoreductase activity, acting on the CH-OH group of donors, NAD or NADP as acceptor;pectate lyase activity;penicillin binding;peptidase activity;phosphatase activity;phosphoribosylanthranilate isomerase activity;pyridoxal phosphate binding;pyrimidine nucleotide-sugar transmembrane transporter activity;quinone binding;rRNA binding;sedoheptulose-bisphosphatase activity;sequence-specific DNA binding;structural constituent of ribosome;transferase activity;transferase activity, transferring alkyl or aryl (other than methyl) groups;translation release factor activity;xenobiotic transmembrane transporter activity;zinc ion binding"
YDR302W,essential,Q06636,69,GO:0000166;GO:0000978;GO:0000981;GO:0003676;GO:0003677;GO:0003700;GO:0003723;GO:0003735;GO:0003747;GO:0003796;GO:0003824;GO:0003870;GO:0003953;GO:0004049;GO:0004066;GO:0004425;GO:0004487;GO:0004488;GO:0004497;GO:0004499;GO:0004553;GO:0004640;GO:0005506;GO:0005524;GO:0008168;GO:0008233;GO:0008270;GO:0008658;GO:0008710;GO:0008800;GO:0008843;GO:0015165;GO:0015297;GO:0016407;GO:0016491;GO:0016616;GO:0016705;GO:0016740;GO:0016746;GO:0016747;GO:0016757;GO:0016758;GO:0016765;GO:0016787;GO:0016788;GO:0016791;GO:0016887;GO:0019843;GO:0020037;GO:0030170;GO:0030234;GO:0030570;GO:0031419;GO:0035226;GO:0042626;GO:0042910;GO:0043565;GO:0046872;GO:0047184;GO:0048038;GO:0050135;GO:0050278;GO:0050660;GO:0050661;GO:0051536;GO:0051539;GO:0061809;GO:0071949;GO:0140359,"1-acylglycerophosphocholine O-acyltransferase activity;4 iron, 4 sulfur cluster binding;5-aminolevulinate synthase activity;8-amino-7-oxononanoate synthase activity;ABC-type transporter activity;ATP binding;ATP hydrolysis activity;ATPase-coupled transmembrane transporter activity;DNA binding;DNA-binding transcription factor activity;DNA-binding transcription factor activity, RNA polymerase II-specific;FAD binding;N,N-dimethylaniline monooxygenase activity;NAD+ nucleosidase activity;NAD+ nucleosidase activity, cyclic ADP-ribose generating;NADP binding;NADP+ nucleosidase activity;RNA binding;RNA polymerase II cis-regulatory region sequence-specific DNA binding;acetyltransferase activity;acyltransferase activity;acyltransferase activity, transferring groups other than amino-acyl groups;anthranilate synthase activity;antiporter activity;asparagine synthase (glutamine-hydrolyzing) activity;beta-lactamase activity;catalytic activity;cobalamin binding;endochitinase activity;enzyme regulator activity;flavin adenine dinucleotide binding;glutamate-cysteine ligase catalytic subunit binding;glycosyltransferase activity;heme binding;hexosyltransferase activity;hydrolase activity;hydrolase activity, acting on ester bonds;hydrolase activity, hydrolyzing O-glycosyl compounds;indole-3-glycerol-phosphate synthase activity;iron ion binding;iron-sulfur cluster binding;lysozyme activity;metal ion binding;methylenetetrahydrofolate dehydrogenase (NAD+) activity;methylenetetrahydrofolate dehydrogenase (NADP+) activity;methyltransferase activity;monooxygenase activity;nucleic acid binding;nucleotide binding;oxidoreductase activity;oxidoreductase activity, acting on paired donors, with incorporation or reduction of molecular oxygen;oxidoreductase activity, acting on the CH-OH group of donors, NAD or NADP as acceptor;pectate lyase activity;penicillin binding;peptidase activity;phosphatase activity;phosphoribosylanthranilate isomerase activity;pyridoxal phosphate binding;pyrimidine nucleotide-sugar transmembrane transporter activity;quinone binding;rRNA binding;sedoheptulose-bisphosphatase activity;sequence-specific DNA binding;structural constituent of ribosome;transferase activity;transferase activity, transferring alkyl or aryl (other than methyl) groups;translation release factor activity;xenobiotic transmembrane transporter activity;zinc ion binding"
YDR376W,essential,P48360,69,GO:0000166;GO:0000978;GO:0000981;GO:0003676;GO:0003677;GO:0003700;GO:0003723;GO:0003735;GO:0003747;GO:0003796;GO:0003824;GO:0003870;GO:0003953;GO:0004049;GO:0004066;GO:0004425;GO:0004487;GO:0004488;GO:0004497;GO:0004499;GO:0004553;GO:0004640;GO:0005506;GO:0005524;GO:0008168;GO:0008233;GO:0008270;GO:0008658;GO:0008710;GO:0008800;GO:0008843;GO:0015165;GO:0015297;GO:0016407;GO:0016491;GO:0016616;GO:0016705;GO:0016740;GO:0016746;GO:0016747;GO:0016757;GO:0016758;GO:0016765;GO:0016787;GO:0016788;GO:0016791;GO:0016887;GO:0019843;GO:0020037;GO:0030170;GO:0030234;GO:0030570;GO:0031419;GO:0035226;GO:0042626;GO:0042910;GO:0043565;GO:0046872;GO:0047184;GO:0048038;GO:0050135;GO:0050278;GO:0050660;GO:0050661;GO:0051536;GO:0051539;GO:0061809;GO:0071949;GO:0140359,"1-acylglycerophosphocholine O-acyltransferase activity;4 iron, 4 sulfur cluster binding;5-aminolevulinate synthase activity;8-amino-7-oxononanoate synthase activity;ABC-type transporter activity;ATP binding;ATP hydrolysis activity;ATPase-coupled transmembrane transporter activity;DNA binding;DNA-binding transcription factor activity;DNA-binding transcription factor activity, RNA polymerase II-specific;FAD binding;N,N-dimethylaniline monooxygenase activity;NAD+ nucleosidase activity;NAD+ nucleosidase activity, cyclic ADP-ribose generating;NADP binding;NADP+ nucleosidase activity;RNA binding;RNA polymerase II cis-regulatory region sequence-specific DNA binding;acetyltransferase activity;acyltransferase activity;acyltransferase activity, transferring groups other than amino-acyl groups;anthranilate synthase activity;antiporter activity;asparagine synthase (glutamine-hydrolyzing) activity;beta-lactamase activity;catalytic activity;cobalamin binding;endochitinase activity;enzyme regulator activity;flavin adenine dinucleotide binding;glutamate-cysteine ligase catalytic subunit binding;glycosyltransferase activity;heme binding;hexosyltransferase activity;hydrolase activity;hydrolase activity, acting on ester bonds;hydrolase activity, hydrolyzing O-glycosyl compounds;indole-3-glycerol-phosphate synthase activity;iron ion binding;iron-sulfur cluster binding;lysozyme activity;metal ion binding;methylenetetrahydrofolate dehydrogenase (NAD+) activity;methylenetetrahydrofolate dehydrogenase (NADP+) activity;methyltransferase activity;monooxygenase activity;nucleic acid binding;nucleotide binding;oxidoreductase activity;oxidoreductase activity, acting on paired donors, with incorporation or reduction of molecular oxygen;oxidoreductase activity, acting on the CH-OH group of donors, NAD or NADP as acceptor;pectate lyase activity;penicillin binding;peptidase activity;phosphatase activity;phosphoribosylanthranilate isomerase activity;pyridoxal phosphate binding;pyrimidine nucleotide-sugar transmembrane transporter activity;quinone binding;rRNA binding;sedoheptulose-bisphosphatase activity;sequence-specific DNA binding;structural constituent of ribosome;transferase activity;transferase activity, transferring alkyl or aryl (other than methyl) groups;translation release factor activity;xenobiotic transmembrane transporter activity;zinc ion binding"
YGL008C,essential,P05030,69,GO:0000166;GO:0000978;GO:0000981;GO:0003676;GO:0003677;GO:0003700;GO:0003723;GO:0003735;GO:0003747;GO:0003796;GO:0003824;GO:0003870;GO:0003953;GO:0004049;GO:0004066;GO:0004425;GO:0004487;GO:0004488;GO:0004497;GO:0004499;GO:0004553;GO:0004640;GO:0005506;GO:0005524;GO:0008168;GO:0008233;GO:0008270;GO:0008658;GO:0008710;GO:0008800;GO:0008843;GO:0015165;GO:0015297;GO:0016407;GO:0016491;GO:0016616;GO:0016705;GO:0016740;GO:0016746;GO:0016747;GO:0016757;GO:0016758;GO:0016765;GO:0016787;GO:0016788;GO:0016791;GO:0016887;GO:0019843;GO:0020037;GO:0030170;GO:0030234;GO:0030570;GO:0031419;GO:0035226;GO:0042626;GO:0042910;GO:0043565;GO:0046872;GO:0047184;GO:0048038;GO:0050135;GO:0050278;GO:0050660;GO:0050661;GO:0051536;GO:0051539;GO:0061809;GO:0071949;GO:0140359,"1-acylglycerophosphocholine O-acyltransferase activity;4 iron, 4 sulfur cluster binding;5-aminolevulinate synthase activity;8-amino-7-oxononanoate synthase activity;ABC-type transporter activity;ATP binding;ATP hydrolysis activity;ATPase-coupled transmembrane transporter activity;DNA binding;DNA-binding transcription factor activity;DNA-binding transcription factor activity, RNA polymerase II-specific;FAD binding;N,N-dimethylaniline monooxygenase activity;NAD+ nucleosidase activity;NAD+ nucleosidase activity, cyclic ADP-ribose generating;NADP binding;NADP+ nucleosidase activity;RNA binding;RNA polymerase II cis-regulatory region sequence-specific DNA binding;acetyltransferase activity;acyltransferase activity;acyltransferase activity, transferring groups other than amino-acyl groups;anthranilate synthase activity;antiporter activity;asparagine synthase (glutamine-hydrolyzing) activity;beta-lactamase activity;catalytic activity;cobalamin binding;endochitinase activity;enzyme regulator activity;flavin adenine dinucleotide binding;glutamate-cysteine ligase catalytic subunit binding;glycosyltransferase activity;heme binding;hexosyltransferase activity;hydrolase activity;hydrolase activity, acting on ester bonds;hydrolase activity, hydrolyzing O-glycosyl compounds;indole-3-glycerol-phosphate synthase activity;iron ion binding;iron-sulfur cluster binding;lysozyme activity;metal ion binding;methylenetetrahydrofolate dehydrogenase (NAD+) activity;methylenetetrahydrofolate dehydrogenase (NADP+) activity;methyltransferase activity;monooxygenase activity;nucleic acid binding;nucleotide binding;oxidoreductase activity;oxidoreductase activity, acting on paired donors, with incorporation or reduction of molecular oxygen;oxidoreductase activity, acting on the CH-OH group of donors, NAD or NADP as acceptor;pectate lyase activity;penicillin binding;peptidase activity;phosphatase activity;phosphoribosylanthranilate isomerase activity;pyridoxal phosphate binding;pyrimidine nucleotide-sugar transmembrane transporter activity;quinone binding;rRNA binding;sedoheptulose-bisphosphatase activity;sequence-specific DNA binding;structural constituent of ribosome;transferase activity;transferase activity, transferring alkyl or aryl (other than methyl) groups;translation release factor activity;xenobiotic transmembrane transporter activity;zinc ion binding"
YGL008C,backup,P19657,69,GO:0000166;GO:0000978;GO:0000981;GO:0003676;GO:0003677;GO:0003700;GO:0003723;GO:0003735;GO:0003747;GO:0003796;GO:0003824;GO:0003870;GO:0003953;GO:0004049;GO:0004066;GO:0004425;GO:0004487;GO:0004488;GO:0004497;GO:0004499;GO:0004553;GO:0004640;GO:0005506;GO:0005524;GO:0008168;GO:0008233;GO:0008270;GO:0008658;GO:0008710;GO:0008800;GO:0008843;GO:0015165;GO:0015297;GO:0016407;GO:0016491;GO:0016616;GO:0016705;GO:0016740;GO:0016746;GO:0016747;GO:0016757;GO:0016758;GO:0016765;GO:0016787;GO:0016788;GO:0016791;GO:0016887;GO:0019843;GO:0020037;GO:0030170;GO:0030234;GO:0030570;GO:0031419;GO:0035226;GO:0042626;GO:0042910;GO:0043565;GO:0046872;GO:0047184;GO:0048038;GO:0050135;GO:0050278;GO:0050660;GO:0050661;GO:0051536;GO:0051539;GO:0061809;GO:0071949;GO:0140359,"1-acylglycerophosphocholine O-acyltransferase activity;4 iron, 4 sulfur cluster binding;5-aminolevulinate synthase activity;8-amino-7-oxononanoate synthase activity;ABC-type transporter activity;ATP binding;ATP hydrolysis activity;ATPase-coupled transmembrane transporter activity;DNA binding;DNA-binding transcription factor activity;DNA-binding transcription factor activity, RNA polymerase II-specific;FAD binding;N,N-dimethylaniline monooxygenase activity;NAD+ nucleosidase activity;NAD+ nucleosidase activity, cyclic ADP-ribose generating;NADP binding;NADP+ nucleosidase activity;RNA binding;RNA polymerase II cis-regulatory region sequence-specific DNA binding;acetyltransferase activity;acyltransferase activity;acyltransferase activity, transferring groups other than amino-acyl groups;anthranilate synthase activity;antiporter activity;asparagine synthase (glutamine-hydrolyzing) activity;beta-lactamase activity;catalytic activity;cobalamin binding;endochitinase activity;enzyme regulator activity;flavin adenine dinucleotide binding;glutamate-cysteine ligase catalytic subunit binding;glycosyltransferase activity;heme binding;hexosyltransferase activity;hydrolase activity;hydrolase activity, acting on ester bonds;hydrolase activity, hydrolyzing O-glycosyl compounds;indole-3-glycerol-phosphate synthase activity;iron ion binding;iron-sulfur cluster binding;lysozyme activity;metal ion binding;methylenetetrahydrofolate dehydrogenase (NAD+) activity;methylenetetrahydrofolate dehydrogenase (NADP+) activity;methyltransferase activity;monooxygenase activity;nucleic acid binding;nucleotide binding;oxidoreductase activity;oxidoreductase activity, acting on paired donors, with incorporation or reduction of molecular oxygen;oxidoreductase activity, acting on the CH-OH group of donors, NAD or NADP as acceptor;pectate lyase activity;penicillin binding;peptidase activity;phosphatase activity;phosphoribosylanthranilate isomerase activity;pyridoxal phosphate binding;pyrimidine nucleotide-sugar transmembrane transporter activity;quinone binding;rRNA binding;sedoheptulose-bisphosphatase activity;sequence-specific DNA binding;structural constituent of ribosome;transferase activity;transferase activity, transferring alkyl or aryl (other than methyl) groups;translation release factor activity;xenobiotic transmembrane transporter activity;zinc ion binding"
YGR191W,essential,P06775,69,GO:0000166;GO:0000978;GO:0000981;GO:0003676;GO:0003677;GO:0003700;GO:0003723;GO:0003735;GO:0003747;GO:0003796;GO:0003824;GO:0003870;GO:0003953;GO:0004049;GO:0004066;GO:0004425;GO:0004487;GO:0004488;GO:0004497;GO:0004499;GO:0004553;GO:0004640;GO:0005506;GO:0005524;GO:0008168;GO:0008233;GO:0008270;GO:0008658;GO:0008710;GO:0008800;GO:0008843;GO:0015165;GO:0015297;GO:0016407;GO:0016491;GO:0016616;GO:0016705;GO:0016740;GO:0016746;GO:0016747;GO:0016757;GO:0016758;GO:0016765;GO:0016787;GO:0016788;GO:0016791;GO:0016887;GO:0019843;GO:0020037;GO:0030170;GO:0030234;GO:0030570;GO:0031419;GO:0035226;GO:0042626;GO:0042910;GO:0043565;GO:0046872;GO:0047184;GO:0048038;GO:0050135;GO:0050278;GO:0050660;GO:0050661;GO:0051536;GO:0051539;GO:0061809;GO:0071949;GO:0140359,"1-acylglycerophosphocholine O-acyltransferase activity;4 iron, 4 sulfur cluster binding;5-aminolevulinate synthase activity;8-amino-7-oxononanoate synthase activity;ABC-type transporter activity;ATP binding;ATP hydrolysis activity;ATPase-coupled transmembrane transporter activity;DNA binding;DNA-binding transcription factor activity;DNA-binding transcription factor activity, RNA polymerase II-specific;FAD binding;N,N-dimethylaniline monooxygenase activity;NAD+ nucleosidase activity;NAD+ nucleosidase activity, cyclic ADP-ribose generating;NADP binding;NADP+ nucleosidase activity;RNA binding;RNA polymerase II cis-regulatory region sequence-specific DNA binding;acetyltransferase activity;acyltransferase activity;acyltransferase activity, transferring groups other than amino-acyl groups;anthranilate synthase activity;antiporter activity;asparagine synthase (glutamine-hydrolyzing) activity;beta-lactamase activity;catalytic activity;cobalamin binding;endochitinase activity;enzyme regulator activity;flavin adenine dinucleotide binding;glutamate-cysteine ligase catalytic subunit binding;glycosyltransferase activity;heme binding;hexosyltransferase activity;hydrolase activity;hydrolase activity, acting on ester bonds;hydrolase activity, hydrolyzing O-glycosyl compounds;indole-3-glycerol-phosphate synthase activity;iron ion binding;iron-sulfur cluster binding;lysozyme activity;metal ion binding;methylenetetrahydrofolate dehydrogenase (NAD+) activity;methylenetetrahydrofolate dehydrogenase (NADP+) activity;methyltransferase activity;monooxygenase activity;nucleic acid binding;nucleotide binding;oxidoreductase activity;oxidoreductase activity, acting on paired donors, with incorporation or reduction of molecular oxygen;oxidoreductase activity, acting on the CH-OH group of donors, NAD or NADP as acceptor;pectate lyase activity;penicillin binding;peptidase activity;phosphatase activity;phosphoribosylanthranilate isomerase activity;pyridoxal phosphate binding;pyrimidine nucleotide-sugar transmembrane transporter activity;quinone binding;rRNA binding;sedoheptulose-bisphosphatase activity;sequence-specific DNA binding;structural constituent of ribosome;transferase activity;transferase activity, transferring alkyl or aryl (other than methyl) groups;translation release factor activity;xenobiotic transmembrane transporter activity;zinc ion binding"
YGR191W,backup,P19145,69,GO:0000166;GO:0000978;GO:0000981;GO:0003676;GO:0003677;GO:0003700;GO:0003723;GO:0003735;GO:0003747;GO:0003796;GO:0003824;GO:0003870;GO:0003953;GO:0004049;GO:0004066;GO:0004425;GO:0004487;GO:0004488;GO:0004497;GO:0004499;GO:0004553;GO:0004640;GO:0005506;GO:0005524;GO:0008168;GO:0008233;GO:0008270;GO:0008658;GO:0008710;GO:0008800;GO:0008843;GO:0015165;GO:0015297;GO:0016407;GO:0016491;GO:0016616;GO:0016705;GO:0016740;GO:0016746;GO:0016747;GO:0016757;GO:0016758;GO:0016765;GO:0016787;GO:0016788;GO:0016791;GO:0016887;GO:0019843;GO:0020037;GO:0030170;GO:0030234;GO:0030570;GO:0031419;GO:0035226;GO:0042626;GO:0042910;GO:0043565;GO:0046872;GO:0047184;GO:0048038;GO:0050135;GO:0050278;GO:0050660;GO:0050661;GO:0051536;GO:0051539;GO:0061809;GO:0071949;GO:0140359,"1-acylglycerophosphocholine O-acyltransferase activity;4 iron, 4 sulfur cluster binding;5-aminolevulinate synthase activity;8-amino-7-oxononanoate synthase activity;ABC-type transporter activity;ATP binding;ATP hydrolysis activity;ATPase-coupled transmembrane transporter activity;DNA binding;DNA-binding transcription factor activity;DNA-binding transcription factor activity, RNA polymerase II-specific;FAD binding;N,N-dimethylaniline monooxygenase activity;NAD+ nucleosidase activity;NAD+ nucleosidase activity, cyclic ADP-ribose generating;NADP binding;NADP+ nucleosidase activity;RNA binding;RNA polymerase II cis-regulatory region sequence-specific DNA binding;acetyltransferase activity;acyltransferase activity;acyltransferase activity, transferring groups other than amino-acyl groups;anthranilate synthase activity;antiporter activity;asparagine synthase (glutamine-hydrolyzing) activity;beta-lactamase activity;catalytic activity;cobalamin binding;endochitinase activity;enzyme regulator activity;flavin adenine dinucleotide binding;glutamate-cysteine ligase catalytic subunit binding;glycosyltransferase activity;heme binding;hexosyltransferase activity;hydrolase activity;hydrolase activity, acting on ester bonds;hydrolase activity, hydrolyzing O-glycosyl compounds;indole-3-glycerol-phosphate synthase activity;iron ion binding;iron-sulfur cluster binding;lysozyme activity;metal ion binding;methylenetetrahydrofolate dehydrogenase (NAD+) activity;methylenetetrahydrofolate dehydrogenase (NADP+) activity;methyltransferase activity;monooxygenase activity;nucleic acid binding;nucleotide binding;oxidoreductase activity;oxidoreductase activity, acting on paired donors, with incorporation or reduction of molecular oxygen;oxidoreductase activity, acting on the CH-OH group of donors, NAD or NADP as acceptor;pectate lyase activity;penicillin binding;peptidase activity;phosphatase activity;phosphoribosylanthranilate isomerase activity;pyridoxal phosphate binding;pyrimidine nucleotide-sugar transmembrane transporter activity;quinone binding;rRNA binding;sedoheptulose-bisphosphatase activity;sequence-specific DNA binding;structural constituent of ribosome;transferase activity;transferase activity, transferring alkyl or aryl (other than methyl) groups;translation release factor activity;xenobiotic transmembrane transporter activity;zinc ion binding"
YJL026W,essential,P09938,69,GO:0000166;GO:0000978;GO:0000981;GO:0003676;GO:0003677;GO:0003700;GO:0003723;GO:0003735;GO:0003747;GO:0003796;GO:0003824;GO:0003870;GO:0003953;GO:0004049;GO:0004066;GO:0004425;GO:0004487;GO:0004488;GO:0004497;GO:0004499;GO:0004553;GO:0004640;GO:0005506;GO:0005524;GO:0008168;GO:0008233;GO:0008270;GO:0008658;GO:0008710;GO:0008800;GO:0008843;GO:0015165;GO:0015297;GO:0016407;GO:0016491;GO:0016616;GO:0016705;GO:0016740;GO:0016746;GO:0016747;GO:0016757;GO:0016758;GO:0016765;GO:0016787;GO:0016788;GO:0016791;GO:0016887;GO:0019843;GO:0020037;GO:0030170;GO:0030234;GO:0030570;GO:0031419;GO:0035226;GO:0042626;GO:0042910;GO:0043565;GO:0046872;GO:0047184;GO:0048038;GO:0050135;GO:0050278;GO:0050660;GO:0050661;GO:0051536;GO:0051539;GO:0061809;GO:0071949;GO:0140359,"1-acylglycerophosphocholine O-acyltransferase activity;4 iron, 4 sulfur cluster binding;5-aminolevulinate synthase activity;8-amino-7-oxononanoate synthase activity;ABC-type transporter activity;ATP binding;ATP hydrolysis activity;ATPase-coupled transmembrane transporter activity;DNA binding;DNA-binding transcription factor activity;DNA-binding transcription factor activity, RNA polymerase II-specific;FAD binding;N,N-dimethylaniline monooxygenase activity;NAD+ nucleosidase activity;NAD+ nucleosidase activity, cyclic ADP-ribose generating;NADP binding;NADP+ nucleosidase activity;RNA binding;RNA polymerase II cis-regulatory region sequence-specific DNA binding;acetyltransferase activity;acyltransferase activity;acyltransferase activity, transferring groups other than amino-acyl groups;anthranilate synthase activity;antiporter activity;asparagine synthase (glutamine-hydrolyzing) activity;beta-lactamase activity;catalytic activity;cobalamin binding;endochitinase activity;enzyme regulator activity;flavin adenine dinucleotide binding;glutamate-cysteine ligase catalytic subunit binding;glycosyltransferase activity;heme binding;hexosyltransferase activity;hydrolase activity;hydrolase activity, acting on ester bonds;hydrolase activity, hydrolyzing O-glycosyl compounds;indole-3-glycerol-phosphate synthase activity;iron ion binding;iron-sulfur cluster binding;lysozyme activity;metal ion binding;methylenetetrahydrofolate dehydrogenase (NAD+) activity;methylenetetrahydrofolate dehydrogenase (NADP+) activity;methyltransferase activity;monooxygenase activity;nucleic acid binding;nucleotide binding;oxidoreductase activity;oxidoreductase activity, acting on paired donors, with incorporation or reduction of molecular oxygen;oxidoreductase activity, acting on the CH-OH group of donors, NAD or NADP as acceptor;pectate lyase activity;penicillin binding;peptidase activity;phosphatase activity;phosphoribosylanthranilate isomerase activity;pyridoxal phosphate binding;pyrimidine nucleotide-sugar transmembrane transporter activity;quinone binding;rRNA binding;sedoheptulose-bisphosphatase activity;sequence-specific DNA binding;structural constituent of ribosome;transferase activity;transferase activity, transferring alkyl or aryl (other than methyl) groups;translation release factor activity;xenobiotic transmembrane transporter activity;zinc ion binding"
YJL026W,backup,P49723,69,GO:0000166;GO:0000978;GO:0000981;GO:0003676;GO:0003677;GO:0003700;GO:0003723;GO:0003735;GO:0003747;GO:0003796;GO:0003824;GO:0003870;GO:0003953;GO:0004049;GO:0004066;GO:0004425;GO:0004487;GO:0004488;GO:0004497;GO:0004499;GO:0004553;GO:0004640;GO:0005506;GO:0005524;GO:0008168;GO:0008233;GO:0008270;GO:0008658;GO:0008710;GO:0008800;GO:0008843;GO:0015165;GO:0015297;GO:0016407;GO:0016491;GO:0016616;GO:0016705;GO:0016740;GO:0016746;GO:0016747;GO:0016757;GO:0016758;GO:0016765;GO:0016787;GO:0016788;GO:0016791;GO:0016887;GO:0019843;GO:0020037;GO:0030170;GO:0030234;GO:0030570;GO:0031419;GO:0035226;GO:0042626;GO:0042910;GO:0043565;GO:0046872;GO:0047184;GO:0048038;GO:0050135;GO:0050278;GO:0050660;GO:0050661;GO:0051536;GO:0051539;GO:0061809;GO:0071949;GO:0140359,"1-acylglycerophosphocholine O-acyltransferase activity;4 iron, 4 sulfur cluster binding;5-aminolevulinate synthase activity;8-amino-7-oxononanoate synthase activity;ABC-type transporter activity;ATP binding;ATP hydrolysis activity;ATPase-coupled transmembrane transporter activity;DNA binding;DNA-binding transcription factor activity;DNA-binding transcription factor activity, RNA polymerase II-specific;FAD binding;N,N-dimethylaniline monooxygenase activity;NAD+ nucleosidase activity;NAD+ nucleosidase activity, cyclic ADP-ribose generating;NADP binding;NADP+ nucleosidase activity;RNA binding;RNA polymerase II cis-regulatory region sequence-specific DNA binding;acetyltransferase activity;acyltransferase activity;acyltransferase activity, transferring groups other than amino-acyl groups;anthranilate synthase activity;antiporter activity;asparagine synthase (glutamine-hydrolyzing) activity;beta-lactamase activity;catalytic activity;cobalamin binding;endochitinase activity;enzyme regulator activity;flavin adenine dinucleotide binding;glutamate-cysteine ligase catalytic subunit binding;glycosyltransferase activity;heme binding;hexosyltransferase activity;hydrolase activity;hydrolase activity, acting on ester bonds;hydrolase activity, hydrolyzing O-glycosyl compounds;indole-3-glycerol-phosphate synthase activity;iron ion binding;iron-sulfur cluster binding;lysozyme activity;metal ion binding;methylenetetrahydrofolate dehydrogenase (NAD+) activity;methylenetetrahydrofolate dehydrogenase (NADP+) activity;methyltransferase activity;monooxygenase activity;nucleic acid binding;nucleotide binding;oxidoreductase activity;oxidoreductase activity, acting on paired donors, with incorporation or reduction of molecular oxygen;oxidoreductase activity, acting on the CH-OH group of donors, NAD or NADP as acceptor;pectate lyase activity;penicillin binding;peptidase activity;phosphatase activity;phosphoribosylanthranilate isomerase activity;pyridoxal phosphate binding;pyrimidine nucleotide-sugar transmembrane transporter activity;quinone binding;rRNA binding;sedoheptulose-bisphosphatase activity;sequence-specific DNA binding;structural constituent of ribosome;transferase activity;transferase activity, transferring alkyl or aryl (other than methyl) groups;translation release factor activity;xenobiotic transmembrane transporter activity;zinc ion binding"
YKL035W,essential,P32861,69,GO:0000166;GO:0000978;GO:0000981;GO:0003676;GO:0003677;GO:0003700;GO:0003723;GO:0003735;GO:0003747;GO:0003796;GO:0003824;GO:0003870;GO:0003953;GO:0004049;GO:0004066;GO:0004425;GO:0004487;GO:0004488;GO:0004497;GO:0004499;GO:0004553;GO:0004640;GO:0005506;GO:0005524;GO:0008168;GO:0008233;GO:0008270;GO:0008658;GO:0008710;GO:0008800;GO:0008843;GO:0015165;GO:0015297;GO:0016407;GO:0016491;GO:0016616;GO:0016705;GO:0016740;GO:0016746;GO:0016747;GO:0016757;GO:0016758;GO:0016765;GO:0016787;GO:0016788;GO:0016791;GO:0016887;GO:0019843;GO:0020037;GO:0030170;GO:0030234;GO:0030570;GO:0031419;GO:0035226;GO:0042626;GO:0042910;GO:0043565;GO:0046872;GO:0047184;GO:0048038;GO:0050135;GO:0050278;GO:0050660;GO:0050661;GO:0051536;GO:0051539;GO:0061809;GO:0071949;GO:0140359,"1-acylglycerophosphocholine O-acyltransferase activity;4 iron, 4 sulfur cluster binding;5-aminolevulinate synthase activity;8-amino-7-oxononanoate synthase activity;ABC-type transporter activity;ATP binding;ATP hydrolysis activity;ATPase-coupled transmembrane transporter activity;DNA binding;DNA-binding transcription factor activity;DNA-binding transcription factor activity, RNA polymerase II-specific;FAD binding;N,N-dimethylaniline monooxygenase activity;NAD+ nucleosidase activity;NAD+ nucleosidase activity, cyclic ADP-ribose generating;NADP binding;NADP+ nucleosidase activity;RNA binding;RNA polymerase II cis-regulatory region sequence-specific DNA binding;acetyltransferase activity;acyltransferase activity;acyltransferase activity, transferring groups other than amino-acyl groups;anthranilate synthase activity;antiporter activity;asparagine synthase (glutamine-hydrolyzing) activity;beta-lactamase activity;catalytic activity;cobalamin binding;endochitinase activity;enzyme regulator activity;flavin adenine dinucleotide binding;glutamate-cysteine ligase catalytic subunit binding;glycosyltransferase activity;heme binding;hexosyltransferase activity;hydrolase activity;hydrolase activity, acting on ester bonds;hydrolase activity, hydrolyzing O-glycosyl compounds;indole-3-glycerol-phosphate synthase activity;iron ion binding;iron-sulfur cluster binding;lysozyme activity;metal ion binding;methylenetetrahydrofolate dehydrogenase (NAD+) activity;methylenetetrahydrofolate dehydrogenase (NADP+) activity;methyltransferase activity;monooxygenase activity;nucleic acid binding;nucleotide binding;oxidoreductase activity;oxidoreductase activity, acting on paired donors, with incorporation or reduction of molecular oxygen;oxidoreductase activity, acting on the CH-OH group of donors, NAD or NADP as acceptor;pectate lyase activity;penicillin binding;peptidase activity;phosphatase activity;phosphoribosylanthranilate isomerase activity;pyridoxal phosphate binding;pyrimidine nucleotide-sugar transmembrane transporter activity;quinone binding;rRNA binding;sedoheptulose-bisphosphatase activity;sequence-specific DNA binding;structural constituent of ribosome;transferase activity;transferase activity, transferring alkyl or aryl (other than methyl) groups;translation release factor activity;xenobiotic transmembrane transporter activity;zinc ion binding"
YKL035W,backup,P38709,69,GO:0000166;GO:0000978;GO:0000981;GO:0003676;GO:0003677;GO:0003700;GO:0003723;GO:0003735;GO:0003747;GO:0003796;GO:0003824;GO:0003870;GO:0003953;GO:0004049;GO:0004066;GO:0004425;GO:0004487;GO:0004488;GO:0004497;GO:0004499;GO:0004553;GO:0004640;GO:0005506;GO:0005524;GO:0008168;GO:0008233;GO:0008270;GO:0008658;GO:0008710;GO:0008800;GO:0008843;GO:0015165;GO:0015297;GO:0016407;GO:0016491;GO:0016616;GO:0016705;GO:0016740;GO:0016746;GO:0016747;GO:0016757;GO:0016758;GO:0016765;GO:0016787;GO:0016788;GO:0016791;GO:0016887;GO:0019843;GO:0020037;GO:0030170;GO:0030234;GO:0030570;GO:0031419;GO:0035226;GO:0042626;GO:0042910;GO:0043565;GO:0046872;GO:0047184;GO:0048038;GO:0050135;GO:0050278;GO:0050660;GO:0050661;GO:0051536;GO:0051539;GO:0061809;GO:0071949;GO:0140359,"1-acylglycerophosphocholine O-acyltransferase activity;4 iron, 4 sulfur cluster binding;5-aminolevulinate synthase activity;8-amino-7-oxononanoate synthase activity;ABC-type transporter activity;ATP binding;ATP hydrolysis activity;ATPase-coupled transmembrane transporter activity;DNA binding;DNA-binding transcription factor activity;DNA-binding transcription factor activity, RNA polymerase II-specific;FAD binding;N,N-dimethylaniline monooxygenase activity;NAD+ nucleosidase activity;NAD+ nucleosidase activity, cyclic ADP-ribose generating;NADP binding;NADP+ nucleosidase activity;RNA binding;RNA polymerase II cis-regulatory region sequence-specific DNA binding;acetyltransferase activity;acyltransferase activity;acyltransferase activity, transferring groups other than amino-acyl groups;anthranilate synthase activity;antiporter activity;asparagine synthase (glutamine-hydrolyzing) activity;beta-lactamase activity;catalytic activity;cobalamin binding;endochitinase activity;enzyme regulator activity;flavin adenine dinucleotide binding;glutamate-cysteine ligase catalytic subunit binding;glycosyltransferase activity;heme binding;hexosyltransferase activity;hydrolase activity;hydrolase activity, acting on ester bonds;hydrolase activity, hydrolyzing O-glycosyl compounds;indole-3-glycerol-phosphate synthase activity;iron ion binding;iron-sulfur cluster binding;lysozyme activity;metal ion binding;methylenetetrahydrofolate dehydrogenase (NAD+) activity;methylenetetrahydrofolate dehydrogenase (NADP+) activity;methyltransferase activity;monooxygenase activity;nucleic acid binding;nucleotide binding;oxidoreductase activity;oxidoreductase activity, acting on paired donors, with incorporation or reduction of molecular oxygen;oxidoreductase activity, acting on the CH-OH group of donors, NAD or NADP as acceptor;pectate lyase activity;penicillin binding;peptidase activity;phosphatase activity;phosphoribosylanthranilate isomerase activity;pyridoxal phosphate binding;pyrimidine nucleotide-sugar transmembrane transporter activity;quinone binding;rRNA binding;sedoheptulose-bisphosphatase activity;sequence-specific DNA binding;structural constituent of ribosome;transferase activity;transferase activity, transferring alkyl or aryl (other than methyl) groups;translation release factor activity;xenobiotic transmembrane transporter activity;zinc ion binding"
YLL031C,essential,Q07830,69,GO:0000166;GO:0000978;GO:0000981;GO:0003676;GO:0003677;GO:0003700;GO:0003723;GO:0003735;GO:0003747;GO:0003796;GO:0003824;GO:0003870;GO:0003953;GO:0004049;GO:0004066;GO:0004425;GO:0004487;GO:0004488;GO:0004497;GO:0004499;GO:0004553;GO:0004640;GO:0005506;GO:0005524;GO:0008168;GO:0008233;GO:0008270;GO:0008658;GO:0008710;GO:0008800;GO:0008843;GO:0015165;GO:0015297;GO:0016407;GO:0016491;GO:0016616;GO:0016705;GO:0016740;GO:0016746;GO:0016747;GO:0016757;GO:0016758;GO:0016765;GO:0016787;GO:0016788;GO:0016791;GO:0016887;GO:0019843;GO:0020037;GO:0030170;GO:0030234;GO:0030570;GO:0031419;GO:0035226;GO:0042626;GO:0042910;GO:0043565;GO:0046872;GO:0047184;GO:0048038;GO:0050135;GO:0050278;GO:0050660;GO:0050661;GO:0051536;GO:0051539;GO:0061809;GO:0071949;GO:0140359,"1-acylglycerophosphocholine O-acyltransferase activity;4 iron, 4 sulfur cluster binding;5-aminolevulinate synthase activity;8-amino-7-oxononanoate synthase activity;ABC-type transporter activity;ATP binding;ATP hydrolysis activity;ATPase-coupled transmembrane transporter activity;DNA binding;DNA-binding transcription factor activity;DNA-binding transcription factor activity, RNA polymerase II-specific;FAD binding;N,N-dimethylaniline monooxygenase activity;NAD+ nucleosidase activity;NAD+ nucleosidase activity, cyclic ADP-ribose generating;NADP binding;NADP+ nucleosidase activity;RNA binding;RNA polymerase II cis-regulatory region sequence-specific DNA binding;acetyltransferase activity;acyltransferase activity;acyltransferase activity, transferring groups other than amino-acyl groups;anthranilate synthase activity;antiporter activity;asparagine synthase (glutamine-hydrolyzing) activity;beta-lactamase activity;catalytic activity;cobalamin binding;endochitinase activity;enzyme regulator activity;flavin adenine dinucleotide binding;glutamate-cysteine ligase catalytic subunit binding;glycosyltransferase activity;heme binding;hexosyltransferase activity;hydrolase activity;hydrolase activity, acting on ester bonds;hydrolase activity, hydrolyzing O-glycosyl compounds;indole-3-glycerol-phosphate synthase activity;iron ion binding;iron-sulfur cluster binding;lysozyme activity;metal ion binding;methylenetetrahydrofolate dehydrogenase (NAD+) activity;methylenetetrahydrofolate dehydrogenase (NADP+) activity;methyltransferase activity;monooxygenase activity;nucleic acid binding;nucleotide binding;oxidoreductase activity;oxidoreductase activity, acting on paired donors, with incorporation or reduction of molecular oxygen;oxidoreductase activity, acting on the CH-OH group of donors, NAD or NADP as acceptor;pectate lyase activity;penicillin binding;peptidase activity;phosphatase activity;phosphoribosylanthranilate isomerase activity;pyridoxal phosphate binding;pyrimidine nucleotide-sugar transmembrane transporter activity;quinone binding;rRNA binding;sedoheptulose-bisphosphatase activity;sequence-specific DNA binding;structural constituent of ribosome;transferase activity;transferase activity, transferring alkyl or aryl (other than methyl) groups;translation release factor activity;xenobiotic transmembrane transporter activity;zinc ion binding"
YLR305C,essential,P37297,69,GO:0000166;GO:0000978;GO:0000981;GO:0003676;GO:0003677;GO:0003700;GO:0003723;GO:0003735;GO:0003747;GO:0003796;GO:0003824;GO:0003870;GO:0003953;GO:0004049;GO:0004066;GO:0004425;GO:0004487;GO:0004488;GO:0004497;GO:0004499;GO:0004553;GO:0004640;GO:0005506;GO:0005524;GO:0008168;GO:0008233;GO:0008270;GO:0008658;GO:0008710;GO:0008800;GO:0008843;GO:0015165;GO:0015297;GO:0016407;GO:0016491;GO:0016616;GO:0016705;GO:0016740;GO:0016746;GO:0016747;GO:0016757;GO:0016758;GO:0016765;GO:0016787;GO:0016788;GO:0016791;GO:0016887;GO:0019843;GO:0020037;GO:0030170;GO:0030234;GO:0030570;GO:0031419;GO:0035226;GO:0042626;GO:0042910;GO:0043565;GO:0046872;GO:0047184;GO:0048038;GO:0050135;GO:0050278;GO:0050660;GO:0050661;GO:0051536;GO:0051539;GO:0061809;GO:0071949;GO:0140359,"1-acylglycerophosphocholine O-acyltransferase activity;4 iron, 4 sulfur cluster binding;5-aminolevulinate synthase activity;8-amino-7-oxononanoate synthase activity;ABC-type transporter activity;ATP binding;ATP hydrolysis activity;ATPase-coupled transmembrane transporter activity;DNA binding;DNA-binding transcription factor activity;DNA-binding transcription factor activity, RNA polymerase II-specific;FAD binding;N,N-dimethylaniline monooxygenase activity;NAD+ nucleosidase activity;NAD+ nucleosidase activity, cyclic ADP-ribose generating;NADP binding;NADP+ nucleosidase activity;RNA binding;RNA polymerase II cis-regulatory region sequence-specific DNA binding;acetyltransferase activity;acyltransferase activity;acyltransferase activity, transferring groups other than amino-acyl groups;anthranilate synthase activity;antiporter activity;asparagine synthase (glutamine-hydrolyzing) activity;beta-lactamase activity;catalytic activity;cobalamin binding;endochitinase activity;enzyme regulator activity;flavin adenine dinucleotide binding;glutamate-cysteine ligase catalytic subunit binding;glycosyltransferase activity;heme binding;hexosyltransferase activity;hydrolase activity;hydrolase activity, acting on ester bonds;hydrolase activity, hydrolyzing O-glycosyl compounds;indole-3-glycerol-phosphate synthase activity;iron ion binding;iron-sulfur cluster binding;lysozyme activity;metal ion binding;methylenetetrahydrofolate dehydrogenase (NAD+) activity;methylenetetrahydrofolate dehydrogenase (NADP+) activity;methyltransferase activity;monooxygenase activity;nucleic acid binding;nucleotide binding;oxidoreductase activity;oxidoreductase activity, acting on paired donors, with incorporation or reduction of molecular oxygen;oxidoreductase activity, acting on the CH-OH group of donors, NAD or NADP as acceptor;pectate lyase activity;penicillin binding;peptidase activity;phosphatase activity;phosphoribosylanthranilate isomerase activity;pyridoxal phosphate binding;pyrimidine nucleotide-sugar transmembrane transporter activity;quinone binding;rRNA binding;sedoheptulose-bisphosphatase activity;sequence-specific DNA binding;structural constituent of ribosome;transferase activity;transferase activity, transferring alkyl or aryl (other than methyl) groups;translation release factor activity;xenobiotic transmembrane transporter activity;zinc ion binding"
YML125C,essential,Q12746,69,GO:0000166;GO:0000978;GO:0000981;GO:0003676;GO:0003677;GO:0003700;GO:0003723;GO:0003735;GO:0003747;GO:0003796;GO:0003824;GO:0003870;GO:0003953;GO:0004049;GO:0004066;GO:0004425;GO:0004487;GO:0004488;GO:0004497;GO:0004499;GO:0004553;GO:0004640;GO:0005506;GO:0005524;GO:0008168;GO:0008233;GO:0008270;GO:0008658;GO:0008710;GO:0008800;GO:0008843;GO:0015165;GO:0015297;GO:0016407;GO:0016491;GO:0016616;GO:0016705;GO:0016740;GO:0016746;GO:0016747;GO:0016757;GO:0016758;GO:0016765;GO:0016787;GO:0016788;GO:0016791;GO:0016887;GO:0019843;GO:0020037;GO:0030170;GO:0030234;GO:0030570;GO:0031419;GO:0035226;GO:0042626;GO:0042910;GO:0043565;GO:0046872;GO:0047184;GO:0048038;GO:0050135;GO:0050278;GO:0050660;GO:0050661;GO:0051536;GO:0051539;GO:0061809;GO:0071949;GO:0140359,"1-acylglycerophosphocholine O-acyltransferase activity;4 iron, 4 sulfur cluster binding;5-aminolevulinate synthase activity;8-amino-7-oxononanoate synthase activity;ABC-type transporter activity;ATP binding;ATP hydrolysis activity;ATPase-coupled transmembrane transporter activity;DNA binding;DNA-binding transcription factor activity;DNA-binding transcription factor activity, RNA polymerase II-specific;FAD binding;N,N-dimethylaniline monooxygenase activity;NAD+ nucleosidase activity;NAD+ nucleosidase activity, cyclic ADP-ribose generating;NADP binding;NADP+ nucleosidase activity;RNA binding;RNA polymerase II cis-regulatory region sequence-specific DNA binding;acetyltransferase activity;acyltransferase activity;acyltransferase activity, transferring groups other than amino-acyl groups;anthranilate synthase activity;antiporter activity;asparagine synthase (glutamine-hydrolyzing) activity;beta-lactamase activity;catalytic activity;cobalamin binding;endochitinase activity;enzyme regulator activity;flavin adenine dinucleotide binding;glutamate-cysteine ligase catalytic subunit binding;glycosyltransferase activity;heme binding;hexosyltransferase activity;hydrolase activity;hydrolase activity, acting on ester bonds;hydrolase activity, hydrolyzing O-glycosyl compounds;indole-3-glycerol-phosphate synthase activity;iron ion binding;iron-sulfur cluster binding;lysozyme activity;metal ion binding;methylenetetrahydrofolate dehydrogenase (NAD+) activity;methylenetetrahydrofolate dehydrogenase (NADP+) activity;methyltransferase activity;monooxygenase activity;nucleic acid binding;nucleotide binding;oxidoreductase activity;oxidoreductase activity, acting on paired donors, with incorporation or reduction of molecular oxygen;oxidoreductase activity, acting on the CH-OH group of donors, NAD or NADP as acceptor;pectate lyase activity;penicillin binding;peptidase activity;phosphatase activity;phosphoribosylanthranilate isomerase activity;pyridoxal phosphate binding;pyrimidine nucleotide-sugar transmembrane transporter activity;quinone binding;rRNA binding;sedoheptulose-bisphosphatase activity;sequence-specific DNA binding;structural constituent of ribosome;transferase activity;transferase activity, transferring alkyl or aryl (other than methyl) groups;translation release factor activity;xenobiotic transmembrane transporter activity;zinc ion binding"
YML125C,backup,P36060,69,GO:0000166;GO:0000978;GO:0000981;GO:0003676;GO:0003677;GO:0003700;GO:0003723;GO:0003735;GO:0003747;GO:0003796;GO:0003824;GO:0003870;GO:0003953;GO:0004049;GO:0004066;GO:0004425;GO:0004487;GO:0004488;GO:0004497;GO:0004499;GO:0004553;GO:0004640;GO:0005506;GO:0005524;GO:0008168;GO:0008233;GO:0008270;GO:0008658;GO:0008710;GO:0008800;GO:0008843;GO:0015165;GO:0015297;GO:0016407;GO:0016491;GO:0016616;GO:0016705;GO:0016740;GO:0016746;GO:0016747;GO:0016757;GO:0016758;GO:0016765;GO:0016787;GO:0016788;GO:0016791;GO:0016887;GO:0019843;GO:0020037;GO:0030170;GO:0030234;GO:0030570;GO:0031419;GO:0035226;GO:0042626;GO:0042910;GO:0043565;GO:0046872;GO:0047184;GO:0048038;GO:0050135;GO:0050278;GO:0050660;GO:0050661;GO:0051536;GO:0051539;GO:0061809;GO:0071949;GO:0140359,"1-acylglycerophosphocholine O-acyltransferase activity;4 iron, 4 sulfur cluster binding;5-aminolevulinate synthase activity;8-amino-7-oxononanoate synthase activity;ABC-type transporter activity;ATP binding;ATP hydrolysis activity;ATPase-coupled transmembrane transporter activity;DNA binding;DNA-binding transcription factor activity;DNA-binding transcription factor activity, RNA polymerase II-specific;FAD binding;N,N-dimethylaniline monooxygenase activity;NAD+ nucleosidase activity;NAD+ nucleosidase activity, cyclic ADP-ribose generating;NADP binding;NADP+ nucleosidase activity;RNA binding;RNA polymerase II cis-regulatory region sequence-specific DNA binding;acetyltransferase activity;acyltransferase activity;acyltransferase activity, transferring groups other than amino-acyl groups;anthranilate synthase activity;antiporter activity;asparagine synthase (glutamine-hydrolyzing) activity;beta-lactamase activity;catalytic activity;cobalamin binding;endochitinase activity;enzyme regulator activity;flavin adenine dinucleotide binding;glutamate-cysteine ligase catalytic subunit binding;glycosyltransferase activity;heme binding;hexosyltransferase activity;hydrolase activity;hydrolase activity, acting on ester bonds;hydrolase activity, hydrolyzing O-glycosyl compounds;indole-3-glycerol-phosphate synthase activity;iron ion binding;iron-sulfur cluster binding;lysozyme activity;metal ion binding;methylenetetrahydrofolate dehydrogenase (NAD+) activity;methylenetetrahydrofolate dehydrogenase (NADP+) activity;methyltransferase activity;monooxygenase activity;nucleic acid binding;nucleotide binding;oxidoreductase activity;oxidoreductase activity, acting on paired donors, with incorporation or reduction of molecular oxygen;oxidoreductase activity, acting on the CH-OH group of donors, NAD or NADP as acceptor;pectate lyase activity;penicillin binding;peptidase activity;phosphatase activity;phosphoribosylanthranilate isomerase activity;pyridoxal phosphate binding;pyrimidine nucleotide-sugar transmembrane transporter activity;quinone binding;rRNA binding;sedoheptulose-bisphosphatase activity;sequence-specific DNA binding;structural constituent of ribosome;transferase activity;transferase activity, transferring alkyl or aryl (other than methyl) groups;translation release factor activity;xenobiotic transmembrane transporter activity;zinc ion binding"
YPL252C,essential,Q12184,69,GO:0000166;GO:0000978;GO:0000981;GO:0003676;GO:0003677;GO:0003700;GO:0003723;GO:0003735;GO:0003747;GO:0003796;GO:0003824;GO:0003870;GO:0003953;GO:0004049;GO:0004066;GO:0004425;GO:0004487;GO:0004488;GO:0004497;GO:0004499;GO:0004553;GO:0004640;GO:0005506;GO:0005524;GO:0008168;GO:0008233;GO:0008270;GO:0008658;GO:0008710;GO:0008800;GO:0008843;GO:0015165;GO:0015297;GO:0016407;GO:0016491;GO:0016616;GO:0016705;GO:0016740;GO:0016746;GO:0016747;GO:0016757;GO:0016758;GO:0016765;GO:0016787;GO:0016788;GO:0016791;GO:0016887;GO:0019843;GO:0020037;GO:0030170;GO:0030234;GO:0030570;GO:0031419;GO:0035226;GO:0042626;GO:0042910;GO:0043565;GO:0046872;GO:0047184;GO:0048038;GO:0050135;GO:0050278;GO:0050660;GO:0050661;GO:0051536;GO:0051539;GO:0061809;GO:0071949;GO:0140359,"1-acylglycerophosphocholine O-acyltransferase activity;4 iron, 4 sulfur cluster binding;5-aminolevulinate synthase activity;8-amino-7-oxononanoate synthase activity;ABC-type transporter activity;ATP binding;ATP hydrolysis activity;ATPase-coupled transmembrane transporter activity;DNA binding;DNA-binding transcription factor activity;DNA-binding transcription factor activity, RNA polymerase II-specific;FAD binding;N,N-dimethylaniline monooxygenase activity;NAD+ nucleosidase activity;NAD+ nucleosidase activity, cyclic ADP-ribose generating;NADP binding;NADP+ nucleosidase activity;RNA binding;RNA polymerase II cis-regulatory region sequence-specific DNA binding;acetyltransferase activity;acyltransferase activity;acyltransferase activity, transferring groups other than amino-acyl groups;anthranilate synthase activity;antiporter activity;asparagine synthase (glutamine-hydrolyzing) activity;beta-lactamase activity;catalytic activity;cobalamin binding;endochitinase activity;enzyme regulator activity;flavin adenine dinucleotide binding;glutamate-cysteine ligase catalytic subunit binding;glycosyltransferase activity;heme binding;hexosyltransferase activity;hydrolase activity;hydrolase activity, acting on ester bonds;hydrolase activity, hydrolyzing O-glycosyl compounds;indole-3-glycerol-phosphate synthase activity;iron ion binding;iron-sulfur cluster binding;lysozyme activity;metal ion binding;methylenetetrahydrofolate dehydrogenase (NAD+) activity;methylenetetrahydrofolate dehydrogenase (NADP+) activity;methyltransferase activity;monooxygenase activity;nucleic acid binding;nucleotide binding;oxidoreductase activity;oxidoreductase activity, acting on paired donors, with incorporation or reduction of molecular oxygen;oxidoreductase activity, acting on the CH-OH group of donors, NAD or NADP as acceptor;pectate lyase activity;penicillin binding;peptidase activity;phosphatase activity;phosphoribosylanthranilate isomerase activity;pyridoxal phosphate binding;pyrimidine nucleotide-sugar transmembrane transporter activity;quinone binding;rRNA binding;sedoheptulose-bisphosphatase activity;sequence-specific DNA binding;structural constituent of ribosome;transferase activity;transferase activity, transferring alkyl or aryl (other than methyl) groups;translation release factor activity;xenobiotic transmembrane transporter activity;zinc ion binding"
