gene,growth,obligatory_succinate,gain_over_pair
YBR265W,0.8319307430728244,0.08915058677136274,2.2690183065776637e-13
YOR323C,0.8319307430708464,0.08915058677115091,1.50712775592865e-14
YGR062C,0.8319307430708408,0.08915058677115043,1.4585554986012994e-14
YDL078C,0.8319307430707659,0.08915058677114208,6.2450045135165055e-15
YMR246W,0.8319307430707251,0.08915058677113802,2.1788126858268697e-15
YPR140W,0.8319307430707255,0.08915058677113795,2.1094237467877974e-15
YPR138C,0.8319307430707252,0.08915058677113781,1.970645868709653e-15
YMR011W,0.8319307430707208,0.08915058677113774,1.9012569296705806e-15
YGR110W,0.8319307430707193,0.08915058677113757,1.734723475976807e-15
YFR021W,0.8319307430707222,0.08915058677113755,1.7069679003611782e-15
YMR298W,0.8319307430707227,0.0891505867711374,1.5543122344752192e-15
YHR008C,0.8319307430707191,0.0891505867711374,1.5543122344752192e-15
YPL069C,0.8319307430707198,0.08915058677113734,1.4988010832439613e-15
YMR241W,0.83193074307072,0.08915058677113732,1.4849232954361469e-15
YJL045W,0.8319307430707201,0.08915058677113728,1.4432899320127035e-15
YJL068C,0.8319307430707201,0.08915058677113728,1.4432899320127035e-15
YJL060W,0.8319307430707201,0.08915058677113728,1.4432899320127035e-15
YDR376W,0.8319307430707196,0.08915058677113728,1.4432899320127035e-15
YIR037W,0.8319307430707201,0.08915058677113728,1.4432899320127035e-15
YJL026W,0.8319307430707201,0.08915058677113728,1.4432899320127035e-15
YJL005W,0.8319307430707201,0.08915058677113728,1.4432899320127035e-15
YJL003W,0.8319307430707201,0.08915058677113728,1.4432899320127035e-15
YJL012C,0.8319307430707201,0.08915058677113728,1.4432899320127035e-15
YJL071W,0.8319307430707201,0.08915058677113728,1.4432899320127035e-15
YJL052W,0.8319307430707201,0.08915058677113728,1.4432899320127035e-15
YMR088C,0.8319307430707179,0.08915058677113726,1.4155343563970746e-15
YIL002C,0.8319307430707178,0.08915058677113723,1.3877787807814457e-15
YEL071W,0.8319307430707187,0.08915058677113723,1.3877787807814457e-15
YOR245C,0.8319307430707185,0.08915058677113721,1.3739009929736312e-15
YEL047C,0.8319307430707191,0.08915058677113719,1.3461454173580023e-15
YLR372W,0.8319307430707173,0.08915058677113717,1.3322676295501878e-15
YEL051W,0.8319307430707191,0.08915058677113716,1.3183898417423734e-15
YEL070W,0.831930743070718,0.08915058677113716,1.3183898417423734e-15
YPR001W,0.8319307430707198,0.08915058677113714,1.304512053934559e-15
YMR303C,0.8319307430707168,0.08915058677113713,1.2906342661267445e-15
YJL126W,0.8319307430707166,0.0891505867711371,1.2628786905111156e-15
YPL273W,0.8319307430707151,0.08915058677113707,1.2351231148954867e-15
YKR053C,0.8319307430707176,0.08915058677113706,1.2212453270876722e-15
YKR066C,0.8319307430707176,0.08915058677113706,1.2212453270876722e-15
YKR052C,0.8319307430707176,0.08915058677113706,1.2212453270876722e-15
YKR058W,0.8319307430707176,0.08915058677113706,1.2212453270876722e-15
YKR061W,0.8319307430707176,0.08915058677113706,1.2212453270876722e-15
YPL053C,0.8319307430707176,0.08915058677113706,1.2212453270876722e-15
YNL130C,0.8319307430707172,0.08915058677113703,1.1934897514720433e-15
YDR371W,0.8319307430707179,0.08915058677113703,1.1934897514720433e-15
YPL059W,0.8319307430707189,0.08915058677113702,1.1796119636642288e-15
YEL004W,0.8319307430707179,0.08915058677113702,1.1796119636642288e-15
YMR306W,0.8319307430707158,0.08915058677113702,1.1796119636642288e-15
YFR015C,0.8319307430707161,0.089150586771137,1.1657341758564144e-15
YEL027W,0.8319307430707148,0.089150586771137,1.1657341758564144e-15
YBL064C,0.831930743070717,0.089150586771137,1.1657341758564144e-15
YBR242W,0.8319307430707147,0.08915058677113699,1.1518563880486e-15
YBR244W,0.8319307430707147,0.08915058677113699,1.1518563880486e-15
YBR243C,0.8319307430707147,0.08915058677113699,1.1518563880486e-15
YER170W,0.8319307430707165,0.08915058677113699,1.1518563880486e-15
YBR235W,0.8319307430707147,0.08915058677113699,1.1518563880486e-15
YBR241C,0.8319307430707147,0.08915058677113699,1.1518563880486e-15
YBR229C,0.8319307430707147,0.08915058677113699,1.1518563880486e-15
YHL036W,0.8319307430707165,0.08915058677113696,1.124100812432971e-15
YFR055W,0.8319307430707168,0.08915058677113695,1.1102230246251565e-15
YER174C,0.8319307430707165,0.08915058677113695,1.1102230246251565e-15
YLR089C,0.8319307430707165,0.08915058677113694,1.096345236817342e-15
YGR247W,0.8319307430707145,0.08915058677113688,1.0408340855860843e-15
YNL117W,0.831930743070716,0.08915058677113685,1.0130785099704553e-15
YFR049W,0.8319307430707155,0.08915058677113685,1.0130785099704553e-15
YMR281W,0.831930743070714,0.08915058677113681,9.71445146547012e-16
YJR143C,0.8319307430707135,0.0891505867711368,9.575673587391975e-16
YMR105C,0.8319307430707159,0.0891505867711368,9.575673587391975e-16
YER061C,0.8319307430707155,0.08915058677113678,9.43689570931383e-16
YML123C,0.8319307430707135,0.08915058677113677,9.298117831235686e-16
YOR388C,0.8319307430707146,0.08915058677113676,9.159339953157541e-16
YPL015C,0.8319307430707146,0.08915058677113676,9.159339953157541e-16
YOR391C,0.8319307430707146,0.08915058677113676,9.159339953157541e-16
YOR393W,0.8319307430707146,0.08915058677113676,9.159339953157541e-16
YOR377W,0.8319307430707146,0.08915058677113676,9.159339953157541e-16
YOR381W,0.8319307430707146,0.08915058677113676,9.159339953157541e-16
YHR026W,0.8319307430707155,0.08915058677113676,9.159339953157541e-16
YOR360C,0.8319307430707146,0.08915058677113676,9.159339953157541e-16
YOR348C,0.8319307430707146,0.08915058677113676,9.159339953157541e-16
YLR134W,0.8319307430707155,0.08915058677113676,9.159339953157541e-16
YOR374W,0.8319307430707146,0.08915058677113676,9.159339953157541e-16
YKL103C,0.831930743070717,0.08915058677113676,9.159339953157541e-16
YOR384W,0.8319307430707146,0.08915058677113676,9.159339953157541e-16
YPL023C,0.8319307430707146,0.08915058677113676,9.159339953157541e-16
YOR375C,0.8319307430707146,0.08915058677113676,9.159339953157541e-16
YEL066W,0.8319307430707151,0.08915058677113674,9.020562075079397e-16
YGL062W,0.8319307430707127,0.0891505867711367,8.604228440844963e-16
YDR530C,0.8319307430707144,0.08915058677113669,8.465450562766819e-16
YDR342C,0.8319307430707141,0.08915058677113669,8.465450562766819e-16
YLR189C,0.8319307430707146,0.08915058677113667,8.326672684688674e-16
YMR054W,0.8319307430707135,0.08915058677113667,8.326672684688674e-16
YGL202W,0.8319307430707139,0.08915058677113666,8.187894806610529e-16
YPR159W,0.8319307430707134,0.08915058677113664,8.049116928532385e-16
YPR160W,0.8319307430707134,0.08915058677113664,8.049116928532385e-16
YPR156C,0.8319307430707134,0.08915058677113664,8.049116928532385e-16
YNL029C,0.8319307430707145,0.08915058677113663,7.91033905045424e-16
YGR171C,0.8319307430707122,0.08915058677113662,7.771561172376096e-16
YLR138W,0.8319307430707124,0.08915058677113662,7.771561172376096e-16
YJR152W,0.8319307430707135,0.08915058677113662,7.771561172376096e-16
YNL169C,0.8319307430707131,0.08915058677113662,7.771561172376096e-16
YNL219C,0.8319307430707142,0.08915058677113662,7.771561172376096e-16
YLR092W,0.831930743070712,0.08915058677113662,7.771561172376096e-16
YGR180C,0.8319307430707119,0.0891505867711366,7.632783294297951e-16
YKL019W,0.831930743070712,0.08915058677113659,7.494005416219807e-16
YPL274W,0.8319307430707122,0.08915058677113659,7.494005416219807e-16
YMR110C,0.8319307430707119,0.08915058677113658,7.355227538141662e-16
YMR250W,0.8319307430707152,0.08915058677113656,7.216449660063518e-16
YGL169W,0.8319307430707115,0.08915058677113656,7.216449660063518e-16
YNR001C,0.8319307430707122,0.08915058677113655,7.077671781985373e-16
YNL335W,0.8319307430707122,0.08915058677113655,7.077671781985373e-16
YNL334C,0.8319307430707122,0.08915058677113655,7.077671781985373e-16
YML110C,0.8319307430707125,0.08915058677113655,7.077671781985373e-16
YGR096W,0.8319307430707114,0.08915058677113655,7.077671781985373e-16
YBR121C,0.8319307430707134,0.08915058677113655,7.077671781985373e-16
YNL325C,0.8319307430707125,0.08915058677113655,7.077671781985373e-16
YNL331C,0.8319307430707122,0.08915058677113655,7.077671781985373e-16
YNL333W,0.8319307430707122,0.08915058677113655,7.077671781985373e-16
YML086C,0.8319307430707127,0.08915058677113655,7.077671781985373e-16
YBR093C,0.8319307430707122,0.0891505867711365,6.661338147750939e-16
YPL040C,0.8319307430707125,0.0891505867711365,6.661338147750939e-16
YKL035W,0.8319307430707125,0.0891505867711365,6.661338147750939e-16
YOR334W,0.8319307430707119,0.08915058677113649,6.522560269672795e-16
YMR243C,0.8319307430707114,0.08915058677113649,6.522560269672795e-16
YJR019C,0.831930743070709,0.08915058677113649,6.522560269672795e-16
YOR332W,0.8319307430707119,0.08915058677113649,6.522560269672795e-16
YLR151C,0.8319307430707122,0.08915058677113649,6.522560269672795e-16
YML100W,0.8319307430707127,0.08915058677113649,6.522560269672795e-16
YNL270C,0.8319307430707112,0.08915058677113648,6.38378239159465e-16
YPR192W,0.831930743070714,0.08915058677113648,6.38378239159465e-16
YMR256C,0.8319307430707111,0.08915058677113648,6.38378239159465e-16
YEL031W,0.8319307430707124,0.08915058677113648,6.38378239159465e-16
YER005W,0.8319307430707137,0.08915058677113646,6.245004513516506e-16
YDL215C,0.8319307430707126,0.08915058677113646,6.245004513516506e-16
YPR170W-B,0.8319307430707124,0.08915058677113645,6.106226635438361e-16
YGL065C,0.8319307430707106,0.08915058677113645,6.106226635438361e-16
YPL095C,0.831930743070712,0.08915058677113644,5.967448757360216e-16
YPL110C,0.831930743070712,0.08915058677113644,5.967448757360216e-16
YPL104W,0.831930743070712,0.08915058677113644,5.967448757360216e-16
YPL092W,0.831930743070712,0.08915058677113644,5.967448757360216e-16
YPL111W,0.831930743070712,0.08915058677113644,5.967448757360216e-16
YPL096C-A,0.831930743070712,0.08915058677113644,5.967448757360216e-16
YPL097W,0.831930743070712,0.08915058677113644,5.967448757360216e-16
YPL091W,0.831930743070712,0.08915058677113644,5.967448757360216e-16
YPL060W,0.8319307430707124,0.08915058677113642,5.828670879282072e-16
YNL191W,0.8319307430707119,0.08915058677113642,5.828670879282072e-16
YNL092W,0.831930743070712,0.08915058677113642,5.828670879282072e-16
YKL188C,0.8319307430707101,0.0891505867711364,5.551115123125783e-16
YKL192C,0.8319307430707101,0.0891505867711364,5.551115123125783e-16
YKL194C,0.8319307430707101,0.0891505867711364,5.551115123125783e-16
YGR192C,0.83193074307071,0.0891505867711364,5.551115123125783e-16
YGR244C,0.83193074307071,0.0891505867711364,5.551115123125783e-16
YJL221C,0.8319307430707134,0.0891505867711364,5.551115123125783e-16
YJR001W,0.8319307430707134,0.0891505867711364,5.551115123125783e-16
YJR009C,0.8319307430707134,0.0891505867711364,5.551115123125783e-16
YJL214W,0.8319307430707134,0.0891505867711364,5.551115123125783e-16
YJL212C,0.8319307430707134,0.0891505867711364,5.551115123125783e-16
YJL216C,0.8319307430707134,0.0891505867711364,5.551115123125783e-16
YJL219W,0.8319307430707134,0.0891505867711364,5.551115123125783e-16
YPR193C,0.8319307430707109,0.08915058677113638,5.412337245047638e-16
YPL175W,0.8319307430707117,0.08915058677113638,5.412337245047638e-16
YPL147W,0.8319307430707107,0.08915058677113637,5.273559366969494e-16
YEL069C,0.8319307430707119,0.08915058677113637,5.273559366969494e-16
YGL101W,0.8319307430707084,0.08915058677113637,5.273559366969494e-16
YHR039C-A,0.8319307430707084,0.08915058677113637,5.273559366969494e-16
YPL134C,0.8319307430707107,0.08915058677113637,5.273559366969494e-16
YPL132W,0.8319307430707107,0.08915058677113637,5.273559366969494e-16
YPL148C,0.8319307430707107,0.08915058677113637,5.273559366969494e-16
YLR043C,0.8319307430707095,0.08915058677113635,5.134781488891349e-16
YNL192W,0.8319307430707122,0.08915058677113635,5.134781488891349e-16
YLR360W,0.8319307430707118,0.08915058677113635,5.134781488891349e-16
YOL059W,0.8319307430707111,0.08915058677113635,5.134781488891349e-16
YMR015C,0.83193074307071,0.08915058677113635,5.134781488891349e-16
YPL281C,0.8319307430707106,0.08915058677113635,5.134781488891349e-16
YBL068W,0.8319307430707112,0.08915058677113635,5.134781488891349e-16
YGL256W,0.8319307430707095,0.08915058677113634,4.996003610813204e-16
YGL187C,0.8319307430707094,0.08915058677113633,4.85722573273506e-16
YOR190W,0.8319307430707116,0.08915058677113633,4.85722573273506e-16
YMR313C,0.8319307430707104,0.08915058677113633,4.85722573273506e-16
YDR208W,0.8319307430707111,0.08915058677113633,4.85722573273506e-16
YGL077C,0.8319307430707095,0.08915058677113633,4.85722573273506e-16
YIL162W,0.8319307430707095,0.08915058677113631,4.718447854656915e-16
YIL160C,0.8319307430707095,0.08915058677113631,4.718447854656915e-16
YIR029W,0.8319307430707095,0.08915058677113631,4.718447854656915e-16
YIR031C,0.8319307430707095,0.08915058677113631,4.718447854656915e-16
YLR081W,0.8319307430707094,0.08915058677113631,4.718447854656915e-16
YLR237W,0.8319307430707105,0.08915058677113631,4.718447854656915e-16
YIL166C,0.8319307430707095,0.08915058677113631,4.718447854656915e-16
YIR032C,0.8319307430707095,0.08915058677113631,4.718447854656915e-16
YIR028W,0.8319307430707095,0.08915058677113631,4.718447854656915e-16
YIL172C,0.8319307430707095,0.08915058677113631,4.718447854656915e-16
YOR099W,0.8319307430707102,0.08915058677113631,4.718447854656915e-16
YIR027C,0.8319307430707095,0.08915058677113631,4.718447854656915e-16
YLR142W,0.8319307430707094,0.08915058677113628,4.440892098500626e-16
YMR301C,0.8319307430707092,0.08915058677113628,4.440892098500626e-16
YJR095W,0.831930743070711,0.08915058677113627,4.3021142204224816e-16
YER060W-A,0.8319307430707107,0.08915058677113627,4.3021142204224816e-16
YLR070C,0.8319307430707089,0.08915058677113627,4.3021142204224816e-16
YHR216W,0.8319307430707105,0.08915058677113627,4.3021142204224816e-16
YIL043C,0.8319307430707089,0.08915058677113627,4.3021142204224816e-16
YFL053W,0.8319307430707102,0.08915058677113626,4.163336342344337e-16
YBR003W,0.8319307430707081,0.08915058677113624,4.0245584642661925e-16
YDR345C,0.8319307430707104,0.08915058677113624,4.0245584642661925e-16
YJR133W,0.831930743070711,0.08915058677113624,4.0245584642661925e-16
YGL167C,0.8319307430707087,0.08915058677113624,4.0245584642661925e-16
YLR020C,0.8319307430707086,0.08915058677113624,4.0245584642661925e-16
YHR215W,0.83193074307071,0.08915058677113624,4.0245584642661925e-16
YKL087C,0.8319307430707088,0.08915058677113624,4.0245584642661925e-16
YGL248W,0.8319307430707084,0.08915058677113623,3.885780586188048e-16
YGL080W,0.8319307430707081,0.08915058677113623,3.885780586188048e-16
YKL215C,0.8319307430707086,0.08915058677113623,3.885780586188048e-16
YLL018C-A,0.8319307430707095,0.08915058677113623,3.885780586188048e-16
YPL036W,0.8319307430707094,0.08915058677113623,3.885780586188048e-16
YMR293C,0.8319307430707082,0.08915058677113623,3.885780586188048e-16
YGR106C,0.8319307430707116,0.08915058677113623,3.885780586188048e-16
YMR008C,0.831930743070708,0.08915058677113623,3.885780586188048e-16
YML120C,0.8319307430707099,0.08915058677113623,3.885780586188048e-16
YLR432W,0.8319307430707086,0.08915058677113623,3.885780586188048e-16
YLR304C,0.8319307430707086,0.08915058677113623,3.885780586188048e-16
YER010C,0.8319307430707101,0.08915058677113623,3.885780586188048e-16
YGL196W,0.8319307430707104,0.08915058677113623,3.885780586188048e-16
YJR130C,0.8319307430707109,0.08915058677113623,3.885780586188048e-16
YFR053C,0.8319307430707102,0.08915058677113623,3.885780586188048e-16
YDR536W,0.8319307430707098,0.08915058677113621,3.7470027081099033e-16
YNL274C,0.831930743070709,0.08915058677113621,3.7470027081099033e-16
YNL129W,0.8319307430707095,0.08915058677113621,3.7470027081099033e-16
YPR081C,0.8319307430707092,0.0891505867711362,3.608224830031759e-16
YMR226C,0.8319307430707095,0.0891505867711362,3.608224830031759e-16
YKL106W,0.8319307430707082,0.0891505867711362,3.608224830031759e-16
YGR248W,0.8319307430707081,0.0891505867711362,3.608224830031759e-16
YGL067W,0.8319307430707064,0.0891505867711362,3.608224830031759e-16
YGR256W,0.8319307430707115,0.0891505867711362,3.608224830031759e-16
YNL101W,0.831930743070711,0.08915058677113617,3.3306690738754696e-16
YDR343C,0.8319307430707098,0.08915058677113617,3.3306690738754696e-16
YGR254W,0.8319307430707097,0.08915058677113616,3.191891195797325e-16
YMR162C,0.8319307430707099,0.08915058677113616,3.191891195797325e-16
YKL085W,0.83193074307071,0.08915058677113616,3.191891195797325e-16
YKL080W,0.831930743070708,0.08915058677113616,3.191891195797325e-16
YDR062W,0.8319307430707091,0.08915058677113616,3.191891195797325e-16
YIL124W,0.8319307430707079,0.08915058677113614,3.0531133177191805e-16
YOR142W,0.8319307430707089,0.08915058677113614,3.0531133177191805e-16
YLR244C,0.831930743070709,0.08915058677113614,3.0531133177191805e-16
YPR006C,0.8319307430707088,0.08915058677113614,3.0531133177191805e-16
YJR013W,0.8319307430707088,0.08915058677113613,2.914335439641036e-16
YDR256C,0.8319307430707092,0.08915058677113613,2.914335439641036e-16
YDR368W,0.8319307430707096,0.08915058677113613,2.914335439641036e-16
YLL048C,0.8319307430707094,0.08915058677113613,2.914335439641036e-16
YNL045W,0.8319307430707102,0.08915058677113613,2.914335439641036e-16
YER175C,0.8319307430707089,0.08915058677113613,2.914335439641036e-16
YBR022W,0.8319307430707094,0.08915058677113612,2.7755575615628914e-16
YBR019C,0.8319307430707094,0.08915058677113612,2.7755575615628914e-16
YBR018C,0.8319307430707094,0.08915058677113612,2.7755575615628914e-16
YBR021W,0.8319307430707094,0.08915058677113612,2.7755575615628914e-16
YBR020W,0.8319307430707094,0.08915058677113612,2.7755575615628914e-16
YGL191W,0.8319307430707094,0.08915058677113612,2.7755575615628914e-16
YGL047W,0.8319307430707126,0.08915058677113612,2.7755575615628914e-16
YFL061W,0.8319307430707061,0.08915058677113612,2.7755575615628914e-16
YOL126C,0.8319307430707079,0.08915058677113612,2.7755575615628914e-16
YBR026C,0.8319307430707094,0.08915058677113612,2.7755575615628914e-16
YDR071C,0.8319307430707091,0.08915058677113612,2.7755575615628914e-16
YGR286C,0.8319307430707087,0.08915058677113612,2.7755575615628914e-16
YBR023C,0.8319307430707094,0.08915058677113612,2.7755575615628914e-16
YIL010W,0.8319307430707071,0.0891505867711361,2.636779683484747e-16
YIL009W,0.8319307430707071,0.0891505867711361,2.636779683484747e-16
YPR036W,0.8319307430707087,0.0891505867711361,2.636779683484747e-16
YIL013C,0.8319307430707071,0.0891505867711361,2.636779683484747e-16
YHR051W,0.8319307430707088,0.0891505867711361,2.636779683484747e-16
YHR046C,0.8319307430707088,0.0891505867711361,2.636779683484747e-16
YIL006W,0.8319307430707071,0.0891505867711361,2.636779683484747e-16
YPR003C,0.831930743070708,0.0891505867711361,2.636779683484747e-16
YMR169C,0.8319307430707082,0.0891505867711361,2.636779683484747e-16
YGR170W,0.8319307430707071,0.0891505867711361,2.636779683484747e-16
YGR138C,0.8319307430707072,0.0891505867711361,2.636779683484747e-16
YHR044C,0.8319307430707088,0.0891505867711361,2.636779683484747e-16
YLR130C,0.8319307430707088,0.0891505867711361,2.636779683484747e-16
YGL142C,0.8319307430707088,0.0891505867711361,2.636779683484747e-16
YCR068W,0.8319307430707095,0.0891505867711361,2.636779683484747e-16
YIL107C,0.8319307430707072,0.0891505867711361,2.636779683484747e-16
YAL054C,0.8319307430707097,0.0891505867711361,2.636779683484747e-16
YGR227W,0.8319307430707094,0.08915058677113609,2.498001805406602e-16
YMR278W,0.8319307430707094,0.08915058677113609,2.498001805406602e-16
YLR201C,0.8319307430707082,0.08915058677113609,2.498001805406602e-16
YKL004W,0.8319307430707086,0.08915058677113609,2.498001805406602e-16
YEL046C,0.8319307430707088,0.08915058677113609,2.498001805406602e-16
YLR300W,0.8319307430707082,0.08915058677113609,2.498001805406602e-16
YDR380W,0.8319307430707089,0.08915058677113608,2.3592239273284576e-16
YKL127W,0.8319307430707091,0.08915058677113606,2.220446049250313e-16
YBL039C,0.8319307430707116,0.08915058677113606,2.220446049250313e-16
YMR013C,0.8319307430707081,0.08915058677113606,2.220446049250313e-16
YPL268W,0.8319307430707087,0.08915058677113606,2.220446049250313e-16
YGL184C,0.8319307430707082,0.08915058677113606,2.220446049250313e-16
YKL008C,0.8319307430707085,0.08915058677113606,2.220446049250313e-16
YNL065W,0.8319307430707074,0.08915058677113605,2.0816681711721685e-16
YER015W,0.8319307430707079,0.08915058677113605,2.0816681711721685e-16
YIL155C,0.8319307430707069,0.08915058677113605,2.0816681711721685e-16
YIL111W,0.8319307430707069,0.08915058677113605,2.0816681711721685e-16
YBL042C,0.8319307430707068,0.08915058677113605,2.0816681711721685e-16
YGL006W,0.8319307430707089,0.08915058677113603,1.942890293094024e-16
YDR373W,0.8319307430707084,0.08915058677113603,1.942890293094024e-16
YML106W,0.831930743070708,0.08915058677113603,1.942890293094024e-16
YML082W,0.8319307430707081,0.08915058677113603,1.942890293094024e-16
YKL055C,0.8319307430707067,0.08915058677113603,1.942890293094024e-16
YMR202W,0.8319307430707085,0.08915058677113603,1.942890293094024e-16
YOL068C,0.8319307430707098,0.08915058677113603,1.942890293094024e-16
YDR109C,0.8319307430707088,0.08915058677113603,1.942890293094024e-16
YGR020C,0.8319307430707068,0.08915058677113602,1.8041124150158794e-16
YOL151W,0.8319307430707097,0.08915058677113602,1.8041124150158794e-16
YGR036C,0.8319307430707068,0.08915058677113602,1.8041124150158794e-16
YGR015C,0.8319307430707068,0.08915058677113602,1.8041124150158794e-16
YER141W,0.8319307430707075,0.08915058677113602,1.8041124150158794e-16
YOR149C,0.8319307430707076,0.08915058677113602,1.8041124150158794e-16
YOR143C,0.8319307430707076,0.08915058677113602,1.8041124150158794e-16
YGR010W,0.8319307430707068,0.08915058677113602,1.8041124150158794e-16
YOL061W,0.8319307430707076,0.08915058677113602,1.8041124150158794e-16
YGR043C,0.8319307430707068,0.08915058677113602,1.8041124150158794e-16
YKR093W,0.8319307430707065,0.08915058677113602,1.8041124150158794e-16
YKR097W,0.8319307430707065,0.08915058677113602,1.8041124150158794e-16
YKR089C,0.8319307430707065,0.08915058677113602,1.8041124150158794e-16
YLL001W,0.8319307430707065,0.08915058677113602,1.8041124150158794e-16
YHL012W,0.8319307430707066,0.08915058677113602,1.8041124150158794e-16
YFL060C,0.8319307430707065,0.08915058677113602,1.8041124150158794e-16
YLL012W,0.8319307430707065,0.08915058677113602,1.8041124150158794e-16
YOR155C,0.8319307430707076,0.08915058677113602,1.8041124150158794e-16
YGR055W,0.8319307430707068,0.08915058677113602,1.8041124150158794e-16
YLL015W,0.8319307430707065,0.08915058677113602,1.8041124150158794e-16
YNL229C,0.8319307430707084,0.089150586771136,1.6653345369377348e-16
YMR058W,0.8319307430707067,0.089150586771136,1.6653345369377348e-16
YBR177C,0.8319307430707084,0.089150586771136,1.6653345369377348e-16
YDR441C,0.831930743070706,0.089150586771136,1.6653345369377348e-16
YBR004C,0.8319307430707081,0.089150586771136,1.6653345369377348e-16
YDR483W,0.8319307430707087,0.089150586771136,1.6653345369377348e-16
YPR184W,0.8319307430707069,0.089150586771136,1.6653345369377348e-16
YER087W,0.8319307430707071,0.08915058677113599,1.5265566588595902e-16
YPL258C,0.8319307430707079,0.08915058677113599,1.5265566588595902e-16
YNR041C,0.8319307430707075,0.08915058677113599,1.5265566588595902e-16
YJL155C,0.8319307430707062,0.08915058677113599,1.5265566588595902e-16
YPR069C,0.831930743070707,0.08915058677113598,1.3877787807814457e-16
YML070W,0.8319307430707062,0.08915058677113598,1.3877787807814457e-16
YML075C,0.8319307430707062,0.08915058677113598,1.3877787807814457e-16
YML059C,0.8319307430707062,0.08915058677113598,1.3877787807814457e-16
YML042W,0.8319307430707062,0.08915058677113598,1.3877787807814457e-16
YML054C,0.8319307430707062,0.08915058677113598,1.3877787807814457e-16
YML056C,0.8319307430707062,0.08915058677113598,1.3877787807814457e-16
YHR162W,0.8319307430707061,0.08915058677113598,1.3877787807814457e-16
YNR019W,0.8319307430707081,0.08915058677113598,1.3877787807814457e-16
YGR289C,0.8319307430707062,0.08915058677113598,1.3877787807814457e-16
YER062C,0.8319307430707074,0.08915058677113598,1.3877787807814457e-16
YJR109C,0.8319307430707061,0.08915058677113598,1.3877787807814457e-16
YML022W,0.8319307430707062,0.08915058677113598,1.3877787807814457e-16
YNL268W,0.8319307430707084,0.08915058677113598,1.3877787807814457e-16
YBR006W,0.8319307430707072,0.08915058677113596,1.249000902703301e-16
YGR209C,0.8319307430707062,0.08915058677113596,1.249000902703301e-16
YLR044C,0.8319307430707096,0.08915058677113596,1.249000902703301e-16
YLR305C,0.8319307430707082,0.08915058677113596,1.249000902703301e-16
YGR255C,0.8319307430707072,0.08915058677113596,1.249000902703301e-16
YAR035W,0.8319307430707074,0.08915058677113596,1.249000902703301e-16
YCR024C,0.8319307430707084,0.08915058677113596,1.249000902703301e-16
YHL011C,0.8319307430707061,0.08915058677113596,1.249000902703301e-16
YGL255W,0.831930743070706,0.08915058677113596,1.249000902703301e-16
YCR075C,0.8319307430707082,0.08915058677113596,1.249000902703301e-16
YCR107W,0.8319307430707082,0.08915058677113596,1.249000902703301e-16
YNR056C,0.8319307430707074,0.08915058677113596,1.249000902703301e-16
YNR027W,0.8319307430707071,0.08915058677113596,1.249000902703301e-16
YCR105W,0.8319307430707082,0.08915058677113596,1.249000902703301e-16
YOR171C,0.8319307430707074,0.08915058677113596,1.249000902703301e-16
YCR083W,0.8319307430707082,0.08915058677113596,1.249000902703301e-16
YCR098C,0.8319307430707082,0.08915058677113596,1.249000902703301e-16
YJR077C,0.8319307430707076,0.08915058677113596,1.249000902703301e-16
YGR154C,0.8319307430707058,0.08915058677113595,1.1102230246251565e-16
YDR098C,0.8319307430707078,0.08915058677113594,9.71445146547012e-17
YNL141W,0.8319307430707068,0.08915058677113594,9.71445146547012e-17
YPL057C,0.8319307430707069,0.08915058677113594,9.71445146547012e-17
YPR047W,0.8319307430707065,0.08915058677113594,9.71445146547012e-17
YLR155C,0.8319307430707045,0.08915058677113592,8.326672684688674e-17
YNL267W,0.8319307430707087,0.08915058677113592,8.326672684688674e-17
YGL038C,0.8319307430707079,0.08915058677113592,8.326672684688674e-17
YNL054W,0.8319307430707071,0.08915058677113592,8.326672684688674e-17
YGR065C,0.8319307430707067,0.08915058677113592,8.326672684688674e-17
YJL129C,0.8319307430707056,0.08915058677113592,8.326672684688674e-17
YPL120W,0.8319307430707065,0.08915058677113592,8.326672684688674e-17
YBR011C,0.8319307430707075,0.08915058677113591,6.938893903907228e-17
YDR533C,0.8319307430707078,0.08915058677113591,6.938893903907228e-17
YNL038W,0.8319307430707062,0.08915058677113591,6.938893903907228e-17
YIL053W,0.8319307430707055,0.08915058677113591,6.938893903907228e-17
YIL048W,0.8319307430707055,0.08915058677113591,6.938893903907228e-17
YPR127W,0.8319307430707067,0.08915058677113591,6.938893903907228e-17
YLL028W,0.8319307430707052,0.08915058677113591,6.938893903907228e-17
YIL074C,0.8319307430707055,0.08915058677113591,6.938893903907228e-17
YIL066C,0.8319307430707055,0.08915058677113591,6.938893903907228e-17
YKL132C,0.8319307430707069,0.0891505867711359,5.551115123125783e-17
YGR292W,0.8319307430707054,0.0891505867711359,5.551115123125783e-17
YOL096C,0.8319307430707076,0.0891505867711359,5.551115123125783e-17
YOL055C,0.8319307430707071,0.0891505867711359,5.551115123125783e-17
YNL202W,0.8319307430707075,0.0891505867711359,5.551115123125783e-17
YIL023C,0.8319307430707072,0.0891505867711359,5.551115123125783e-17
YBR041W,0.831930743070707,0.0891505867711359,5.551115123125783e-17
YDR105C,0.8319307430707052,0.0891505867711359,5.551115123125783e-17
YNR012W,0.8319307430707071,0.08915058677113588,4.163336342344337e-17
YNL318C,0.8319307430707066,0.08915058677113588,4.163336342344337e-17
YLR447C,0.8319307430707074,0.08915058677113588,4.163336342344337e-17
YDR321W,0.8319307430707068,0.08915058677113588,4.163336342344337e-17
YNL048W,0.8319307430707066,0.08915058677113587,2.7755575615628914e-17
YPL076W,0.831930743070706,0.08915058677113587,2.7755575615628914e-17
YMR120C,0.8319307430707065,0.08915058677113587,2.7755575615628914e-17
YDL080C,0.831930743070708,0.08915058677113587,2.7755575615628914e-17
YOL156W,0.8319307430707068,0.08915058677113587,2.7755575615628914e-17
YOR071C,0.8319307430707084,0.08915058677113587,2.7755575615628914e-17
YLL061W,0.8319307430707068,0.08915058677113587,2.7755575615628914e-17
YJL198W,0.8319307430707085,0.08915058677113587,2.7755575615628914e-17
YLL052C,0.8319307430707068,0.08915058677113587,2.7755575615628914e-17
YLL057C,0.8319307430707068,0.08915058677113587,2.7755575615628914e-17
YLL053C,0.8319307430707068,0.08915058677113587,2.7755575615628914e-17
YLL058W,0.8319307430707068,0.08915058677113587,2.7755575615628914e-17
YLR011W,0.8319307430707068,0.08915058677113587,2.7755575615628914e-17
YLL062C,0.8319307430707068,0.08915058677113587,2.7755575615628914e-17
YOR285W,0.8319307430707068,0.08915058677113587,2.7755575615628914e-17
YKL140W,0.8319307430707062,0.08915058677113587,2.7755575615628914e-17
YLR450W,0.8319307430707085,0.08915058677113587,2.7755575615628914e-17
YOR317W,0.8319307430707068,0.08915058677113587,2.7755575615628914e-17
YKL184W,0.8319307430707051,0.08915058677113587,2.7755575615628914e-17
YOR286W,0.8319307430707068,0.08915058677113587,2.7755575615628914e-17
YOR303W,0.8319307430707068,0.08915058677113587,2.7755575615628914e-17
YOR321W,0.8319307430707068,0.08915058677113587,2.7755575615628914e-17
YHR092C,0.8319307430707051,0.08915058677113587,2.7755575615628914e-17
YOR306C,0.8319307430707068,0.08915058677113587,2.7755575615628914e-17
YOR316C,0.8319307430707068,0.08915058677113587,2.7755575615628914e-17
YOR311C,0.8319307430707068,0.08915058677113587,2.7755575615628914e-17
YER042W,0.8319307430707064,0.08915058677113587,2.7755575615628914e-17
YMR083W,0.8319307430707048,0.08915058677113587,2.7755575615628914e-17
YDR367W,0.8319307430707071,0.08915058677113587,2.7755575615628914e-17
YMR272C,0.831930743070705,0.08915058677113587,2.7755575615628914e-17
YEL017C-A,0.8319307430707069,0.08915058677113585,1.3877787807814457e-17
YLR056W,0.8319307430707086,0.08915058677113585,1.3877787807814457e-17
YLR047C,0.8319307430707086,0.08915058677113585,1.3877787807814457e-17
YLR057W,0.8319307430707086,0.08915058677113585,1.3877787807814457e-17
YJR040W,0.8319307430707048,0.08915058677113584,0.0
YOL086C,0.831930743070706,0.08915058677113584,0.0
YOL157C,0.8319307430707078,0.08915058677113584,0.0
YBR222C,0.8319307430707039,0.08915058677113584,0.0
YKL094W,0.8319307430707048,0.08915058677113584,0.0
YML008C,0.831930743070706,0.08915058677113584,0.0
YOR347C,0.8319307430707062,0.08915058677113584,0.0
YEL063C,0.8319307430707064,0.08915058677113584,0.0
YER183C,0.8319307430707079,0.08915058677113583,-1.3877787807814457e-17
YPR062W,0.8319307430707081,0.08915058677113583,-1.3877787807814457e-17
YMR099C,0.8319307430707068,0.08915058677113583,-1.3877787807814457e-17
YOR241W,0.831930743070708,0.08915058677113583,-1.3877787807814457e-17
YMR056C,0.8319307430707061,0.08915058677113583,-1.3877787807814457e-17
YJR149W,0.831930743070706,0.08915058677113583,-1.3877787807814457e-17
YPL087W,0.831930743070706,0.08915058677113583,-1.3877787807814457e-17
YGL253W,0.8319307430707048,0.08915058677113583,-1.3877787807814457e-17
YJL091C,0.8319307430707067,0.08915058677113583,-1.3877787807814457e-17
YML125C,0.8319307430707059,0.08915058677113581,-2.7755575615628914e-17
YGL008C,0.8319307430707035,0.08915058677113581,-2.7755575615628914e-17
YNL036W,0.8319307430707051,0.08915058677113581,-2.7755575615628914e-17
YDR147W,0.8319307430707065,0.08915058677113581,-2.7755575615628914e-17
YDR191W,0.8319307430707056,0.08915058677113581,-2.7755575615628914e-17
YLR285W,0.8319307430707056,0.08915058677113581,-2.7755575615628914e-17
YKL069W,0.8319307430707066,0.08915058677113581,-2.7755575615628914e-17
YBR252W,0.8319307430707065,0.0891505867711358,-4.163336342344337e-17
YGR216C,0.8319307430707059,0.0891505867711358,-4.163336342344337e-17
YLR286C,0.8319307430707046,0.0891505867711358,-4.163336342344337e-17
YDR384C,0.8319307430707062,0.08915058677113578,-5.551115123125783e-17
YNL073W,0.8319307430707064,0.08915058677113578,-5.551115123125783e-17
YJL200C,0.8319307430707075,0.08915058677113578,-5.551115123125783e-17
YGL084C,0.8319307430707059,0.08915058677113578,-5.551115123125783e-17
YMR261C,0.8319307430707044,0.08915058677113577,-6.938893903907228e-17
YDR204W,0.831930743070706,0.08915058677113577,-6.938893903907228e-17
YNL292W,0.8319307430707056,0.08915058677113577,-6.938893903907228e-17
YPR145W,0.8319307430707052,0.08915058677113577,-6.938893903907228e-17
YGL027C,0.831930743070706,0.08915058677113577,-6.938893903907228e-17
YGR143W,0.8319307430707041,0.08915058677113577,-6.938893903907228e-17
YFL030W,0.8319307430707055,0.08915058677113577,-6.938893903907228e-17
YHR067W,0.8319307430707058,0.08915058677113577,-6.938893903907228e-17
YBR281C,0.8319307430707061,0.08915058677113577,-6.938893903907228e-17
YMR323W,0.831930743070706,0.08915058677113577,-6.938893903907228e-17
YER024W,0.831930743070704,0.08915058677113577,-6.938893903907228e-17
YEL041W,0.8319307430707052,0.08915058677113577,-6.938893903907228e-17
YLR180W,0.831930743070703,0.08915058677113576,-8.326672684688674e-17
YMR006C,0.831930743070705,0.08915058677113576,-8.326672684688674e-17
YDL015C,0.831930743070706,0.08915058677113574,-9.71445146547012e-17
YLR377C,0.8319307430707039,0.08915058677113573,-1.1102230246251565e-16
YLR410W,0.8319307430707039,0.08915058677113573,-1.1102230246251565e-16
YLR386W,0.8319307430707039,0.08915058677113573,-1.1102230246251565e-16
YIL099W,0.831930743070704,0.08915058677113573,-1.1102230246251565e-16
YLR299W,0.8319307430707057,0.08915058677113573,-1.1102230246251565e-16
YLR382C,0.8319307430707039,0.08915058677113573,-1.1102230246251565e-16
YHL032C,0.831930743070704,0.08915058677113573,-1.1102230246251565e-16
YLR395C,0.8319307430707039,0.08915058677113573,-1.1102230246251565e-16
YMR087W,0.8319307430707048,0.08915058677113571,-1.249000902703301e-16
YHR137W,0.8319307430707037,0.08915058677113571,-1.249000902703301e-16
YJL196C,0.8319307430707071,0.08915058677113571,-1.249000902703301e-16
YHR043C,0.8319307430707054,0.08915058677113571,-1.249000902703301e-16
YMR189W,0.8319307430707038,0.08915058677113571,-1.249000902703301e-16
YFL059W,0.8319307430707054,0.08915058677113571,-1.249000902703301e-16
YOR081C,0.8319307430707055,0.08915058677113571,-1.249000902703301e-16
YGR177C,0.8319307430707036,0.08915058677113571,-1.249000902703301e-16
YPL252C,0.8319307430707045,0.0891505867711357,-1.3877787807814457e-16
YKL165C,0.831930743070705,0.0891505867711357,-1.3877787807814457e-16
YKL181W,0.831930743070705,0.0891505867711357,-1.3877787807814457e-16
YKL141W,0.831930743070705,0.0891505867711357,-1.3877787807814457e-16
YKL152C,0.831930743070705,0.0891505867711357,-1.3877787807814457e-16
YKL174C,0.831930743070705,0.0891505867711357,-1.3877787807814457e-16
YOR251C,0.8319307430707042,0.0891505867711357,-1.3877787807814457e-16
YOR253W,0.8319307430707042,0.0891505867711357,-1.3877787807814457e-16
YOR273C,0.8319307430707042,0.0891505867711357,-1.3877787807814457e-16
YKL150W,0.831930743070705,0.0891505867711357,-1.3877787807814457e-16
YOR270C,0.8319307430707042,0.0891505867711357,-1.3877787807814457e-16
YLR258W,0.8319307430707057,0.0891505867711357,-1.3877787807814457e-16
YGR287C,0.8319307430707052,0.0891505867711357,-1.3877787807814457e-16
YKL148C,0.831930743070705,0.0891505867711357,-1.3877787807814457e-16
YGR032W,0.8319307430707057,0.0891505867711357,-1.3877787807814457e-16
YGR038W,0.8319307430707057,0.0891505867711357,-1.3877787807814457e-16
YGR046W,0.8319307430707057,0.0891505867711357,-1.3877787807814457e-16
YGR019W,0.8319307430707057,0.0891505867711357,-1.3877787807814457e-16
YKL146W,0.831930743070705,0.0891505867711357,-1.3877787807814457e-16
YBR192W,0.8319307430707056,0.0891505867711357,-1.3877787807814457e-16
YBR180W,0.8319307430707056,0.0891505867711357,-1.3877787807814457e-16
YPR074C,0.8319307430707045,0.0891505867711357,-1.3877787807814457e-16
YGR007W,0.8319307430707057,0.0891505867711357,-1.3877787807814457e-16
YGR012W,0.8319307430707057,0.0891505867711357,-1.3877787807814457e-16
YOR067C,0.8319307430707046,0.0891505867711357,-1.3877787807814457e-16
YEL006W,0.8319307430707052,0.0891505867711357,-1.3877787807814457e-16
YBR183W,0.8319307430707056,0.0891505867711357,-1.3877787807814457e-16
YLL031C,0.8319307430707037,0.0891505867711357,-1.3877787807814457e-16
YDR302W,0.8319307430707031,0.08915058677113569,-1.5265566588595902e-16
YHR104W,0.8319307430707034,0.08915058677113567,-1.6653345369377348e-16
YHR116W,0.8319307430707034,0.08915058677113567,-1.6653345369377348e-16
YHR123W,0.8319307430707034,0.08915058677113567,-1.6653345369377348e-16
YHR109W,0.8319307430707034,0.08915058677113567,-1.6653345369377348e-16
YHR106W,0.8319307430707034,0.08915058677113567,-1.6653345369377348e-16
YPL265W,0.831930743070704,0.08915058677113567,-1.6653345369377348e-16
YHR128W,0.8319307430707034,0.08915058677113567,-1.6653345369377348e-16
YER070W,0.831930743070705,0.08915058677113567,-1.6653345369377348e-16
YKL026C,0.8319307430707062,0.08915058677113567,-1.6653345369377348e-16
YHR100C,0.8319307430707034,0.08915058677113567,-1.6653345369377348e-16
YPR121W,0.8319307430707054,0.08915058677113567,-1.6653345369377348e-16
YNL052W,0.8319307430707048,0.08915058677113567,-1.6653345369377348e-16
YOR108W,0.8319307430707042,0.08915058677113567,-1.6653345369377348e-16
YOR120W,0.8319307430707042,0.08915058677113567,-1.6653345369377348e-16
YOR125C,0.8319307430707042,0.08915058677113567,-1.6653345369377348e-16
YOR109W,0.8319307430707042,0.08915058677113567,-1.6653345369377348e-16
YOR100C,0.8319307430707042,0.08915058677113567,-1.6653345369377348e-16
YHL003C,0.8319307430707034,0.08915058677113567,-1.6653345369377348e-16
YFR044C,0.8319307430707052,0.08915058677113567,-1.6653345369377348e-16
YHR096C,0.8319307430707034,0.08915058677113567,-1.6653345369377348e-16
YHR094C,0.8319307430707034,0.08915058677113567,-1.6653345369377348e-16
YDL243C,0.8319307430707044,0.08915058677113566,-1.8041124150158794e-16
YDR001C,0.8319307430707044,0.08915058677113566,-1.8041124150158794e-16
YLR308W,0.8319307430707051,0.08915058677113566,-1.8041124150158794e-16
YLR307W,0.8319307430707051,0.08915058677113566,-1.8041124150158794e-16
YLR342W,0.8319307430707051,0.08915058677113566,-1.8041124150158794e-16
YLR328W,0.8319307430707051,0.08915058677113566,-1.8041124150158794e-16
YLR350W,0.8319307430707051,0.08915058677113566,-1.8041124150158794e-16
YKL212W,0.8319307430707031,0.08915058677113566,-1.8041124150158794e-16
YLR351C,0.8319307430707051,0.08915058677113566,-1.8041124150158794e-16
YLR354C,0.8319307430707051,0.08915058677113566,-1.8041124150158794e-16
YLR348C,0.8319307430707051,0.08915058677113566,-1.8041124150158794e-16
YMR296C,0.8319307430707032,0.08915058677113566,-1.8041124150158794e-16
YHR174W,0.831930743070703,0.08915058677113566,-1.8041124150158794e-16
YHR183W,0.831930743070703,0.08915058677113566,-1.8041124150158794e-16
YDL236W,0.8319307430707044,0.08915058677113566,-1.8041124150158794e-16
YHR163W,0.831930743070703,0.08915058677113566,-1.8041124150158794e-16
YDR039C,0.8319307430707052,0.08915058677113566,-1.8041124150158794e-16
YPL244C,0.8319307430707049,0.08915058677113566,-1.8041124150158794e-16
YBR127C,0.8319307430707045,0.08915058677113566,-1.8041124150158794e-16
YOR161C,0.8319307430707041,0.08915058677113566,-1.8041124150158794e-16
YMR145C,0.8319307430707032,0.08915058677113566,-1.8041124150158794e-16
YOR163W,0.8319307430707041,0.08915058677113566,-1.8041124150158794e-16
YPR026W,0.8319307430707051,0.08915058677113566,-1.8041124150158794e-16
YDL238C,0.8319307430707044,0.08915058677113566,-1.8041124150158794e-16
YDL245C,0.8319307430707044,0.08915058677113566,-1.8041124150158794e-16
YDL246C,0.8319307430707044,0.08915058677113566,-1.8041124150158794e-16
YMR322C,0.8319307430707042,0.08915058677113566,-1.8041124150158794e-16
YLR345W,0.8319307430707051,0.08915058677113566,-1.8041124150158794e-16
YJL097W,0.8319307430707031,0.08915058677113566,-1.8041124150158794e-16
YPR139C,0.831930743070705,0.08915058677113566,-1.8041124150158794e-16
YEL042W,0.8319307430707049,0.08915058677113566,-1.8041124150158794e-16
YMR041C,0.8319307430707038,0.08915058677113566,-1.8041124150158794e-16
YAL062W,0.8319307430707051,0.08915058677113566,-1.8041124150158794e-16
YDL247W,0.8319307430707044,0.08915058677113566,-1.8041124150158794e-16
YBR085W,0.8319307430707039,0.08915058677113565,-1.942890293094024e-16
YBR084W,0.8319307430707039,0.08915058677113565,-1.942890293094024e-16
YBR046C,0.8319307430707039,0.08915058677113565,-1.942890293094024e-16
YBR111C,0.8319307430707039,0.08915058677113565,-1.942890293094024e-16
YBR110W,0.8319307430707039,0.08915058677113565,-1.942890293094024e-16
YBR097W,0.8319307430707039,0.08915058677113565,-1.942890293094024e-16
YIL134W,0.8319307430707027,0.08915058677113565,-1.942890293094024e-16
YNR013C,0.831930743070705,0.08915058677113565,-1.942890293094024e-16
YBR068C,0.8319307430707039,0.08915058677113565,-1.942890293094024e-16
YBR058C-A,0.8319307430707039,0.08915058677113565,-1.942890293094024e-16
YBR070C,0.8319307430707039,0.08915058677113565,-1.942890293094024e-16
YBR069C,0.8319307430707039,0.08915058677113565,-1.942890293094024e-16
YNL003C,0.8319307430707028,0.08915058677113565,-1.942890293094024e-16
YHR091C,0.8319307430707028,0.08915058677113565,-1.942890293094024e-16
YBL013W,0.8319307430707015,0.08915058677113565,-1.942890293094024e-16
YDR497C,0.8319307430707039,0.08915058677113565,-1.942890293094024e-16
YIR036C,0.8319307430707044,0.08915058677113565,-1.942890293094024e-16
YDR023W,0.831930743070704,0.08915058677113563,-2.0816681711721685e-16
YBR036C,0.8319307430707048,0.08915058677113562,-2.220446049250313e-16
YBR035C,0.8319307430707048,0.08915058677113562,-2.220446049250313e-16
YLR038C,0.831930743070704,0.08915058677113562,-2.220446049250313e-16
YBR038W,0.8319307430707048,0.08915058677113562,-2.220446049250313e-16
YER060W,0.8319307430707041,0.08915058677113562,-2.220446049250313e-16
YAL061W,0.8319307430707028,0.08915058677113562,-2.220446049250313e-16
YOR126C,0.8319307430707042,0.0891505867711356,-2.3592239273284576e-16
YDL052C,0.8319307430707045,0.0891505867711356,-2.3592239273284576e-16
YJL133W,0.8319307430707046,0.08915058677113559,-2.498001805406602e-16
YHR011W,0.8319307430707028,0.08915058677113559,-2.498001805406602e-16
YLR028C,0.8319307430707025,0.08915058677113559,-2.498001805406602e-16
YHR013C,0.8319307430707028,0.08915058677113559,-2.498001805406602e-16
YGR194C,0.8319307430707026,0.08915058677113559,-2.498001805406602e-16
YKR043C,0.8319307430707036,0.08915058677113558,-2.636779683484747e-16
YHL016C,0.8319307430707037,0.08915058677113558,-2.636779683484747e-16
YJR131W,0.8319307430707045,0.08915058677113558,-2.636779683484747e-16
YKL218C,0.8319307430707038,0.08915058677113558,-2.636779683484747e-16
YKR031C,0.8319307430707038,0.08915058677113558,-2.636779683484747e-16
YKR009C,0.8319307430707038,0.08915058677113558,-2.636779683484747e-16
YKL220C,0.8319307430707038,0.08915058677113558,-2.636779683484747e-16
YDR402C,0.8319307430707044,0.08915058677113558,-2.636779683484747e-16
YER073W,0.831930743070704,0.08915058677113558,-2.636779683484747e-16
YBR042C,0.8319307430707037,0.08915058677113558,-2.636779683484747e-16
YDR040C,0.8319307430707037,0.08915058677113558,-2.636779683484747e-16
YDL171C,0.8319307430707041,0.08915058677113558,-2.636779683484747e-16
YNR067C,0.831930743070704,0.08915058677113556,-2.7755575615628914e-16
YOL033W,0.831930743070704,0.08915058677113556,-2.7755575615628914e-16
YNR060W,0.831930743070704,0.08915058677113556,-2.7755575615628914e-16
YJR104C,0.8319307430707044,0.08915058677113556,-2.7755575615628914e-16
YJR103W,0.8319307430707044,0.08915058677113556,-2.7755575615628914e-16
YFR019W,0.8319307430707036,0.08915058677113556,-2.7755575615628914e-16
YNR058W,0.831930743070704,0.08915058677113556,-2.7755575615628914e-16
YOL020W,0.831930743070704,0.08915058677113556,-2.7755575615628914e-16
YOL011W,0.831930743070704,0.08915058677113556,-2.7755575615628914e-16
YNR072W,0.831930743070704,0.08915058677113556,-2.7755575615628914e-16
YNR073C,0.831930743070704,0.08915058677113556,-2.7755575615628914e-16
YDR437W,0.8319307430707038,0.08915058677113556,-2.7755575615628914e-16
YPL088W,0.831930743070704,0.08915058677113556,-2.7755575615628914e-16
YAL060W,0.831930743070704,0.08915058677113556,-2.7755575615628914e-16
YLR284C,0.8319307430707042,0.08915058677113556,-2.7755575615628914e-16
YDL210W,0.8319307430707031,0.08915058677113555,-2.914335439641036e-16
YER065C,0.8319307430707032,0.08915058677113555,-2.914335439641036e-16
YLR446W,0.8319307430707035,0.08915058677113555,-2.914335439641036e-16
YBR092C,0.8319307430707039,0.08915058677113555,-2.914335439641036e-16
YDR135C,0.8319307430707031,0.08915058677113555,-2.914335439641036e-16
YOL152W,0.8319307430707028,0.08915058677113555,-2.914335439641036e-16
YJR155W,0.8319307430707035,0.08915058677113555,-2.914335439641036e-16
YOR283W,0.8319307430707039,0.08915058677113555,-2.914335439641036e-16
YJR153W,0.8319307430707035,0.08915058677113555,-2.914335439641036e-16
YJR158W,0.8319307430707035,0.08915058677113555,-2.914335439641036e-16
YJR160C,0.8319307430707035,0.08915058677113555,-2.914335439641036e-16
YJR159W,0.8319307430707035,0.08915058677113555,-2.914335439641036e-16
YDR272W,0.8319307430707037,0.08915058677113555,-2.914335439641036e-16
YOL165C,0.8319307430707045,0.08915058677113553,-3.0531133177191805e-16
YOR011W,0.8319307430707045,0.08915058677113553,-3.0531133177191805e-16
YOR040W,0.8319307430707045,0.08915058677113553,-3.0531133177191805e-16
YAR071W,0.8319307430707034,0.08915058677113552,-3.191891195797325e-16
YDR503C,0.8319307430707035,0.08915058677113552,-3.191891195797325e-16
YDR035W,0.8319307430707031,0.08915058677113552,-3.191891195797325e-16
YKR076W,0.831930743070702,0.08915058677113552,-3.191891195797325e-16
YDR036C,0.8319307430707031,0.08915058677113552,-3.191891195797325e-16
YDR453C,0.8319307430707028,0.0891505867711355,-3.3306690738754696e-16
YGR087C,0.8319307430707037,0.0891505867711355,-3.3306690738754696e-16
YDL142C,0.8319307430707036,0.0891505867711355,-3.3306690738754696e-16
YLR211C,0.8319307430707039,0.0891505867711355,-3.3306690738754696e-16
YLR109W,0.8319307430707061,0.0891505867711355,-3.3306690738754696e-16
YCR036W,0.8319307430707037,0.08915058677113548,-3.608224830031759e-16
YCR037C,0.8319307430707037,0.08915058677113548,-3.608224830031759e-16
YCR028C,0.8319307430707037,0.08915058677113548,-3.608224830031759e-16
YDR178W,0.8319307430706998,0.08915058677113548,-3.608224830031759e-16
YCR034W,0.8319307430707037,0.08915058677113548,-3.608224830031759e-16
YCR048W,0.8319307430707037,0.08915058677113548,-3.608224830031759e-16
YCR024C-A,0.8319307430707037,0.08915058677113548,-3.608224830031759e-16
YDR009W,0.8319307430707031,0.08915058677113548,-3.608224830031759e-16
YGR121C,0.8319307430707035,0.08915058677113548,-3.608224830031759e-16
YGR260W,0.8319307430707029,0.08915058677113546,-3.7470027081099033e-16
YDR226W,0.8319307430707029,0.08915058677113546,-3.7470027081099033e-16
YAL039C,0.831930743070703,0.08915058677113545,-3.885780586188048e-16
YPL234C,0.8319307430707027,0.08915058677113544,-4.0245584642661925e-16
YDL042C,0.8319307430707013,0.08915058677113544,-4.0245584642661925e-16
YOR180C,0.8319307430707029,0.08915058677113544,-4.0245584642661925e-16
YBR034C,0.8319307430707031,0.08915058677113544,-4.0245584642661925e-16
YGL156W,0.831930743070706,0.08915058677113544,-4.0245584642661925e-16
YDR248C,0.8319307430707032,0.08915058677113544,-4.0245584642661925e-16
YGR243W,0.8319307430707011,0.08915058677113544,-4.0245584642661925e-16
YDR294C,0.8319307430707009,0.08915058677113544,-4.0245584642661925e-16
YEL039C,0.8319307430707025,0.08915058677113544,-4.0245584642661925e-16
YDR287W,0.8319307430707009,0.08915058677113544,-4.0245584642661925e-16
YGL186C,0.8319307430707008,0.08915058677113542,-4.163336342344337e-16
YLR214W,0.8319307430707008,0.08915058677113542,-4.163336342344337e-16
YER099C,0.8319307430707027,0.08915058677113542,-4.163336342344337e-16
YER163C,0.8319307430707018,0.08915058677113542,-4.163336342344337e-16
YDL131W,0.831930743070702,0.08915058677113542,-4.163336342344337e-16
YDR093W,0.8319307430707022,0.08915058677113542,-4.163336342344337e-16
YNR008W,0.8319307430707018,0.08915058677113542,-4.163336342344337e-16
YLL051C,0.8319307430707031,0.08915058677113542,-4.163336342344337e-16
YMR170C,0.831930743070702,0.08915058677113542,-4.163336342344337e-16
YOR222W,0.8319307430707038,0.08915058677113542,-4.163336342344337e-16
YLR157C,0.8319307430707022,0.08915058677113541,-4.3021142204224816e-16
YPL227C,0.8319307430707025,0.0891505867711354,-4.440892098500626e-16
YOR025W,0.8319307430707035,0.0891505867711354,-4.440892098500626e-16
YBR159W,0.8319307430707027,0.0891505867711354,-4.440892098500626e-16
YER019W,0.8319307430707025,0.0891505867711354,-4.440892098500626e-16
YGL205W,0.8319307430707055,0.0891505867711354,-4.440892098500626e-16
YDR270W,0.8319307430707026,0.0891505867711354,-4.440892098500626e-16
YOR002W,0.8319307430707035,0.0891505867711354,-4.440892098500626e-16
YDL120W,0.8319307430707026,0.0891505867711354,-4.440892098500626e-16
YAL022C,0.8319307430707025,0.08915058677113538,-4.579669976578771e-16
YMR318C,0.8319307430707026,0.08915058677113538,-4.579669976578771e-16
YPL280W,0.8319307430707015,0.08915058677113537,-4.718447854656915e-16
YLR164W,0.8319307430707018,0.08915058677113535,-4.85722573273506e-16
YBR199W,0.8319307430707024,0.08915058677113535,-4.85722573273506e-16
YPR128C,0.8319307430707037,0.08915058677113535,-4.85722573273506e-16
YLR172C,0.8319307430707018,0.08915058677113535,-4.85722573273506e-16
YLR158C,0.8319307430707018,0.08915058677113535,-4.85722573273506e-16
YNR030W,0.8319307430707015,0.08915058677113535,-4.85722573273506e-16
YHL018W,0.8319307430707003,0.08915058677113535,-4.85722573273506e-16
YJL139C,0.8319307430707024,0.08915058677113535,-4.85722573273506e-16
YJL137C,0.8319307430707024,0.08915058677113535,-4.85722573273506e-16
YLR160C,0.8319307430707018,0.08915058677113535,-4.85722573273506e-16
YBR249C,0.8319307430707025,0.08915058677113535,-4.85722573273506e-16
YJL134W,0.8319307430707024,0.08915058677113535,-4.85722573273506e-16
YAL026C,0.8319307430707013,0.08915058677113534,-4.996003610813204e-16
YCL035C,0.8319307430707021,0.08915058677113534,-4.996003610813204e-16
YDL185W,0.8319307430707013,0.08915058677113534,-4.996003610813204e-16
YDR236C,0.8319307430707022,0.08915058677113534,-4.996003610813204e-16
YDR300C,0.8319307430707021,0.08915058677113534,-4.996003610813204e-16
YDL198C,0.8319307430707013,0.08915058677113534,-4.996003610813204e-16
YDL040C,0.8319307430707001,0.08915058677113534,-4.996003610813204e-16
YDL182W,0.8319307430707013,0.08915058677113534,-4.996003610813204e-16
YDL178W,0.8319307430707013,0.08915058677113534,-4.996003610813204e-16
YER053C,0.8319307430707019,0.08915058677113533,-5.134781488891349e-16
YDR399W,0.8319307430707022,0.08915058677113533,-5.134781488891349e-16
YLR438W,0.8319307430707022,0.08915058677113533,-5.134781488891349e-16
YER119C,0.8319307430707017,0.08915058677113533,-5.134781488891349e-16
YBR295W,0.8319307430707021,0.08915058677113531,-5.273559366969494e-16
YLR240W,0.8319307430707021,0.08915058677113531,-5.273559366969494e-16
YDR538W,0.831930743070701,0.08915058677113531,-5.273559366969494e-16
YDR502C,0.8319307430707007,0.08915058677113531,-5.273559366969494e-16
YLR153C,0.8319307430707019,0.08915058677113531,-5.273559366969494e-16
YHR037W,0.8319307430707017,0.08915058677113531,-5.273559366969494e-16
YDR072C,0.8319307430707015,0.08915058677113531,-5.273559366969494e-16
YDL090C,0.8319307430707029,0.08915058677113531,-5.273559366969494e-16
YDL093W,0.8319307430707029,0.08915058677113531,-5.273559366969494e-16
YDL095W,0.8319307430707029,0.08915058677113531,-5.273559366969494e-16
YBR299W,0.8319307430707021,0.08915058677113531,-5.273559366969494e-16
YBR298C,0.8319307430707021,0.08915058677113531,-5.273559366969494e-16
YBR294W,0.8319307430707021,0.08915058677113531,-5.273559366969494e-16
YCL005W-A,0.8319307430707021,0.08915058677113531,-5.273559366969494e-16
YCL009C,0.8319307430707021,0.08915058677113531,-5.273559366969494e-16
YCL004W,0.8319307430707021,0.08915058677113531,-5.273559366969494e-16
YOL136C,0.8319307430707018,0.08915058677113531,-5.273559366969494e-16
YKR069W,0.8319307430707022,0.08915058677113531,-5.273559366969494e-16
YBR296C,0.8319307430707021,0.08915058677113531,-5.273559366969494e-16
YGR191W,0.8319307430707034,0.08915058677113531,-5.273559366969494e-16
YDL085W,0.8319307430707029,0.08915058677113531,-5.273559366969494e-16
YPR011C,0.8319307430707008,0.0891505867711353,-5.412337245047638e-16
YDR400W,0.831930743070702,0.0891505867711353,-5.412337245047638e-16
YDR387C,0.8319307430707019,0.0891505867711353,-5.412337245047638e-16
YJR110W,0.8319307430706997,0.08915058677113528,-5.551115123125783e-16
YDR017C,0.8319307430707011,0.08915058677113528,-5.551115123125783e-16
YMR210W,0.8319307430706997,0.08915058677113528,-5.551115123125783e-16
YDR481C,0.8319307430707018,0.08915058677113528,-5.551115123125783e-16
YOL065C,0.8319307430707017,0.08915058677113528,-5.551115123125783e-16
YOL092W,0.8319307430707019,0.08915058677113528,-5.551115123125783e-16
YMR165C,0.8319307430707009,0.08915058677113528,-5.551115123125783e-16
YML035C,0.8319307430706997,0.08915058677113527,-5.689893001203927e-16
YEL029C,0.8319307430707008,0.08915058677113527,-5.689893001203927e-16
YDR038C,0.8319307430707009,0.08915058677113527,-5.689893001203927e-16
YHR068W,0.831930743070701,0.08915058677113527,-5.689893001203927e-16
YKL217W,0.831930743070701,0.08915058677113527,-5.689893001203927e-16
YNR057C,0.8319307430707013,0.08915058677113527,-5.689893001203927e-16
YDR111C,0.8319307430707006,0.08915058677113527,-5.689893001203927e-16
YMR101C,0.8319307430707015,0.08915058677113527,-5.689893001203927e-16
YPL188W,0.8319307430707004,0.08915058677113526,-5.828670879282072e-16
YCR005C,0.8319307430707013,0.08915058677113524,-5.967448757360216e-16
YCL038C,0.8319307430707013,0.08915058677113524,-5.967448757360216e-16
YCL052C,0.8319307430707013,0.08915058677113524,-5.967448757360216e-16
YCL050C,0.8319307430707013,0.08915058677113524,-5.967448757360216e-16
YCL047C,0.8319307430707013,0.08915058677113524,-5.967448757360216e-16
YCR010C,0.8319307430707013,0.08915058677113524,-5.967448757360216e-16
YCL064C,0.8319307430707013,0.08915058677113524,-5.967448757360216e-16
YCL069W,0.8319307430707013,0.08915058677113524,-5.967448757360216e-16
YCR011C,0.8319307430707013,0.08915058677113524,-5.967448757360216e-16
YCL040W,0.8319307430707013,0.08915058677113524,-5.967448757360216e-16
YDR020C,0.8319307430707014,0.08915058677113524,-5.967448757360216e-16
YDR297W,0.8319307430707009,0.08915058677113524,-5.967448757360216e-16
YDR516C,0.831930743070701,0.08915058677113524,-5.967448757360216e-16
YDR019C,0.8319307430707013,0.08915058677113523,-6.106226635438361e-16
YDR456W,0.8319307430707004,0.08915058677113522,-6.245004513516506e-16
YDR513W,0.831930743070701,0.08915058677113522,-6.245004513516506e-16
YDR268W,0.8319307430707008,0.08915058677113522,-6.245004513516506e-16
YML004C,0.8319307430707029,0.08915058677113522,-6.245004513516506e-16
YBL080C,0.8319307430706981,0.0891505867711352,-6.38378239159465e-16
YJL100W,0.8319307430707009,0.0891505867711352,-6.38378239159465e-16
YLR260W,0.8319307430707008,0.0891505867711352,-6.38378239159465e-16
YDR046C,0.8319307430707007,0.0891505867711352,-6.38378239159465e-16
YER056C,0.8319307430707009,0.0891505867711352,-6.38378239159465e-16
YBR293W,0.8319307430707008,0.0891505867711352,-6.38378239159465e-16
YDL168W,0.8319307430707004,0.0891505867711352,-6.38378239159465e-16
YMR207C,0.8319307430707011,0.08915058677113517,-6.661338147750939e-16
YBR204C,0.8319307430707004,0.08915058677113516,-6.800116025829084e-16
YGL225W,0.8319307430707,0.08915058677113515,-6.938893903907228e-16
YOL103W,0.8319307430706998,0.08915058677113513,-7.077671781985373e-16
YMR319C,0.8319307430707003,0.08915058677113513,-7.077671781985373e-16
YDR231C,0.8319307430707,0.08915058677113513,-7.077671781985373e-16
YDR242W,0.8319307430706999,0.08915058677113513,-7.077671781985373e-16
YBR002C,0.8319307430707004,0.08915058677113512,-7.216449660063518e-16
YAL035W,0.8319307430707008,0.08915058677113512,-7.216449660063518e-16
YDR403W,0.8319307430707,0.08915058677113512,-7.216449660063518e-16
YDR539W,0.8319307430706996,0.0891505867711351,-7.355227538141662e-16
YNL106C,0.8319307430706996,0.08915058677113509,-7.494005416219807e-16
YFL001W,0.8319307430706991,0.08915058677113508,-7.632783294297951e-16
YLR245C,0.8319307430706978,0.08915058677113508,-7.632783294297951e-16
YPL212C,0.8319307430706989,0.08915058677113508,-7.632783294297951e-16
YPR002W,0.8319307430706989,0.08915058677113508,-7.632783294297951e-16
YPL206C,0.8319307430706989,0.08915058677113508,-7.632783294297951e-16
YDR261C,0.8319307430706996,0.08915058677113508,-7.632783294297951e-16
YPL189W,0.8319307430706989,0.08915058677113508,-7.632783294297951e-16
YBL030C,0.8319307430706998,0.08915058677113506,-7.771561172376096e-16
YNL009W,0.8319307430706989,0.08915058677113505,-7.91033905045424e-16
YOR192C,0.8319307430706996,0.08915058677113503,-8.049116928532385e-16
YAL038W,0.8319307430706993,0.08915058677113503,-8.049116928532385e-16
YDR305C,0.8319307430706989,0.08915058677113503,-8.049116928532385e-16
YER086W,0.8319307430706989,0.08915058677113503,-8.049116928532385e-16
YDL219W,0.8319307430706985,0.08915058677113501,-8.326672684688674e-16
YLL043W,0.8319307430706989,0.089150586771135,-8.465450562766819e-16
YOR221C,0.8319307430706999,0.08915058677113497,-8.743006318923108e-16
YGL063W,0.8319307430707015,0.08915058677113497,-8.743006318923108e-16
YBR001C,0.8319307430706989,0.08915058677113497,-8.743006318923108e-16
YBL091C,0.831930743070698,0.08915058677113494,-9.020562075079397e-16
YFL055W,0.831930743070698,0.08915058677113492,-9.159339953157541e-16
YDL174C,0.8319307430706974,0.08915058677113491,-9.298117831235686e-16
YER081W,0.8319307430706974,0.08915058677113491,-9.298117831235686e-16
YDL022W,0.8319307430706981,0.0891505867711349,-9.43689570931383e-16
YBR213W,0.8319307430706976,0.08915058677113485,-9.853229343548264e-16
YBR208C,0.8319307430706976,0.08915058677113485,-9.853229343548264e-16
YER037W,0.8319307430706973,0.08915058677113485,-9.853229343548264e-16
YBR218C,0.8319307430706976,0.08915058677113485,-9.853229343548264e-16
YBR205W,0.8319307430706976,0.08915058677113485,-9.853229343548264e-16
YFL054C,0.8319307430706973,0.08915058677113483,-1.0130785099704553e-15
YFL011W,0.8319307430706968,0.0891505867711348,-1.0408340855860843e-15
YBL011W,0.8319307430706968,0.08915058677113476,-1.0824674490095276e-15
YBR117C,0.8319307430706963,0.08915058677113474,-1.096345236817342e-15
YDR173C,0.8319307430706959,0.08915058677113474,-1.096345236817342e-15
YBR149W,0.8319307430706958,0.0891505867711347,-1.1379786002407855e-15
YBR128C,0.8319307430706958,0.0891505867711347,-1.1379786002407855e-15
YBR147W,0.8319307430706958,0.0891505867711347,-1.1379786002407855e-15
YBR132C,0.8319307430706958,0.0891505867711347,-1.1379786002407855e-15
YBR145W,0.8319307430706958,0.0891505867711347,-1.1379786002407855e-15
YDR352W,0.8319307430706957,0.08915058677113469,-1.1518563880486e-15
YDR315C,0.8319307430706958,0.08915058677113469,-1.1518563880486e-15
YDR058C,0.8319307430706953,0.08915058677113467,-1.1657341758564144e-15
YCL025C,0.8319307430706959,0.08915058677113465,-1.1934897514720433e-15
YJR051W,0.8319307430706935,0.08915058677113463,-1.2073675392798577e-15
YJR057W,0.8319307430706935,0.08915058677113463,-1.2073675392798577e-15
YJR048W,0.8319307430706935,0.08915058677113463,-1.2073675392798577e-15
YJR069C,0.8319307430706935,0.08915058677113463,-1.2073675392798577e-15
YJR049C,0.8319307430706935,0.08915058677113463,-1.2073675392798577e-15
YGR124W,0.8319307430706985,0.08915058677113463,-1.2073675392798577e-15
YHR201C,0.8319307430706945,0.08915058677113462,-1.2212453270876722e-15
YGL224C,0.8319307430706981,0.08915058677113462,-1.2212453270876722e-15
YGR234W,0.831930743070695,0.08915058677113456,-1.27675647831893e-15
YAL044C,0.8319307430706945,0.08915058677113455,-1.2906342661267445e-15
YMR271C,0.8319307430706957,0.08915058677113451,-1.3322676295501878e-15
YDR452W,0.8319307430706936,0.08915058677113447,-1.3739009929736312e-15
YAL023C,0.831930743070691,0.08915058677113438,-1.457167719820518e-15
YGR202C,0.8319307430706921,0.08915058677113434,-1.4988010832439613e-15
YER152C,0.8319307430706907,0.08915058677113423,-1.609823385706477e-15
YNL142W,0.8319307430706917,0.08915058677113416,-1.6792123247455493e-15
YLR133W,0.8319307430706909,0.08915058677113413,-1.7069679003611782e-15
YDR284C,0.8319307430706904,0.08915058677113408,-1.762479051592436e-15
YBR161W,0.8319307430706898,0.08915058677113402,-1.817990202823694e-15
YGR282C,0.8319307430706878,0.08915058677113402,-1.817990202823694e-15
YDL024C,0.8319307068763268,0.08915058289250735,-3.878628487830049e-09
YDL100C,0.8319306665799382,0.0891505785743034,-8.19683243502567e-09
YOR209C,0.8319306125219704,0.08915057278139378,-1.3989742059239418e-08
YLR209C,0.8319302846089058,0.08915053764187966,-4.9129256177171676e-08
YGR088W,0.8319296432217165,0.08915046891014383,-1.1786099200772338e-07
YHR144C,0.8319220565125295,0.0891496559102862,-9.308608496377824e-07
YGR277C,0.8319207982308746,0.08914952107148048,-1.0656996553559672e-06
YPR058W,0.8319166352814074,0.08914907496537008,-1.5118057657553807e-06
YDL166C,0.8319090270153792,0.08914825965545861,-2.3271156772280976e-06
YJR105W,0.8315921155266411,0.08911429908192398,-3.6287689211864094e-05
YOR175C,0.8314916372431777,0.0891035317217764,-4.7055049359437384e-05
YBR291C,0.8311243311113414,0.08906417080447579,-8.641596666005003e-05
YDL066W,0.8307708411606388,0.08902629044389854,-0.00012429632723730266
YPL061W,0.8302797321452023,0.08897366267739355,-0.00017692409374228668
YKL120W,0.8301849074615961,0.08896350116304365,-0.0001870856080921912
YNL104C,0.8301849074615968,0.08896350116304362,-0.00018708560809221897
YDR050C,0.8284027108412316,0.08877251907015843,-0.0003780677009774108
YKL029C,0.8266646177086476,0.08858626315411831,-0.0005643236170175259
YKR080W,0.8263990303697776,0.08855780253128805,-0.0005927842398477934
YMR267W,0.8204758285507907,0.08792306589951339,-0.0012275208716224506
YLR058C,0.8190629656507697,0.08777166200247843,-0.0013789247686574052
YPL262W,0.8184126063237561,0.08770196880253568,-0.0014486179686001577
YKL060C,0.816355890396939,0.08748156892763687,-0.0016690178434989739
YMR205C,0.8163558903969386,0.08748156892763687,-0.0016690178434989739
YGR240C,0.8163558903969261,0.08748156892763552,-0.00166901784350032
YHR002W,0.8145963949437577,0.08729301951606792,-0.0018575672550679156
YGR193C,0.8137621258704766,0.08720361835133453,-0.001946968419801312
YNL071W,0.8137621258704673,0.08720361835133346,-0.0019469684198023807
YER178W,0.813762125870466,0.08720361835133326,-0.001946968419802575
YBR221C,0.8137621258704629,0.08720361835133286,-0.0019469684198029774
YOL064C,0.8116667686749856,0.0869790776368229,-0.002171509134312938
YOR184W,0.7984371849012497,0.08556138131295217,-0.0035892054581836697
YGR208W,0.7984371849012384,0.08556138131295091,-0.0035892054581849325
YLR174W,0.7785913863745357,0.08343468435129416,-0.005715902419841684
YOR136W,0.7782816693218293,0.08340149474120738,-0.00574909202992846
YNL037C,0.7782816693099028,0.08340149473992918,-0.00574909203120666
YCR012W,0.7674374414796812,0.08223941570607132,-0.006911171065064517
YBR196C,0.694604232739663,0.07443453128548777,-0.014716055485648069
YJL121C,0.5389595032145291,0.057755475870629715,-0.031395110900506125
YNL241C,0.49666701497564825,0.053223367670623946,-0.035927219100511894
Q0080,0.1945719330009132,0.020850536106166297,-0.06830005066496954
YOL077W-A,0.19457193300091105,0.02085053610616613,-0.0683000506649697
YML081C-A,0.19457193300091102,0.020850536106166117,-0.06830005066496972
YKL016C,0.19457193300091088,0.02085053610616609,-0.06830005066496975
YDR298C,0.1945719330009108,0.020850536106166075,-0.06830005066496976
YPR020W,0.19457193300091088,0.020850536106166054,-0.06830005066496979
YLR295C,0.19457193300091027,0.020850536106166016,-0.06830005066496983
Q0130,0.1945719330009101,0.02085053610616599,-0.06830005066496986
YDR322C-A,0.1945719330009097,0.02085053610616596,-0.06830005066496989
YPL271W,0.1945719330009095,0.020850536106165905,-0.06830005066496994
Q0085,0.19457193300090922,0.020850536106165888,-0.06830005066496996
YDL004W,0.19457193300090886,0.02085053610616585,-0.06830005066497
YPL078C,0.19457193300090844,0.020850536106165822,-0.06830005066497002
YBL099W,0.19457193300090825,0.020850536106165794,-0.06830005066497005
YDR377W,0.19457193300089723,0.020850536106164632,-0.0683000506649712
YJR121W,0.19457193300080178,0.020850536106154418,-0.06830005066498142
YBR039W,0.1945719330004737,0.020850536106119186,-0.06830005066501665
YBL045C,0.18090932484146613,0.0193864364267352,-0.06976415034440064
YFR033C,0.18090932484146602,0.019386436426735133,-0.0697641503444007
YJL166W,0.18090932484146632,0.019386436426735064,-0.06976415034440078
YEL024W,0.18090932484146507,0.019386436426734967,-0.06976415034440087
Q0105,0.18090932484146388,0.019386436426734918,-0.06976415034440092
YDR529C,0.18090932484146444,0.019386436426734904,-0.06976415034440094
YHR001W-A,0.18090932484146316,0.019386436426734804,-0.06976415034440103
YOR065W,0.1809093248414617,0.019386436426734696,-0.06976415034440114
YPR191W,0.18090932484146124,0.019386436426734543,-0.0697641503444013
YGR183C,0.18090932484145966,0.01938643642673448,-0.06976415034440137
Q0275,0.15391677782710197,0.016493886265773527,-0.07265670050536231
YDL067C,0.1539167778270979,0.016493886265773087,-0.07265670050536276
Q0045,0.15391677782709634,0.01649388626577289,-0.07265670050536295
Q0250,0.15391677782709465,0.016493886265772747,-0.07265670050536309
YJR078W,0.0,0.0,-0.08915058677113584
YPR035W,0.0,0.0,-0.08915058677113584
YPR060C,0.0,0.0,-0.08915058677113584
YPR113W,0.0,0.0,-0.08915058677113584
YPR118W,0.0,0.0,-0.08915058677113584
YJR073C,0.0,0.0,-0.08915058677113584
YOR278W,0.0,0.0,-0.08915058677113584
YBR256C,0.0,0.0,-0.08915058677113584
YJL101C,0.0,0.0,-0.08915058677113584
YJL130C,0.0,0.0,-0.08915058677113584
YJL153C,0.0,0.0,-0.08915058677113584
YPL214C,0.0,0.0,-0.08915058677113584
YBR263W,0.0,0.0,-0.08915058677113584
YCL018W,0.0,0.0,-0.08915058677113584
YCL030C,0.0,0.0,-0.08915058677113584
YOR335C,0.0,0.0,-0.08915058677113584
YGL009C,0.0,0.0,-0.08915058677113584
YGL012W,0.0,0.0,-0.08915058677113584
YGL026C,0.0,0.0,-0.08915058677113584
YGL037C,0.0,0.0,-0.08915058677113584
YGL040C,0.0,0.0,-0.08915058677113584
YGL055W,0.0,0.0,-0.08915058677113584
YER055C,0.0,0.0,-0.08915058677113584
YPL117C,0.0,0.0,-0.08915058677113584
YPL160W,0.0,0.0,-0.08915058677113584
YPL172C,0.0,0.0,-0.08915058677113584
YFR025C,0.0,0.0,-0.08915058677113584
YFR030W,0.0,0.0,-0.08915058677113584
YFR047C,0.0,0.0,-0.08915058677113584
YGL001C,0.0,0.0,-0.08915058677113584
YBR248C,0.0,0.0,-0.08915058677113584
YBR029C,0.0,0.0,-0.08915058677113584
YBR115C,0.0,0.0,-0.08915058677113584
YDR353W,0.0,0.0,-0.08915058677113584
YMR208W,0.0,0.0,-0.08915058677113584
YMR217W,0.0,0.0,-0.08915058677113584
YMR220W,0.0,0.0,-0.08915058677113584
YMR289W,0.0,0.0,-0.08915058677113584
YGR264C,0.0,0.0,-0.08915058677113584
YGR267C,0.0,0.0,-0.08915058677113584
YGR060W,0.0,0.0,-0.08915058677113584
YGR061C,0.0,0.0,-0.08915058677113584
YGR094W,0.0,0.0,-0.08915058677113584
YNR016C,0.0,0.0,-0.08915058677113584
YNR033W,0.0,0.0,-0.08915058677113584
YNR043W,0.0,0.0,-0.08915058677113584
YNR050C,0.0,0.0,-0.08915058677113584
YGR204W,0.0,0.0,-0.08915058677113584
YNL220W,0.0,0.0,-0.08915058677113584
YNL247W,0.0,0.0,-0.08915058677113584
YNL256W,0.0,0.0,-0.08915058677113584
YNL275W,0.0,0.0,-0.08915058677113584
YNL277W,0.0,0.0,-0.08915058677113584
YDR408C,0.0,0.0,-0.08915058677113584
YGL148W,0.0,0.0,-0.08915058677113584
YGL154C,0.0,0.0,-0.08915058677113584
YGL234W,0.0,0.0,-0.08915058677113584
YGL245W,0.0,0.0,-0.08915058677113584
YDR044W,0.0,0.0,-0.08915058677113584
YDR047W,0.0,0.0,-0.08915058677113584
YDR074W,0.0,0.0,-0.08915058677113584
YDR127W,0.0,0.0,-0.08915058677113584
YDR354W,0.0,0.0,-0.08915058677113584
YJR137C,0.0,0.0,-0.08915058677113584
YJR139C,0.0,0.0,-0.08915058677113584
YJR148W,0.0,0.0,-0.08915058677113584
YJR010W,0.0,0.0,-0.08915058677113584
YJR016C,0.0,0.0,-0.08915058677113584
YJR024C,0.0,0.0,-0.08915058677113584
YJR025C,0.0,0.0,-0.08915058677113584
YDR196C,0.0,0.0,-0.08915058677113584
YDR158W,0.0,0.0,-0.08915058677113584
YDR148C,0.0,0.0,-0.08915058677113584
YNL316C,0.0,0.0,-0.08915058677113584
YNL280C,0.0,0.0,-0.08915058677113584
YDR341C,0.0,0.0,-0.08915058677113584
YMR300C,0.0,0.0,-0.08915058677113584
YDR232W,0.0,0.0,-0.08915058677113584
YHR063C,0.0,0.0,-0.08915058677113584
YOL066C,0.0,0.0,-0.08915058677113584
YOL097C,0.0,0.0,-0.08915058677113584
YDR234W,0.0,0.0,-0.08915058677113584
YHR019C,0.0,0.0,-0.08915058677113584
YHR020W,0.0,0.0,-0.08915058677113584
YDL205C,0.0,0.0,-0.08915058677113584
YHR018C,0.0,0.0,-0.08915058677113584
YOL052C,0.0,0.0,-0.08915058677113584
YOL058W,0.0,0.0,-0.08915058677113584
YGR144W,0.0,0.0,-0.08915058677113584
YGR155W,0.0,0.0,-0.08915058677113584
YGR157W,0.0,0.0,-0.08915058677113584
YGR175C,0.0,0.0,-0.08915058677113584
YLR017W,0.0,0.0,-0.08915058677113584
YLR027C,0.0,0.0,-0.08915058677113584
YOR128C,0.0,0.0,-0.08915058677113584
YOR130C,0.0,0.0,-0.08915058677113584
YKL001C,0.0,0.0,-0.08915058677113584
YDL141W,0.0,0.0,-0.08915058677113584
YLR060W,0.0,0.0,-0.08915058677113584
YLR100W,0.0,0.0,-0.08915058677113584
YHR025W,0.0,0.0,-0.08915058677113584
YHR042W,0.0,0.0,-0.08915058677113584
YIR034C,0.0,0.0,-0.08915058677113584
YIL145C,0.0,0.0,-0.08915058677113584
YOL140W,0.0,0.0,-0.08915058677113584
YOL122C,0.0,0.0,-0.08915058677113584
YOL143C,0.0,0.0,-0.08915058677113584
YOR054C,0.0,0.0,-0.08915058677113584
YOR074C,0.0,0.0,-0.08915058677113584
YOL130W,0.0,0.0,-0.08915058677113584
YOR095C,0.0,0.0,-0.08915058677113584
YLL018C,0.0,0.0,-0.08915058677113584
YGR185C,0.0,0.0,-0.08915058677113584
YDR007W,0.0,0.0,-0.08915058677113584
YLR359W,0.0,0.0,-0.08915058677113584
YLR420W,0.0,0.0,-0.08915058677113584
YER069W,0.0,0.0,-0.08915058677113584
YER090W,0.0,0.0,-0.08915058677113584
YER091C,0.0,0.0,-0.08915058677113584
YDR508C,0.0,0.0,-0.08915058677113584
YDR531W,0.0,0.0,-0.08915058677113584
YMR108W,0.0,0.0,-0.08915058677113584
YMR113W,0.0,0.0,-0.08915058677113584
YFL045C,0.0,0.0,-0.08915058677113584
YFL058W,0.0,0.0,-0.08915058677113584
YDR428C,0.0,0.0,-0.08915058677113584
YDR454C,0.0,0.0,-0.08915058677113584
YDR487C,0.0,0.0,-0.08915058677113584
YLR146C,0.0,0.0,-0.08915058677113584
YIL094C,0.0,0.0,-0.08915058677113584
YIL116W,0.0,0.0,-0.08915058677113584
YIL125W,0.0,0.0,-0.08915058677113584
YGL125W,0.0,0.0,-0.08915058677113584
YOL049W,0.0,0.0,-0.08915058677113584
YKL211C,0.0,0.0,-0.08915058677113584
YHR074W,0.0,0.0,-0.08915058677113584
YHR072W,0.0,0.0,-0.08915058677113584
YDR037W,0.0,0.0,-0.08915058677113584
YLR231C,0.0,0.0,-0.08915058677113584
YKL216W,0.0,0.0,-0.08915058677113584
YKR067W,0.0,0.0,-0.08915058677113584
YKR039W,0.0,0.0,-0.08915058677113584
YOR168W,0.0,0.0,-0.08915058677113584
YKL182W,0.0,0.0,-0.08915058677113584
YHR007C,0.0,0.0,-0.08915058677113584
YCR053W,0.0,0.0,-0.08915058677113584
YKR072C,0.0,0.0,-0.08915058677113584
YDL045C,0.0,0.0,-0.08915058677113584
YDL055C,0.0,0.0,-0.08915058677113584
YDL103C,0.0,0.0,-0.08915058677113584
YOR176W,0.0,0.0,-0.08915058677113584
YOR202W,0.0,0.0,-0.08915058677113584
YOR236W,0.0,0.0,-0.08915058677113584
YER043C,0.0,0.0,-0.08915058677113584
YER052C,0.0,0.0,-0.08915058677113584
YML126C,0.0,0.0,-0.08915058677113584
YMR009W,0.0,0.0,-0.08915058677113584
YMR020W,0.0,0.0,-0.08915058677113584
YMR062C,0.0,0.0,-0.08915058677113584
YEL021W,0.0,0.0,-0.08915058677113584
YEL038W,0.0,0.0,-0.08915058677113584
YEL058W,0.0,0.0,-0.08915058677113584
YKL024C,0.0,0.0,-0.08915058677113584
YKL067W,0.0,0.0,-0.08915058677113584
YKL088W,0.0,0.0,-0.08915058677113584
YJL167W,0.0,0.0,-0.08915058677113584
YER026C,0.0,0.0,-0.08915058677113584
YER023W,0.0,0.0,-0.08915058677113584
YER014W,0.0,0.0,-0.08915058677113584
YER003C,0.0,0.0,-0.08915058677113584
YLR355C,0.0,0.0,-0.08915058677113584
YFL017C,0.0,0.0,-0.08915058677113584
YFL022C,0.0,0.0,-0.08915058677113584
YFL018C,0.0,0.0,-0.08915058677113584
YHR190W,0.0,0.0,-0.08915058677113584
YHR208W,0.0,0.0,-0.08915058677113584
YIL078W,0.0,0.0,-0.08915058677113584
YIL020C,0.0,0.0,-0.08915058677113584
YIL083C,0.0,0.0,-0.08915058677113584
YKL104C,0.0,0.0,-0.08915058677113584
YJL088W,0.0,0.0,-0.08915058677113584
YLR303W,0.0,0.0,-0.08915058677113584
YPR183W,0.0,0.0,-0.08915058677113584
YPR167C,0.0,0.0,-0.08915058677113584
YPR165W,0.0,0.0,-0.08915058677113584
YPL231W,0.0,0.0,-0.08915058677113584
YAL012W,0.0,0.0,-0.08915058677113584
YPL028W,0.0,0.0,-0.08915058677113584
YPR033C,0.0,0.0,-0.08915058677113584
YBR153W,0.0,0.0,-0.08915058677113584
YBR126C,0.0,0.0,-0.08915058677113584
YPR021C,0.0,0.0,-0.08915058677113584
YBR176W,0.0,0.0,-0.08915058677113584
YBR166C,0.0,0.0,-0.08915058677113584
YBL098W,0.0,0.0,-0.08915058677113584
YBL076C,0.0,0.0,-0.08915058677113584
YBL033C,0.0,0.0,-0.08915058677113584
YAR015W,0.0,0.0,-0.08915058677113584
