gene,growth,obligatory_succinate
YLL041C,0.8335887070593665,0.0669690996935186
YKL141W,0.8335887070593659,0.06696909969326807
YHR001W-A,0.18090937406288968,0.015000293110263215
YEL024W,0.18090937406286056,0.015000293109616971
YFR033C,0.18090937406285687,0.015000293109597154
YOR065W,0.1809093740628552,0.01500029310953543
YJL166W,0.18090937406285584,0.015000293109516033
YPR191W,0.1809093740628568,0.015000293109504938
Q0105,0.18090937406285626,0.01500029310949866
YBL045C,0.18090937406285643,0.015000293109485495
YDR529C,0.18090937406285604,0.015000293109407153
YGR183C,0.18090937406285595,0.015000293109391391
Q0275,0.15391686456910422,0.01402883567042898
Q0045,0.15391686456910433,0.01402883567035381
YDL067C,0.15391686456910209,0.014028835670335603
Q0250,0.15391686456910464,0.014028835670263948
YLR211C,0.8386322734153462,0.0
YLR209C,0.8386318075376231,0.0
YLR201C,0.8386322734153456,0.0
YLR180W,0.8386322734153456,0.0
YLR155C,0.8386322734153456,0.0
YLR158C,0.8386322734153456,0.0
YLR174W,0.8386322734153456,0.0
YLR160C,0.8386322734153456,0.0
YLR172C,0.8386322734153456,0.0
YLR164W,0.8386322734153456,0.0
YLR189C,0.8386322734153456,0.0
YLR307W,0.8386322734153467,0.0
YLR304C,0.8386322734153479,0.0
YLR303W,0.0,0.0
YLR300W,0.8386322734153471,0.0
YLR299W,0.8386322734153457,0.0
YLR295C,0.3554470517135324,0.0
YLR286C,0.8386322734153472,0.0
YLR285W,0.8386322734153472,0.0
YLR157C,0.8386322734153456,0.0
YLR260W,0.8386322734153472,0.0
YLR258W,0.8386322734153472,0.0
YLR245C,0.8386322734153472,0.0
YLR244C,0.8386322734153472,0.0
YLR240W,0.8386322734153472,0.0
YLR237W,0.838632273415347,0.0
YLR231C,0.0,0.0
YLR214W,0.8386322734153466,0.0
YLR284C,0.8386322734153472,0.0
YLR047C,0.8386322734153469,0.0
YLR044C,0.8386322734153469,0.0
YLR043C,0.8386322734153469,0.0
YLR038C,0.8386322734153469,0.0
YLR028C,0.8386322734153462,0.0
YLR027C,0.0,0.0
YLR020C,0.838632273415353,0.0
YLR305C,0.8386322734153467,0.0
YLR011W,0.8386322734153486,0.0
YLL062C,0.8386322734153486,0.0
YLL061W,0.8386322734153486,0.0
YLL058W,0.8386322734153486,0.0
YLL057C,0.8386322734153486,0.0
YLL053C,0.8386322734153486,0.0
YLL052C,0.8386322734153486,0.0
YLL051C,0.8386322734153486,0.0
YLR017W,0.0,0.0
YLR153C,0.8386322734153456,0.0
YLR151C,0.8386322734153514,0.0
YLR146C,0.0,0.0
YLR142W,0.8386322734153475,0.0
YLR138W,0.8386322734153475,0.0
YLR134W,0.8386322734153475,0.0
YLR133W,0.8386322734153475,0.0
YLR130C,0.8386322734153475,0.0
YLR056W,0.8386322734153469,0.0
YLR100W,0.0,0.0
YLR092W,0.8386322734153479,0.0
YLR089C,0.8386322734153479,0.0
YLR081W,0.8386322734153457,0.0
YLR070C,0.8386322734153482,0.0
YLR060W,0.0,0.0
YLR058C,0.8283185519650306,0.0
YLR057W,0.8386322734153469,0.0
YLR109W,0.8386322734153511,0.0
YMR054W,0.83863227341535,0.0
YMR041C,0.8386322734153514,0.0
YMR020W,0.0,0.0
YMR015C,0.8386322734153451,0.0
YMR013C,0.8386322734153451,0.0
YMR011W,0.8386322734153471,0.0
YMR009W,0.0,0.0
YLR345W,0.8386322734153467,0.0
YMR006C,0.838632273415355,0.0
YML126C,0.0,0.0
YML125C,0.8386322734153485,0.0
YML123C,0.8386322734153485,0.0
YML120C,0.8386322734153457,0.0
YML110C,0.8386322734153556,0.0
YML106W,0.8386322734153556,0.0
YML100W,0.8386322734153556,0.0
YMR008C,0.8386322734153451,0.0
YMR170C,0.8386322734153417,0.0
YMR169C,0.8386322734153417,0.0
YMR165C,0.8386322734153475,0.0
YMR162C,0.8386322734153475,0.0
YMR145C,0.8386322734153475,0.0
YMR120C,0.8386322734153494,0.0
YMR113W,0.0,0.0
YMR110C,0.8386322734153603,0.0
YMR056C,0.83863227341535,0.0
YMR105C,0.8386322734153469,0.0
YMR101C,0.8386322734153469,0.0
YMR099C,0.8386322734153469,0.0
YMR088C,0.8386322734153469,0.0
YMR087W,0.8386322734153469,0.0
YMR083W,0.8386322734153486,0.0
YMR062C,0.0,0.0
YMR058W,0.83863227341535,0.0
YMR108W,0.0,0.0
YLR410W,0.838632273415353,0.0
YLR395C,0.838632273415353,0.0
YLR386W,0.838632273415353,0.0
YLR382C,0.838632273415353,0.0
YLR377C,0.838632273415353,0.0
YLR372W,0.838632273415353,0.0
YLR360W,0.838632273415345,0.0
YLR359W,0.0,0.0
YML086C,0.8386322734153556,0.0
YLR354C,0.8386322734153467,0.0
YLR351C,0.8386322734153467,0.0
YLR350W,0.8386322734153467,0.0
YLR348C,0.8386322734153467,0.0
YLL048C,0.8386322734153486,0.0
YLR342W,0.8386322734153467,0.0
YLR328W,0.8386322734153467,0.0
YLR308W,0.8386322734153467,0.0
YLR355C,0.0,0.0
YML082W,0.8386322734153531,0.0
YML081C-A,0.3554470517135351,0.0
YML075C,0.8386322734153481,0.0
YML070W,0.8386322734153481,0.0
YML059C,0.8386322734153481,0.0
YML056C,0.8386322734153481,0.0
YML054C,0.8386322734153481,0.0
YML042W,0.8386322734153481,0.0
YLR420W,0.0,0.0
YML022W,0.8386322734153481,0.0
YML008C,0.8386322734153481,0.0
YML004C,0.8386322734153481,0.0
YLR450W,0.8386322734153481,0.0
YLR447C,0.8386322734153481,0.0
YLR446W,0.8386322734153481,0.0
YLR438W,0.8386322734153537,0.0
YLR432W,0.8386322734153486,0.0
YML035C,0.8386322734153481,0.0
YJR095W,0.8383693350687599,0.0
YJR078W,0.0,0.0
YJR077C,0.8386322734153481,0.0
YJR073C,0.0,0.0
YJR069C,0.8386322734153477,0.0
YJR057W,0.8386322734153477,0.0
YJR051W,0.8386322734153477,0.0
YLL018C,0.0,0.0
YJR048W,0.8386322734153477,0.0
YJR040W,0.838632273415355,0.0
YJR025C,0.0,0.0
YJR024C,0.0,0.0
YJR019C,0.8386322734153481,0.0
YJR016C,0.0,0.0
YJR013W,0.8386322734153506,0.0
YJR010W,0.0,0.0
YJR049C,0.8386322734153477,0.0
YJR158W,0.8386322734153442,0.0
YJR155W,0.8386322734153442,0.0
YJR153W,0.8386322734153442,0.0
YJR152W,0.8386322734153442,0.0
YJR149W,0.8386322734153456,0.0
YJR148W,0.0,0.0
YJR143C,0.8386322734153502,0.0
YJR139C,0.0,0.0
YJR103W,0.8386322734153473,0.0
YJR133W,0.8386322734153494,0.0
YJR131W,0.8386322734153494,0.0
YJR130C,0.8386322734153517,0.0
YJR121W,0.35544705171353647,0.0
YJR110W,0.8386322734153472,0.0
YJR109C,0.8386322734153461,0.0
YJR105W,0.8382881694692964,0.0
YJR104C,0.8386322734153472,0.0
YJR137C,0.0,0.0
YJL126W,0.8386322734153512,0.0
YJL121C,0.8313197003035931,0.0
YJL101C,0.0,0.0
YJL100W,0.8386322734153474,0.0
YJL097W,0.8386322734153497,0.0
YJL091C,0.8386322734153498,0.0
YJL088W,0.0,0.0
YJR009C,0.8386322734153479,0.0
YJL068C,0.8386322734153472,0.0
YJL060W,0.8386322734153472,0.0
YJL052W,0.8386322734153472,0.0
YJL045W,0.8386322734153472,0.0
YJL026W,0.8386322734153472,0.0
YJL012C,0.8386322734153472,0.0
YJL005W,0.8386322734153472,0.0
YJL003W,0.8386322734153472,0.0
YJL071W,0.8386322734153472,0.0
YJR001W,0.8386322734153479,0.0
YJL221C,0.8386322734153479,0.0
YJL219W,0.8386322734153479,0.0
YJL216C,0.8386322734153479,0.0
YJL214W,0.8386322734153479,0.0
YJL212C,0.8386322734153479,0.0
YJL200C,0.8386322734153482,0.0
YJL198W,0.8386322734153482,0.0
YJL129C,0.8386322734153485,0.0
YJL167W,0.0,0.0
YJL155C,0.8386322734153471,0.0
YJL153C,0.0,0.0
YJL139C,0.8386322734153465,0.0
YJL137C,0.8386322734153465,0.0
YJL134W,0.8386322734153465,0.0
YJL133W,0.8386322734153514,0.0
YJL130C,0.0,0.0
YJL196C,0.83863227341535,0.0
YKR058W,0.838632273415348,0.0
YKR053C,0.838632273415348,0.0
YKR052C,0.838632273415348,0.0
YKR043C,0.8386322734153485,0.0
YKR039W,0.0,0.0
YKR031C,0.8386322734153357,0.0
YKR009C,0.8386322734153357,0.0
YJR159W,0.8386322734153442,0.0
YKL218C,0.8386322734153357,0.0
YKL217W,0.8386322734153506,0.0
YKL216W,0.0,0.0
YKL215C,0.8386322734153457,0.0
YKL212W,0.8386322734153443,0.0
YKL211C,0.0,0.0
YKL194C,0.8386322734153513,0.0
YKL192C,0.8386322734153513,0.0
YKL220C,0.8386322734153357,0.0
YLL043W,0.8386322734153465,0.0
YLL031C,0.8386322734153485,0.0
YLL028W,0.8386322734153485,0.0
YLL018C-A,0.8386322734153492,0.0
YMR189W,0.8386322734153417,0.0
YLL015W,0.8386322734153423,0.0
YLL012W,0.8386322734153423,0.0
YLL001W,0.8386322734153423,0.0
YKR061W,0.838632273415348,0.0
YKR093W,0.8386322734153423,0.0
YKR089C,0.8386322734153461,0.0
YKR080W,0.8341791232547776,0.0
YKR076W,0.8386322734153466,0.0
YKR072C,0.0,0.0
YKR069W,0.8386322734153492,0.0
YKR067W,0.0,0.0
YKR066C,0.838632273415348,0.0
YKR097W,0.8386322734153423,0.0
YKL087C,0.838632273415349,0.0
YKL085W,0.8386322734153443,0.0
YKL080W,0.838632273415347,0.0
YKL069W,0.8386322734153472,0.0
YKL067W,0.0,0.0
YKL060C,0.8227228588645351,0.0
YKL055C,0.8386322734153487,0.0
YKL035W,0.838632273415347,0.0
YKL188C,0.8386322734153513,0.0
YKL026C,0.8386322734153475,0.0
YKL024C,0.0,0.0
YKL019W,0.8386322734153471,0.0
YKL016C,0.355447051713534,0.0
YKL008C,0.8386322734153507,0.0
YKL004W,0.8386322734153457,0.0
YKL001C,0.0,0.0
YJR160C,0.8386322734153442,0.0
YKL029C,0.8328593418771624,0.0
YKL184W,0.8386322734153442,0.0
YKL182W,0.0,0.0
YKL181W,0.8386322734153473,0.0
YKL174C,0.8386322734153473,0.0
YKL165C,0.8386322734153473,0.0
YKL152C,0.8386322734153473,0.0
YKL150W,0.8386322734153473,0.0
YKL148C,0.8386322734153473,0.0
YKL088W,0.0,0.0
YKL140W,0.8386322734153493,0.0
YKL132C,0.8386322734153493,0.0
YKL127W,0.8386322734153425,0.0
YKL120W,0.8373010351174831,0.0
YKL106W,0.8386322734153494,0.0
YKL104C,0.0,0.0
YKL103C,0.8386322734153486,0.0
YKL094W,0.8386322734153472,0.0
YKL146W,0.8386322734153459,0.0
YOR377W,0.8386322734153457,0.0
YOR375C,0.8386322734153457,0.0
YOR374W,0.8386322734153457,0.0
YOR360C,0.8386322734153457,0.0
YOR348C,0.8386322734153457,0.0
YOR347C,0.8386322734153504,0.0
YOR335C,0.0,0.0
YMR207C,0.8386322734153514,0.0
YOR332W,0.838632273415347,0.0
YOR323C,0.8386322734153477,0.0
YOR321W,0.8386322734153477,0.0
YOR317W,0.8386322734153494,0.0
YOR316C,0.8386322734153494,0.0
YOR311C,0.8386322734153494,0.0
YOR306C,0.8386322734153494,0.0
YOR303W,0.8386322734153494,0.0
YOR334W,0.838632273415347,0.0
YPL078C,0.35544705171353447,0.0
YPL076W,0.8386322734153489,0.0
YPL069C,0.8386322734153489,0.0
YPL061W,0.8386322734153489,0.0
YPL060W,0.8386322734153489,0.0
YPL059W,0.8386322734153489,0.0
YPL057C,0.8386322734153489,0.0
YPL053C,0.8386322734153489,0.0
YOR381W,0.8386322734153457,0.0
YPL036W,0.8386322734153456,0.0
YPL028W,0.0,0.0
YPL023C,0.8386322734153457,0.0
YPL015C,0.8386322734153457,0.0
YOR393W,0.8386322734153457,0.0
YOR391C,0.8386322734153457,0.0
YOR388C,0.8386322734153457,0.0
YOR384W,0.8386322734153457,0.0
YPL040C,0.8386322734153489,0.0
YOR176W,0.0,0.0
YOR175C,0.8381860666503299,0.0
YOR171C,0.8386322734153533,0.0
YOR168W,0.0,0.0
YOR163W,0.8386322734153472,0.0
YOR161C,0.8386322734153472,0.0
YOR155C,0.8386322734153472,0.0
YOR286W,0.8386322734153494,0.0
YOR143C,0.8386322734153474,0.0
YOR142W,0.8369545928569655,0.0
YOR136W,0.8386322734153479,0.0
YOR130C,0.0,0.0
YOR128C,0.0,0.0
YOR126C,0.838632273415347,0.0
YOR125C,0.838632273415347,0.0
YOR120W,0.838632273415347,0.0
YOR149C,0.8386322734153472,0.0
YOR285W,0.8386322734153494,0.0
YOR283W,0.8386322734153511,0.0
YOR278W,0.0,0.0
YOR273C,0.8386322734153507,0.0
YOR270C,0.8386322734153507,0.0
YOR253W,0.8386322734153507,0.0
YOR251C,0.8386322734153507,0.0
YOR245C,0.8386322734153507,0.0
YOR180C,0.8386322734153449,0.0
YOR236W,0.0,0.0
YOR222W,0.8386322734153451,0.0
YOR221C,0.8386322734153477,0.0
YOR209C,0.8386321407548958,0.0
YOR202W,0.0,0.0
YOR192C,0.838632273415347,0.0
YOR190W,0.8386322734153472,0.0
YOR184W,0.8118870604732512,0.0
YOR241W,0.8386322734153462,0.0
YPL227C,0.8386322734153573,0.0
YPL214C,0.0,0.0
YPL212C,0.8386322734153494,0.0
YPL206C,0.8386322734153494,0.0
YPL189W,0.8386322734153494,0.0
YPL175W,0.8386322734153467,0.0
YPL172C,0.0,0.0
YPL087W,0.8386322734153486,0.0
YPL148C,0.8386322734153454,0.0
YPL147W,0.8386322734153454,0.0
YPL134C,0.8386322734153454,0.0
YPL132W,0.8386322734153454,0.0
YBR036C,0.8386322734153492,0.0
YBR035C,0.8386322734153492,0.0
YBR034C,0.8386322734153494,0.0
YBR029C,0.0,0.0
YPL160W,0.0,0.0
YPR011C,0.8386322734153479,0.0
YPR006C,0.8386322734153479,0.0
YPR003C,0.8386322734153479,0.0
YPR002W,0.8386322734153479,0.0
YPR001W,0.8386322734153479,0.0
YPL281C,0.8386322734153479,0.0
YPL280W,0.8386322734153479,0.0
YPL274W,0.8386322734153479,0.0
YPL231W,0.0,0.0
YPL271W,0.3554470517135338,0.0
YPL268W,0.8386322734153485,0.0
YPL265W,0.8386322734153525,0.0
YPL262W,0.8204948478270262,0.0
YPL258C,0.8386322734153483,0.0
YPL252C,0.8386322734153483,0.0
YPL244C,0.8386322734153483,0.0
YPL234C,0.8386322734153523,0.0
YPL273W,0.8386322734153591,0.0
YBL042C,0.8386322734153454,0.0
YBL039C,0.8386322734153592,0.0
YBL033C,0.0,0.0
YBL030C,0.8386322734153485,0.0
YBL015W,0.8369545830882145,0.0
YBL013W,0.8386322734153504,0.0
YPL120W,0.838632273415349,0.0
YPL117C,0.0,0.0
YBR026C,0.8386322734153444,0.0
YPL110C,0.8386322734153502,0.0
YPL104W,0.8386322734153502,0.0
YPL097W,0.8386322734153502,0.0
YPL096C-A,0.8386322734153502,0.0
YPL095C,0.8386322734153502,0.0
YPL092W,0.8386322734153502,0.0
YPL091W,0.8386322734153502,0.0
YPL088W,0.8386322734153502,0.0
YPL111W,0.8386322734153502,0.0
YBR023C,0.8386322734153444,0.0
YBR022W,0.8386322734153444,0.0
YBR021W,0.8386322734153444,0.0
YBR020W,0.8386322734153444,0.0
YBR019C,0.8386322734153444,0.0
YBR018C,0.8386322734153444,0.0
YBR011C,0.8386322734153444,0.0
YBR006W,0.8386322734153444,0.0
YBL068W,0.8386322734153483,0.0
YBR003W,0.8386322734153444,0.0
YBR002C,0.8386322734153444,0.0
YBR001C,0.838632273415352,0.0
YBL099W,0.3554470517135319,0.0
YBL098W,0.0,0.0
YBL091C,0.8386322734153494,0.0
YBL080C,0.838632273415358,0.0
YBL076C,0.0,0.0
YBR004C,0.8386322734153444,0.0
YNL130C,0.8386322734153493,0.0
YNL129W,0.8386322734153493,0.0
YNL117W,0.8386322734153493,0.0
YNL106C,0.8386322734153475,0.0
YNL104C,0.8373010351174781,0.0
YNL101W,0.8386322734153472,0.0
YNL092W,0.8386322734153472,0.0
YOR109W,0.838632273415347,0.0
YNL071W,0.8185683239070839,0.0
YNL065W,0.838632273415348,0.0
YNL054W,0.838632273415348,0.0
YNL052W,0.838632273415348,0.0
YNL048W,0.838632273415348,0.0
YNL045W,0.838632273415348,0.0
YNL038W,0.838632273415348,0.0
YNL037C,0.8386322734153472,0.0
YNL073W,0.8386322734153516,0.0
YNL277W,0.0,0.0
YNL275W,0.0,0.0
YNL274C,0.8386322734153502,0.0
YNL270C,0.8386322734153502,0.0
YNL268W,0.8386322734153502,0.0
YNL267W,0.8386322734153518,0.0
YNL256W,0.0,0.0
YNL247W,0.0,0.0
YNL141W,0.8386322734153493,0.0
YNL229C,0.8386322734153513,0.0
YNL220W,0.0,0.0
YNL219C,0.8386322734153514,0.0
YNL202W,0.8386322734153514,0.0
YNL192W,0.8386322734153514,0.0
YNL191W,0.8386322734153514,0.0
YNL169C,0.8386322734153484,0.0
YNL142W,0.8386322734153493,0.0
YNL241C,0.8292326387767948,0.0
YMR272C,0.8386322734153451,0.0
YMR271C,0.8386322734153437,0.0
YMR267W,0.8269933588157491,0.0
YMR261C,0.8386322734153447,0.0
YMR256C,0.8386322734153447,0.0
YMR250W,0.8386322734153447,0.0
YMR246W,0.8386322734153447,0.0
YMR243C,0.8386322734153447,0.0
YNL036W,0.838632273415349,0.0
YMR226C,0.8386322734153492,0.0
YMR220W,0.0,0.0
YMR217W,0.0,0.0
YMR210W,0.8386322734153479,0.0
YMR208W,0.0,0.0
YIR037W,0.8386322734153472,0.0
YMR205C,0.8227228588645342,0.0
YMR202W,0.8386322734153417,0.0
YMR241W,0.8386322734153447,0.0
YNL029C,0.8386322734153493,0.0
YNL009W,0.8386322734153493,0.0
YNL003C,0.8386322734153493,0.0
YMR323W,0.8386322734153493,0.0
YMR322C,0.8386322734153493,0.0
YMR319C,0.8386322734153493,0.0
YMR318C,0.8386322734153493,0.0
YMR313C,0.8386322734153493,0.0
YMR278W,0.8386322734153451,0.0
YMR303C,0.8386322734153493,0.0
YMR301C,0.8386322734153469,0.0
YMR300C,0.0,0.0
YMR298W,0.838632273415347,0.0
YMR296C,0.838632273415347,0.0
YMR293C,0.8386322734153462,0.0
YMR289W,0.0,0.0
YMR281W,0.8386322734153451,0.0
YMR306W,0.8386322734153493,0.0
YOL143C,0.0,0.0
YOL140W,0.0,0.0
YOL136C,0.8386322734153628,0.0
YOL130W,0.0,0.0
YOL126C,0.8386322734153472,0.0
YOL122C,0.0,0.0
YOL103W,0.8386322734153494,0.0
YNL280C,0.0,0.0
YOL096C,0.8386322734153482,0.0
YOL092W,0.8386322734153482,0.0
YOL086C,0.8386322734153487,0.0
YOL077W-A,0.3554470517135364,0.0
YOL068C,0.8386322734153515,0.0
YOL066C,0.0,0.0
YOL065C,0.8386322734153436,0.0
YOL064C,0.8180445550318896,0.0
YOL097C,0.0,0.0
YOR108W,0.838632273415347,0.0
YOR100C,0.838632273415347,0.0
YOR099W,0.8386322734153466,0.0
YOR095C,0.0,0.0
YOR081C,0.8386322734153481,0.0
YOR074C,0.0,0.0
YOR071C,0.8386322734153474,0.0
YOR067C,0.8386322734153404,0.0
YOL151W,0.8386322734153482,0.0
YOR040W,0.8386322734153451,0.0
YOR025W,0.8386322734153451,0.0
YOR011W,0.8386322734153451,0.0
YOR002W,0.8386322734153451,0.0
YOL165C,0.8386322734153451,0.0
YOL157C,0.8386322734153451,0.0
YOL156W,0.8386322734153451,0.0
YOL152W,0.8386322734153451,0.0
YOR054C,0.0,0.0
YNR033W,0.0,0.0
YNR030W,0.8386322734153474,0.0
YNR027W,0.8386322734153474,0.0
YNR019W,0.8386322734153516,0.0
YNR016C,0.0,0.0
YNR013C,0.8386322734153506,0.0
YNR012W,0.8386322734153506,0.0
YNR008W,0.8386322734153504,0.0
YOL061W,0.8386322734153476,0.0
YNL335W,0.8386322734153504,0.0
YNL334C,0.8386322734153504,0.0
YNL333W,0.8386322734153504,0.0
YNL331C,0.8386322734153504,0.0
YNL325C,0.8386322734153504,0.0
YNL318C,0.8386322734153528,0.0
YNL316C,0.0,0.0
YNL292W,0.8386322734153482,0.0
YNR001C,0.8386322734153504,0.0
YOL059W,0.8386322734153399,0.0
YOL058W,0.0,0.0
YOL055C,0.8386322734153445,0.0
YOL052C,0.0,0.0
YOL049W,0.0,0.0
YOL033W,0.8386322734153471,0.0
YOL020W,0.8386322734153471,0.0
YOL011W,0.8386322734153471,0.0
YNR041C,0.8386322734153475,0.0
YNR072W,0.8386322734153471,0.0
YNR067C,0.8386322734153471,0.0
YNR060W,0.8386322734153471,0.0
YNR058W,0.8386322734153471,0.0
YNR057C,0.8386322734153471,0.0
YNR056C,0.8386322734153502,0.0
YNR050C,0.0,0.0
YNR043W,0.0,0.0
YNR073C,0.8386322734153471,0.0
YDR020C,0.8386322734153486,0.0
YDR019C,0.8386322734153486,0.0
YDR017C,0.8386322734153486,0.0
YDR009W,0.8386322734153476,0.0
YDR007W,0.0,0.0
YDR001C,0.8386322734153489,0.0
YDL247W,0.8386322734153489,0.0
YIR031C,0.8386322734153463,0.0
YDL245C,0.8386322734153489,0.0
YDL243C,0.8386322734153489,0.0
YDL238C,0.8386322734153489,0.0
YDL236W,0.8386322734153489,0.0
YDL219W,0.8386322734153489,0.0
YDL215C,0.8386322734153489,0.0
YDL210W,0.8386322734153515,0.0
YDL205C,0.0,0.0
YDL246C,0.8386322734153489,0.0
YDR098C,0.8386322734153543,0.0
YDR093W,0.8386322734153502,0.0
YDR074W,0.0,0.0
YDR072C,0.8386322734153485,0.0
YDR071C,0.8386322734153485,0.0
YDR062W,0.8386322734153485,0.0
YDR058C,0.8386322734153495,0.0
YDR050C,0.8350919085147213,0.0
YDR023W,0.8386322734153486,0.0
YDR046C,0.838632273415348,0.0
YDR044W,0.0,0.0
YDR040C,0.838632273415351,0.0
YDR039C,0.838632273415351,0.0
YDR038C,0.8386322734153506,0.0
YDR037W,0.0,0.0
YDR036C,0.8386322734153486,0.0
YDR035W,0.8386322734153486,0.0
YDR047W,0.0,0.0
YDL078C,0.8386322734153372,0.0
YDL066W,0.837453622542504,0.0
YDL055C,0.0,0.0
YDL052C,0.8386322734153497,0.0
YDL045C,0.0,0.0
YDL042C,0.8386322734153514,0.0
YDL040C,0.8386322734153511,0.0
YDL024C,0.8386322366355142,0.0
YDL198C,0.8386322734153464,0.0
YDL015C,0.8386322734153489,0.0
YDL004W,0.35544705138524024,0.0
YCR107W,0.8386322734153494,0.0
YCR105W,0.8386322734153494,0.0
YCR098C,0.8386322734153494,0.0
YCR083W,0.8386322734153494,0.0
YCR075C,0.8386322734153494,0.0
YCR068W,0.8386322734153564,0.0
YDL022W,0.8386322734153514,0.0
YDL185W,0.8386322734153464,0.0
YDL182W,0.8386322734153464,0.0
YDL178W,0.8386322734153464,0.0
YDL174C,0.8386322734153464,0.0
YDL171C,0.8386322734153464,0.0
YDL168W,0.8386322734153439,0.0
YDL166C,0.8386102060927367,0.0
YDL142C,0.8386322734153544,0.0
YDL080C,0.8386322734153501,0.0
YDL131W,0.8386322734153464,0.0
YDL120W,0.8386322734153523,0.0
YDL103C,0.0,0.0
YDL100C,0.8386321956872932,0.0
YDL095W,0.8386322734153501,0.0
YDL093W,0.8386322734153501,0.0
YDL090C,0.8386322734153501,0.0
YDL085W,0.8386322734153501,0.0
YDL141W,0.0,0.0
YDR387C,0.838632273415349,0.0
YDR384C,0.838632273415349,0.0
YDR380W,0.8386322734153494,0.0
YDR377W,0.35544705138517657,0.0
YDR376W,0.8386322734153564,0.0
YDR373W,0.8386322734153564,0.0
YDR371W,0.8386322734153564,0.0
YDR105C,0.8386322734153543,0.0
YDR367W,0.838632273415338,0.0
YDR354W,0.0,0.0
YDR353W,0.0,0.0
YDR352W,0.8386322734153497,0.0
YDR345C,0.8386322734153497,0.0
YDR343C,0.8386322734153497,0.0
YDR342C,0.8386322734153506,0.0
YDR341C,0.0,0.0
YDR368W,0.8386322734153564,0.0
YDR503C,0.8386322734153492,0.0
YDR502C,0.8386322734153492,0.0
YDR497C,0.8386322734153466,0.0
YDR487C,0.0,0.0
YDR483W,0.8386322734153479,0.0
YDR481C,0.8386322734153479,0.0
YDR456W,0.8386322734153476,0.0
YDR454C,0.0,0.0
YDR399W,0.838632273415349,0.0
YDR452W,0.8386322734153489,0.0
YDR441C,0.8386322734153489,0.0
YDR437W,0.8386322734153568,0.0
YDR428C,0.0,0.0
YDR408C,0.0,0.0
YDR403W,0.838632273415349,0.0
YDR402C,0.838632273415349,0.0
YDR400W,0.838632273415349,0.0
YDR453C,0.8386322734153489,0.0
YDR234W,0.0,0.0
YDR232W,0.0,0.0
YDR231C,0.838632273415348,0.0
YDR226W,0.838632273415348,0.0
YDR208W,0.838632273415348,0.0
YDR204W,0.8386322734142945,0.0
YDR196C,0.0,0.0
YDR191W,0.8386322734153472,0.0
YDR322C-A,0.3554470516331632,0.0
YDR173C,0.8386322734153479,0.0
YDR158W,0.0,0.0
YDR148C,0.8386322734153498,0.0
YDR147W,0.8386322734153523,0.0
YDR135C,0.8386322734153477,0.0
YDR127W,0.0,0.0
YDR111C,0.8386322734153543,0.0
YDR109C,0.8386322734153543,0.0
YDR178W,0.8386322734153472,0.0
YDR321W,0.8386322734153512,0.0
YDR315C,0.8386322734153512,0.0
YDR305C,0.8386322734153512,0.0
YDR302W,0.8386322734153512,0.0
YDR300C,0.838632273415349,0.0
YDR298C,0.3554470491802062,0.0
YDR297W,0.8386322734153465,0.0
YDR294C,0.8386322734153465,0.0
YDR236C,0.8386322734153561,0.0
YDR284C,0.8386322734153465,0.0
YDR272W,0.8386322734153465,0.0
YDR270W,0.8386322734153465,0.0
YDR268W,0.8386322734153465,0.0
YDR261C,0.8386322734153465,0.0
YDR256C,0.8386322734153465,0.0
YDR248C,0.8386322734153465,0.0
YDR242W,0.8386322734153465,0.0
YDR287W,0.8386322734153465,0.0
YPR192W,0.838632273415354,0.0
YPR184W,0.8386322734153457,0.0
YPR183W,0.0,0.0
YPR170W-B,0.8386322734153498,0.0
YPR167C,0.0,0.0
YPR165W,0.0,0.0
YPR160W,0.8386322734153474,0.0
YCR053W,0.0,0.0
YPR156C,0.8386322734153474,0.0
YPR145W,0.8386322734153474,0.0
YPR140W,0.8386322734153474,0.0
YPR139C,0.8386322734153474,0.0
YPR138C,0.8386322734153474,0.0
YPR128C,0.8386322734153474,0.0
YPR127W,0.8386322734153474,0.0
YPR121W,0.8386322734153508,0.0
YPR159W,0.8386322734153474,0.0
YBR117C,0.8386322734153523,0.0
YBR115C,0.0,0.0
YBR111C,0.8386322734153473,0.0
YBR110W,0.8386322734153473,0.0
YBR097W,0.8386322734153473,0.0
YBR093C,0.8386322734153473,0.0
YBR092C,0.8386322734153473,0.0
YBR085W,0.8386322734153473,0.0
Q0130,0.3554470517135335,0.0
YBR070C,0.8386322734153473,0.0
YBR069C,0.8386322734153473,0.0
YBR068C,0.8386322734153473,0.0
YBR058C-A,0.8386322734153473,0.0
YBR046C,0.8386322734153473,0.0
YBR042C,0.8386322734153473,0.0
YBR041W,0.8386322734153506,0.0
YBR039W,0.355447051713537,0.0
YBR084W,0.8386322734153473,0.0
YPR060C,0.0,0.0
YBR038W,0.8386322734153492,0.0
YPL188W,0.8386322734153494,0.0
YBL011W,0.8386322734153504,0.0
YAR071W,0.8386322734153504,0.0
YAR035W,0.8386322734153492,0.0
YAR015W,0.0,0.0
YAL062W,0.8386322734153513,0.0
YPR118W,0.0,0.0
YAL060W,0.8386322734153513,0.0
YAL054C,0.8386322734153513,0.0
YAL044C,0.8386322734153513,0.0
YAL039C,0.8386322734153513,0.0
YAL038W,0.8386322734153513,0.0
YAL035W,0.8386322734153513,0.0
YAL026C,0.8386322734153461,0.0
YAL023C,0.8386322734153515,0.0
YAL061W,0.8386322734153513,0.0
YPR113W,0.0,0.0
YPR081C,0.8386322734153503,0.0
YPR074C,0.8386322734153503,0.0
YPR069C,0.8386322734153483,0.0
YPR062W,0.8386322734153487,0.0
YAL012W,0.0,0.0
YPR058W,0.838617937435732,0.0
YPR047W,0.8386322734153489,0.0
YPR020W,0.3554470517135383,0.0
YPR035W,0.0,0.0
YPR033C,0.0,0.0
YPR026W,0.8386322734153515,0.0
YPR021C,0.833491288812394,0.0
Q0085,0.35544705171353413,0.0
Q0080,0.35544705171353325,0.0
YPR193C,0.8386322734153489,0.0
YBL064C,0.8386322734153554,0.0
YPR036W,0.8386322734153511,0.0
YCL035C,0.8386322734153503,0.0
YCL030C,0.0,0.0
YCL025C,0.8386322734153453,0.0
YCL018W,0.0,0.0
YCL009C,0.8386322734153535,0.0
YCL005W-A,0.8386322734153535,0.0
YCL004W,0.8386322734153535,0.0
YBR121C,0.838632273415349,0.0
YBR298C,0.8386322734153535,0.0
YBR296C,0.8386322734153535,0.0
YBR295W,0.8386322734153535,0.0
YBR294W,0.8386322734153535,0.0
YBR293W,0.8386322734153485,0.0
YBR291C,0.8378128235939782,0.0
YBR281C,0.8386322734153513,0.0
YBR265W,0.8386322734216708,0.0
YBR299W,0.8386322734153535,0.0
YCR048W,0.8386322734153422,0.0
YCR037C,0.8386322734153422,0.0
YCR036W,0.8386322734153422,0.0
YCR034W,0.8386322734153422,0.0
YCR028C,0.8386322734153422,0.0
YCR024C-A,0.8386322734153422,0.0
YCR024C,0.8386322734153542,0.0
YCR012W,0.77315939894325,0.0
YCL038C,0.8386322734153494,0.0
YCR010C,0.8386322734153494,0.0
YCR005C,0.8386322734153494,0.0
YCL069W,0.8386322734153494,0.0
YCL064C,0.8386322734153494,0.0
YCL052C,0.8386322734153494,0.0
YCL050C,0.8386322734153494,0.0
YCL047C,0.8386322734153494,0.0
YCL040W,0.8386322734153494,0.0
YCR011C,0.8386322734153494,0.0
YBR196C,0.8386322734153331,0.0
YBR192W,0.8386322734153536,0.0
YBR183W,0.8386322734153536,0.0
YBR180W,0.8386322734153536,0.0
YBR177C,0.8386322734153451,0.0
YBR176W,0.0,0.0
YBR166C,0.0,0.0
YBR161W,0.8386322734153473,0.0
YBR263W,0.0,0.0
YBR153W,0.0,0.0
YBR149W,0.8386322734153495,0.0
YBR147W,0.8386322734153495,0.0
YBR145W,0.8386322734153495,0.0
YBR132C,0.8386322734153495,0.0
YBR128C,0.8386322734153495,0.0
YBR127C,0.8386322734153578,0.0
YBR126C,0.0,0.0
YBR159W,0.8386322734153493,0.0
YBR256C,0.0,0.0
YBR252W,0.8386322734153484,0.0
YBR249C,0.8386322734153523,0.0
YBR248C,0.0,0.0
YBR244W,0.838632273415352,0.0
YBR243C,0.838632273415352,0.0
YBR242W,0.838632273415352,0.0
YBR241C,0.838632273415352,0.0
YBR199W,0.8386322734153471,0.0
YBR229C,0.838632273415352,0.0
YBR222C,0.8386322734153511,0.0
YBR221C,0.8185683239070799,0.0
YBR218C,0.8386322734153471,0.0
YBR213W,0.8386322734153471,0.0
YBR208C,0.8386322734153471,0.0
YBR205W,0.8386322734153471,0.0
YBR204C,0.8386322734153471,0.0
YBR235W,0.838632273415352,0.0
YGR286C,0.8386322734153465,0.0
YGR282C,0.838632273415349,0.0
YGR277C,0.8386301769696489,0.0
YGR267C,0.0,0.0
YGR264C,0.0,0.0
YGR260W,0.8386322734153485,0.0
YGR256W,0.8386322734153485,0.0
YDR508C,0.0,0.0
YGR254W,0.8386322734153485,0.0
YGR248W,0.8386322734153485,0.0
YGR247W,0.8386322734153489,0.0
YGR244C,0.8369545928569692,0.0
YGR243W,0.8386322734153507,0.0
YGR240C,0.8227228588645347,0.0
YGR234W,0.8386322734153503,0.0
YGR227W,0.8386322734153503,0.0
YGR255C,0.8386322734153485,0.0
YHR020W,0.0,0.0
YHR019C,0.0,0.0
YHR018C,0.0,0.0
YHR013C,0.8386322734153472,0.0
YHR011W,0.8386322734153472,0.0
YHR008C,0.8386322734153456,0.0
YHR007C,0.0,0.0
YHR002W,0.835661858401109,0.0
YGR287C,0.8386322734153465,0.0
YHL032C,0.8386322734153465,0.0
YHL018W,0.8386322734153465,0.0
YHL016C,0.8386322734153465,0.0
YHL012W,0.8386322734153465,0.0
YHL011C,0.8386322734153465,0.0
YHL003C,0.8386322734153465,0.0
YGR292W,0.8386322734153465,0.0
YGR289C,0.8386322734153465,0.0
YHL036W,0.8386322734153465,0.0
YGR143W,0.83863227341535,0.0
YGR138C,0.83863227341535,0.0
YGR124W,0.83863227341535,0.0
YGR121C,0.83863227341535,0.0
YGR110W,0.83863227341535,0.0
YGR106C,0.83863227341535,0.0
YGR096W,0.8386322734153497,0.0
YGR094W,0.0,0.0
YGR216C,0.8386322734153503,0.0
YGR087C,0.8386322734153535,0.0
YGR065C,0.8386322734153535,0.0
YGR062C,0.8386322734153635,0.0
YGR061C,0.0,0.0
YGR060W,0.0,0.0
YGR055W,0.8386322734153469,0.0
YGR046W,0.8386322734153469,0.0
YGR043C,0.8386322734153469,0.0
YGR088W,0.8386311557755657,0.0
YGR209C,0.8386322734153507,0.0
YGR208W,0.8118870604732635,0.0
YGR204W,0.0,0.0
YGR202C,0.8386322734153472,0.0
YGR194C,0.8386322734153526,0.0
YGR193C,0.8185683239070863,0.0
YGR192C,0.8386322734153548,0.0
YGR191W,0.8386322734153479,0.0
YGR144W,0.0,0.0
YGR180C,0.83863227341535,0.0
YGR177C,0.8386322734153474,0.0
YGR175C,0.0,0.0
YGR171C,0.8386322734153484,0.0
YGR170W,0.8386322734153459,0.0
YGR157W,0.0,0.0
YGR155W,0.0,0.0
YGR154C,0.8386322734153496,0.0
YGR185C,0.0,0.0
YIL107C,0.8386322734153501,0.0
YIL099W,0.8386322734153513,0.0
YIL094C,0.0,0.0
YIL083C,0.0,0.0
YIL078W,0.0,0.0
YIL074C,0.8386322734153507,0.0
YIL066C,0.8386322734153507,0.0
YHR025W,0.0,0.0
YIL048W,0.8386322734153507,0.0
YIL043C,0.8386322734153507,0.0
YIL023C,0.8386322734153497,0.0
YIL020C,0.0,0.0
YIL013C,0.8386322734153503,0.0
YIL010W,0.8386322734153503,0.0
YIL009W,0.8386322734153503,0.0
YIL006W,0.8386322734153503,0.0
YIL053W,0.8386322734153507,0.0
YIR036C,0.838632273415344,0.0
YIR034C,0.0,0.0
YIR032C,0.8386322734153463,0.0
YAL022C,0.8386322734153503,0.0
YIR029W,0.8386322734153463,0.0
YIR028W,0.8386322734153463,0.0
YIR027C,0.8386322734153463,0.0
YIL172C,0.8386322734153463,0.0
YIL111W,0.8386322734153501,0.0
YIL162W,0.8386322734153463,0.0
YIL160C,0.8386322734153463,0.0
YIL155C,0.838632273415348,0.0
YIL145C,0.0,0.0
YIL134W,0.8386322734153461,0.0
YIL125W,0.8386322734153503,0.0
YIL124W,0.8386322734153462,0.0
YIL116W,0.0,0.0
YIL166C,0.8386322734153463,0.0
YHR096C,0.8386322734153502,0.0
YHR094C,0.8386322734153502,0.0
YHR092C,0.8386322734153502,0.0
YHR091C,0.8386322734153489,0.0
YHR074W,0.0,0.0
YHR072W,0.0,0.0
YHR068W,0.8386322734153451,0.0
YHR067W,0.8386322734153463,0.0
YIL002C,0.8386322734153503,0.0
YHR051W,0.8386322734153479,0.0
YHR046C,0.8386322734153479,0.0
YHR044C,0.8386322734153479,0.0
YHR043C,0.8386322734153497,0.0
YHR042W,0.0,0.0
YHR039C-A,0.8386322734153472,0.0
YHR037W,0.8386322734153472,0.0
YHR026W,0.8386322734153477,0.0
YHR063C,0.0,0.0
YHR216W,0.8386322734153503,0.0
YHR215W,0.8386322734153486,0.0
YHR208W,0.0,0.0
YHR201C,0.8386322734153486,0.0
YHR190W,0.0,0.0
YHR183W,0.838632273415349,0.0
YHR174W,0.838632273415349,0.0
YHR163W,0.838632273415349,0.0
YHR100C,0.8386322734153502,0.0
YHR144C,0.8386234463469444,0.0
YHR137W,0.8386322734153555,0.0
YHR128W,0.8386322734153502,0.0
YHR123W,0.8386322734153502,0.0
YHR116W,0.8386322734153502,0.0
YHR109W,0.8386322734153502,0.0
YHR106W,0.8386322734153502,0.0
YHR104W,0.8386322734153502,0.0
YHR162W,0.8386322734153497,0.0
YER073W,0.838632273415349,0.0
YER070W,0.8386322734153483,0.0
YER069W,0.0,0.0
YER065C,0.838632273415349,0.0
YER062C,0.838632273415349,0.0
YER061C,0.838632273415349,0.0
YER060W-A,0.838632273415349,0.0
YGR038W,0.8386322734153469,0.0
YER056C,0.8386322734153535,0.0
YER055C,0.0,0.0
YER053C,0.8386322734153479,0.0
YER052C,0.0,0.0
YER043C,0.0,0.0
YER042W,0.8386322734153436,0.0
YER037W,0.8386322734153477,0.0
YER026C,0.0,0.0
YER060W,0.838632273415349,0.0
YFL017C,0.0,0.0
YFL011W,0.8386322734153435,0.0
YFL001W,0.8386322734153435,0.0
YER183C,0.8386322734153429,0.0
YER178W,0.8185683239070801,0.0
YER175C,0.8386322734153496,0.0
YER174C,0.8386322734153496,0.0
YER170W,0.8386322734153496,0.0
YER081W,0.838632273415349,0.0
YER152C,0.8386322734153496,0.0
YER141W,0.8386322734153496,0.0
YER119C,0.8386322734153496,0.0
YER099C,0.8386322734153486,0.0
YER091C,0.0,0.0
YER090W,0.0,0.0
YER087W,0.838632273415349,0.0
YER086W,0.838632273415349,0.0
YER163C,0.8386322734153496,0.0
YEL039C,0.8386322734153486,0.0
YEL038W,0.0,0.0
YEL031W,0.8386322734153507,0.0
YEL029C,0.8386322734153507,0.0
YEL027W,0.8386322734153479,0.0
YEL021W,0.0,0.0
YEL017C-A,0.8386322734153504,0.0
YEL006W,0.8386322734153504,0.0
YER024W,0.8386322734153512,0.0
YDR539W,0.8386322734153504,0.0
YDR538W,0.8386322734153504,0.0
YDR536W,0.8386322734153504,0.0
YDR533C,0.8386322734153483,0.0
YDR531W,0.0,0.0
YDR530C,0.8386322734153581,0.0
YDR516C,0.8386322734153472,0.0
YDR513W,0.8386322734153558,0.0
YEL004W,0.8386322734153504,0.0
YER023W,0.0,0.0
YER019W,0.8386322734153502,0.0
YER015W,0.8386322734153507,0.0
YER014W,0.0,0.0
YER010C,0.8386322734153534,0.0
YER005W,0.8386322734153495,0.0
YER003C,0.0,0.0
YEL071W,0.8386322734153475,0.0
YEL041W,0.8386322734153484,0.0
YEL069C,0.8386322734153475,0.0
YEL066W,0.8386322734153475,0.0
YEL063C,0.838632273415349,0.0
YEL058W,0.0,0.0
YEL051W,0.8386322734153533,0.0
YEL047C,0.8386322734153441,0.0
YEL046C,0.8386322734153484,0.0
YEL042W,0.8386322734153484,0.0
YEL070W,0.8386322734153475,0.0
YGL196W,0.8386322734153514,0.0
YGL191W,0.8386322734153514,0.0
YGL187C,0.8386322734153514,0.0
YGL186C,0.8386322734153514,0.0
YGL184C,0.8386322734153514,0.0
YGL169W,0.8386322734153514,0.0
YGL167C,0.8386322734153514,0.0
YFL018C,0.818568323907078,0.0
YGL154C,0.0,0.0
YGL148W,0.0,0.0
YGL142C,0.8386322734153494,0.0
YGL125W,0.0,0.0
YGL101W,0.8386322734153486,0.0
YGL084C,0.8386322734153486,0.0
YGL080W,0.8386322734153554,0.0
YGL077C,0.8386322734153457,0.0
YGL156W,0.8386322734153508,0.0
YGR036C,0.8386322734153469,0.0
YGR032W,0.8386322734153469,0.0
YGR020C,0.8386322734153469,0.0
YGR019W,0.8386322734153469,0.0
YGR015C,0.8386322734153469,0.0
YGR012W,0.8386322734153469,0.0
YGR010W,0.8386322734153469,0.0
YGR007W,0.8386322734153469,0.0
YGL202W,0.8386322734153471,0.0
YGL255W,0.8386322734153469,0.0
YGL253W,0.8386322734153469,0.0
YGL248W,0.8386322734153492,0.0
YGL245W,0.0,0.0
YGL234W,0.0,0.0
YGL225W,0.838632273415353,0.0
YGL224C,0.838632273415353,0.0
YGL205W,0.838632273415353,0.0
YGL256W,0.8386322734153469,0.0
YFR047C,0.0,0.0
YFR044C,0.8386322734153483,0.0
YFR030W,0.0,0.0
YFR025C,0.0,0.0
YFR021W,0.8386322734153494,0.0
YFR019W,0.8386322734153494,0.0
YFR015C,0.8386322734153494,0.0
YFL061W,0.8386322734153494,0.0
YGL067W,0.8386322734153457,0.0
YFL059W,0.8386322734153501,0.0
YFL058W,0.0,0.0
YFL055W,0.8386322734153467,0.0
YFL054C,0.8386322734153467,0.0
YFL053W,0.8386322734153487,0.0
YFL045C,0.0,0.0
YFL030W,0.83863227341535,0.0
YFL022C,0.0,0.0
YFL060C,0.8386322734153494,0.0
YGL065C,0.8386322734153457,0.0
YGL063W,0.8386322734153457,0.0
YGL062W,0.8386322734153536,0.0
YGL055W,0.0,0.0
YGL047W,0.8386322734153483,0.0
YGL040C,0.0,0.0
YGL038C,0.8386322734153412,0.0
YGL037C,0.0,0.0
YFR049W,0.8386322734153463,0.0
YGL026C,0.0,0.0
YGL012W,0.0,0.0
YGL009C,0.0,0.0
YGL008C,0.8386322734153481,0.0
YGL006W,0.8386322734153501,0.0
YGL001C,0.0,0.0
YFR055W,0.8386322734153497,0.0
YFR053C,0.8386322734153497,0.0
YGL027C,0.8386322734153446,0.0
