gene,growth,succinate_at_floor,reaches_floor,shift_vs_wt
YNL130C,2.8139383889218568,20.784819189657508,True,2.948752353404416e-13
YEL069C,2.8139383889218603,20.784819189657505,True,2.913225216616411e-13
YDL066W,2.812870317344941,20.78481918965744,True,2.2737367544323206e-13
YGR007W,2.813938388921881,20.784819189657426,True,2.1316282072803006e-13
YHR011W,2.8139383889218728,20.78481918965742,True,2.0605739337042905e-13
YOL059W,2.813938388921862,20.78481918965742,True,2.0605739337042905e-13
YMR108W,1.4768259927199097,20.784819189657416,True,2.0250467969162855e-13
YER069W,2.573390455532503,20.784819189657412,True,1.9895196601282805e-13
YGL037C,2.8139383889218745,20.784819189657405,True,1.9184653865522705e-13
YGR065C,2.813938388921864,20.784819189657405,True,1.9184653865522705e-13
YEL070W,2.813938388921869,20.7848191896574,True,1.8829382497642655e-13
YDR487C,2.8139383889218696,20.784819189657398,True,1.8474111129762605e-13
YHR183W,2.81393838892187,20.784819189657394,True,1.8118839761882555e-13
YGR138C,2.81393838892188,20.784819189657394,True,1.8118839761882555e-13
YJR159W,2.81393838892187,20.78481918965739,True,1.7763568394002505e-13
YGL067W,2.8139383889218674,20.78481918965739,True,1.7763568394002505e-13
YDR437W,2.813938388921873,20.784819189657387,True,1.7408297026122455e-13
YDR173C,2.8139383889218696,20.784819189657387,True,1.7408297026122455e-13
YJR103W,2.813938388921868,20.784819189657377,True,1.6342482922482304e-13
YNR001C,2.813938388921848,20.784819189657377,True,1.6342482922482304e-13
YDR023W,2.813938388921866,20.784819189657373,True,1.5987211554602254e-13
YNL169C,2.813938388921866,20.784819189657373,True,1.5987211554602254e-13
YOL151W,2.8139383889218785,20.784819189657373,True,1.5987211554602254e-13
YGR055W,2.8139383889218594,20.784819189657373,True,1.5987211554602254e-13
YAL061W,2.8139383889218657,20.784819189657366,True,1.5276668818842154e-13
YPR184W,2.813938388921862,20.784819189657366,True,1.5276668818842154e-13
YJR104C,2.8139383889218768,20.784819189657362,True,1.4921397450962104e-13
YKL194C,2.8139383889218696,20.78481918965736,True,1.4566126083082054e-13
YGL027C,2.8139383889218688,20.78481918965736,True,1.4566126083082054e-13
YPR167C,2.813938388921869,20.78481918965736,True,1.4566126083082054e-13
YLR299W,2.8139383889218683,20.78481918965736,True,1.4566126083082054e-13
YJL155C,2.813938388921865,20.78481918965736,True,1.4566126083082054e-13
YNR050C,1.5179130126377096,20.784819189657355,True,1.4210854715202004e-13
YDR072C,2.81393838892186,20.784819189657355,True,1.4210854715202004e-13
YIR037W,2.813938388921875,20.784819189657355,True,1.4210854715202004e-13
YHR025W,2.126094151262836,20.78481918965735,True,1.3855583347321954e-13
YGR012W,2.813938388921867,20.78481918965735,True,1.3855583347321954e-13
YLR260W,2.813938388921871,20.78481918965735,True,1.3855583347321954e-13
YNL280C,2.813938388921865,20.78481918965735,True,1.3855583347321954e-13
YOL086C,2.8139383889218332,20.78481918965735,True,1.3855583347321954e-13
YDR342C,2.8139383889218674,20.784819189657348,True,1.3500311979441904e-13
YJR152W,2.8139383889218594,20.784819189657348,True,1.3500311979441904e-13
YDR502C,2.813938388921868,20.784819189657348,True,1.3500311979441904e-13
YLR284C,2.8139383889218688,20.784819189657348,True,1.3500311979441904e-13
YPR159W,2.8139383889218745,20.784819189657345,True,1.3145040611561853e-13
YPL092W,2.8139383889218625,20.784819189657345,True,1.3145040611561853e-13
YDL080C,2.813938388921856,20.784819189657345,True,1.3145040611561853e-13
YCR036W,2.8139383889217604,20.784819189657345,True,1.3145040611561853e-13
YKL127W,2.8139383889218683,20.784819189657345,True,1.3145040611561853e-13
YDR020C,2.813938388921873,20.784819189657345,True,1.3145040611561853e-13
YOR130C,2.5733904555325013,20.78481918965734,True,1.2789769243681803e-13
YIR032C,2.8139383889218674,20.78481918965734,True,1.2789769243681803e-13
YDR302W,2.8139383889218683,20.78481918965734,True,1.2789769243681803e-13
YGL047W,2.813938388921871,20.78481918965734,True,1.2789769243681803e-13
YOR025W,2.8139383889218683,20.78481918965734,True,1.2789769243681803e-13
YCL025C,2.813938388921868,20.78481918965734,True,1.2789769243681803e-13
YDR352W,2.8139383889218683,20.78481918965734,True,1.2789769243681803e-13
YLR307W,2.8139383889218763,20.78481918965734,True,1.2789769243681803e-13
YHR051W,2.8139383889218657,20.78481918965734,True,1.2789769243681803e-13
YGR255C,2.813938388921874,20.784819189657338,True,1.2434497875801753e-13
YBR241C,2.813938388921874,20.784819189657334,True,1.2079226507921703e-13
YLR300W,2.8139383889218657,20.784819189657334,True,1.2079226507921703e-13
YGR202C,2.813938388921871,20.784819189657334,True,1.2079226507921703e-13
YER052C,2.126094151262838,20.784819189657334,True,1.2079226507921703e-13
YJR077C,2.813938388921874,20.78481918965733,True,1.1723955140041653e-13
YDR001C,2.813938388921863,20.78481918965733,True,1.1723955140041653e-13
YMR306W,2.813938388921861,20.78481918965733,True,1.1723955140041653e-13
YGL012W,2.8139383889218625,20.78481918965733,True,1.1723955140041653e-13
YER010C,2.813938388921862,20.78481918965733,True,1.1723955140041653e-13
YBR295W,2.8139383889218696,20.78481918965733,True,1.1723955140041653e-13
YGR020C,2.813938388921871,20.784819189657327,True,1.1368683772161603e-13
YLR057W,2.813938388921867,20.784819189657327,True,1.1368683772161603e-13
YJL219W,2.8139383889218594,20.784819189657327,True,1.1368683772161603e-13
YJR040W,2.813938388921869,20.784819189657327,True,1.1368683772161603e-13
YFR049W,2.813938388921862,20.784819189657323,True,1.1013412404281553e-13
YKL165C,2.8139383889218816,20.784819189657323,True,1.1013412404281553e-13
YOL068C,2.813938388921859,20.784819189657323,True,1.1013412404281553e-13
YLR359W,2.8139383889218683,20.784819189657323,True,1.1013412404281553e-13
YBR020W,2.813938388921865,20.784819189657323,True,1.1013412404281553e-13
YPL097W,2.813938388921859,20.784819189657323,True,1.1013412404281553e-13
YBR263W,2.8139383889218808,20.784819189657323,True,1.1013412404281553e-13
YNL219C,2.813938388921877,20.78481918965732,True,1.0658141036401503e-13
YOR040W,2.8139383889218763,20.78481918965732,True,1.0658141036401503e-13
YGL156W,2.81393838892187,20.78481918965732,True,1.0658141036401503e-13
YGL234W,2.813938388921872,20.78481918965732,True,1.0658141036401503e-13
YBR243C,2.8139383889218355,20.78481918965732,True,1.0658141036401503e-13
YOR285W,2.8139383889218634,20.78481918965732,True,1.0658141036401503e-13
YGR106C,2.8139383889218643,20.78481918965732,True,1.0658141036401503e-13
YMR105C,2.813938388921854,20.784819189657316,True,1.0302869668521453e-13
YMR296C,2.8139383889218554,20.784819189657316,True,1.0302869668521453e-13
YDR093W,2.8139383889218696,20.784819189657316,True,1.0302869668521453e-13
YDR503C,2.8139383889218688,20.784819189657316,True,1.0302869668521453e-13
YLR350W,2.8139383889218723,20.784819189657316,True,1.0302869668521453e-13
YBR242W,2.813938388921843,20.784819189657316,True,1.0302869668521453e-13
YJR010W,2.8139383889218634,20.784819189657313,True,9.947598300641403e-14
YCR107W,2.813938388921869,20.784819189657313,True,9.947598300641403e-14
YNL229C,2.813938388921853,20.784819189657313,True,9.947598300641403e-14
YKL026C,2.813938388921864,20.784819189657313,True,9.947598300641403e-14
YOR100C,2.8139383889218674,20.784819189657313,True,9.947598300641403e-14
YOL058W,2.5733904555325,20.784819189657313,True,9.947598300641403e-14
YBL068W,2.8139383889218648,20.784819189657313,True,9.947598300641403e-14
YBR121C,2.813938388921871,20.784819189657313,True,9.947598300641403e-14
YBR006W,2.813938388921869,20.784819189657313,True,9.947598300641403e-14
YDR368W,2.813938388921868,20.784819189657313,True,9.947598300641403e-14
YDR403W,2.8139383889218754,20.784819189657313,True,9.947598300641403e-14
YLR028C,2.813938388921854,20.784819189657313,True,9.947598300641403e-14
YER163C,2.813938388921863,20.784819189657313,True,9.947598300641403e-14
YFL011W,2.8139383889218648,20.784819189657313,True,9.947598300641403e-14
YNL142W,2.813938388921847,20.784819189657313,True,9.947598300641403e-14
YGL169W,2.8139383889218696,20.784819189657313,True,9.947598300641403e-14
YNL318C,2.8139383889218568,20.784819189657313,True,9.947598300641403e-14
YJL134W,2.8139383889218643,20.784819189657313,True,9.947598300641403e-14
YLR047C,2.8139383889218776,20.78481918965731,True,9.592326932761353e-14
YPL120W,2.8139383889218648,20.78481918965731,True,9.592326932761353e-14
YLR382C,2.8139383889218723,20.78481918965731,True,9.592326932761353e-14
YBR070C,2.813938388921872,20.78481918965731,True,9.592326932761353e-14
YGR096W,2.8139383889218683,20.78481918965731,True,9.592326932761353e-14
YBR229C,2.8139383889218603,20.78481918965731,True,9.592326932761353e-14
YPR193C,2.8139383889218714,20.78481918965731,True,9.592326932761353e-14
YDR007W,2.813938388921867,20.784819189657306,True,9.237055564881302e-14
YIL009W,2.8139383889218594,20.784819189657306,True,9.237055564881302e-14
YOL092W,2.8139383889218603,20.784819189657306,True,9.237055564881302e-14
YHR106W,2.813938388921883,20.784819189657306,True,9.237055564881302e-14
YMR120C,2.813938388921861,20.784819189657306,True,9.237055564881302e-14
YIL134W,2.8139383889218736,20.784819189657306,True,9.237055564881302e-14
YPR121W,2.81393838892186,20.784819189657306,True,9.237055564881302e-14
YBR018C,2.813938388921865,20.784819189657302,True,8.881784197001252e-14
YOR391C,2.8139383889218705,20.784819189657302,True,8.881784197001252e-14
YMR226C,2.813938388921872,20.784819189657302,True,8.881784197001252e-14
YEL006W,2.8139383889218585,20.784819189657302,True,8.881784197001252e-14
YGL255W,2.813938388921877,20.784819189657302,True,8.881784197001252e-14
YLR092W,2.813938388921931,20.784819189657302,True,8.881784197001252e-14
YPR035W,2.8139383889218648,20.7848191896573,True,8.526512829121202e-14
YHR068W,2.8139383889218688,20.7848191896573,True,8.526512829121202e-14
YLR130C,2.813938388921871,20.7848191896573,True,8.526512829121202e-14
YKL120W,2.8119842113353237,20.7848191896573,True,8.526512829121202e-14
YLR153C,2.8139383889218776,20.7848191896573,True,8.526512829121202e-14
YNL092W,2.813938388921877,20.7848191896573,True,8.526512829121202e-14
YBR115C,1.5179130126377105,20.7848191896573,True,8.526512829121202e-14
YOR360C,2.8139383889218674,20.7848191896573,True,8.526512829121202e-14
YCL030C,2.8139383889218657,20.784819189657295,True,8.171241461241152e-14
YHR100C,2.8139383889219203,20.784819189657295,True,8.171241461241152e-14
YBR036C,2.81393838892187,20.784819189657295,True,8.171241461241152e-14
YMR083W,2.813938388921864,20.784819189657295,True,8.171241461241152e-14
YMR006C,2.813938388921869,20.784819189657295,True,8.171241461241152e-14
YDR533C,2.813938388921853,20.784819189657295,True,8.171241461241152e-14
YOL103W,2.813938388921873,20.784819189657295,True,8.171241461241152e-14
YGL184C,2.813938388921873,20.784819189657295,True,8.171241461241152e-14
YNL191W,2.8139383889218594,20.784819189657295,True,8.171241461241152e-14
YNR060W,2.813938388921866,20.784819189657295,True,8.171241461241152e-14
YBR001C,2.8139383889218648,20.784819189657295,True,8.171241461241152e-14
YLR151C,2.813938388921864,20.784819189657295,True,8.171241461241152e-14
YHR007C,2.8139383889218585,20.78481918965729,True,7.815970093361102e-14
YGR170W,2.8139383889218736,20.78481918965729,True,7.815970093361102e-14
YGR121C,2.813938388921861,20.78481918965729,True,7.815970093361102e-14
YBL030C,2.8139383889218688,20.78481918965729,True,7.815970093361102e-14
YPR160W,2.813938388921865,20.78481918965729,True,7.815970093361102e-14
YDR481C,2.8139383889218763,20.78481918965729,True,7.815970093361102e-14
YGR243W,2.813938388921862,20.78481918965729,True,7.815970093361102e-14
YGR260W,2.81393838892186,20.78481918965729,True,7.815970093361102e-14
YIL043C,2.813938388921878,20.78481918965729,True,7.815970093361102e-14
YPL015C,2.813938388921867,20.78481918965729,True,7.815970093361102e-14
YJL012C,2.8139383889218617,20.78481918965729,True,7.815970093361102e-14
YBR183W,2.8139383889218634,20.78481918965729,True,7.815970093361102e-14
YGL196W,2.81393838892187,20.78481918965729,True,7.815970093361102e-14
YJR160C,2.8139383889218625,20.78481918965729,True,7.815970093361102e-14
YJR013W,2.813938388921863,20.78481918965729,True,7.815970093361102e-14
YJR049C,2.8139383889218506,20.78481918965729,True,7.815970093361102e-14
YDR009W,2.813938388921866,20.78481918965729,True,7.815970093361102e-14
YDL247W,2.8139383889218537,20.78481918965729,True,7.815970093361102e-14
YGL006W,2.81393838892186,20.78481918965729,True,7.815970093361102e-14
YCR037C,2.813938388921859,20.78481918965729,True,7.815970093361102e-14
YJL214W,2.8139383889218683,20.78481918965729,True,7.815970093361102e-14
YLR133W,2.813938388921873,20.78481918965729,True,7.815970093361102e-14
YOL156W,2.813938388921866,20.78481918965729,True,7.815970093361102e-14
YBR252W,2.8139383889218577,20.78481918965729,True,7.815970093361102e-14
YLR081W,2.8139383889218674,20.78481918965729,True,7.815970093361102e-14
YHR163W,2.8139383889218648,20.78481918965729,True,7.815970093361102e-14
YDR354W,2.81393838892187,20.78481918965729,True,7.815970093361102e-14
YDR371W,2.8139383889218688,20.78481918965729,True,7.815970093361102e-14
YDR305C,2.813938388921872,20.78481918965729,True,7.815970093361102e-14
YEL063C,2.8139383889218683,20.78481918965729,True,7.815970093361102e-14
YEL042W,2.813938388921863,20.78481918965729,True,7.815970093361102e-14
YGL167C,2.813938388921862,20.784819189657288,True,7.460698725481052e-14
YBR249C,2.8139383889218523,20.784819189657288,True,7.460698725481052e-14
YOL061W,2.8139383889218723,20.784819189657288,True,7.460698725481052e-14
YEL039C,2.8139383889218768,20.784819189657288,True,7.460698725481052e-14
YDR046C,2.8139383889218657,20.784819189657288,True,7.460698725481052e-14
YNL270C,2.8139383889218594,20.784819189657288,True,7.460698725481052e-14
YGR234W,2.813938388921866,20.784819189657288,True,7.460698725481052e-14
YJL005W,2.813938388921863,20.784819189657288,True,7.460698725481052e-14
YDL085W,2.813938388921866,20.784819189657288,True,7.460698725481052e-14
YPR081C,2.8139383889218648,20.784819189657288,True,7.460698725481052e-14
YPR156C,2.81393838892186,20.784819189657284,True,7.105427357601002e-14
YPL268W,2.813938388921857,20.784819189657284,True,7.105427357601002e-14
YBR218C,2.813938388921855,20.784819189657284,True,7.105427357601002e-14
YBR177C,2.813938388921869,20.784819189657284,True,7.105427357601002e-14
YBR213W,2.8139383889218648,20.784819189657284,True,7.105427357601002e-14
YOR222W,2.8139383889218625,20.784819189657284,True,7.105427357601002e-14
YOR184W,2.791570571876337,20.784819189657284,True,7.105427357601002e-14
YOR099W,2.81393838892186,20.784819189657284,True,7.105427357601002e-14
YPL061W,2.8139383889218252,20.784819189657284,True,7.105427357601002e-14
YEL017C-A,2.8139383889218643,20.784819189657284,True,7.105427357601002e-14
YJL221C,2.813938388921872,20.784819189657284,True,7.105427357601002e-14
YFR055W,2.8139383889218794,20.784819189657284,True,7.105427357601002e-14
YGL142C,2.8139383889218648,20.784819189657284,True,7.105427357601002e-14
YDR208W,2.813938388921875,20.784819189657284,True,7.105427357601002e-14
YER061C,2.813938388921859,20.784819189657284,True,7.105427357601002e-14
YKR089C,2.8139383889218856,20.784819189657284,True,7.105427357601002e-14
YKL106W,2.813938388921862,20.784819189657284,True,7.105427357601002e-14
YJL133W,2.8139383889218683,20.784819189657284,True,7.105427357601002e-14
YOL140W,2.5733904555325027,20.784819189657284,True,7.105427357601002e-14
YDR400W,2.813938388921887,20.784819189657284,True,7.105427357601002e-14
YDR539W,2.8139383889218785,20.784819189657284,True,7.105427357601002e-14
YLR214W,2.8139383889218625,20.784819189657284,True,7.105427357601002e-14
YLR245C,2.813938388921862,20.784819189657284,True,7.105427357601002e-14
YLR258W,2.8139383889218683,20.784819189657284,True,7.105427357601002e-14
YOR126C,2.813938388921863,20.784819189657284,True,7.105427357601002e-14
YCL064C,2.8139383889218768,20.784819189657284,True,7.105427357601002e-14
YMR013C,2.813938388921862,20.784819189657284,True,7.105427357601002e-14
YMR058W,2.8139383889218728,20.784819189657284,True,7.105427357601002e-14
YIR028W,2.813938388921872,20.784819189657284,True,7.105427357601002e-14
YIL107C,2.813938388921876,20.784819189657284,True,7.105427357601002e-14
YGR192C,2.813938388921852,20.784819189657284,True,7.105427357601002e-14
YGR216C,2.813938388921877,20.784819189657284,True,7.105427357601002e-14
YIL074C,2.8139383889218728,20.784819189657284,True,7.105427357601002e-14
YML086C,2.8139383889218617,20.784819189657284,True,7.105427357601002e-14
YHR063C,2.8139383889218603,20.784819189657284,True,7.105427357601002e-14
YIL006W,2.8139383889218648,20.784819189657284,True,7.105427357601002e-14
YBL039C,2.8139383889218643,20.78481918965728,True,6.750155989720952e-14
YGR144W,2.813938388921882,20.78481918965728,True,6.750155989720952e-14
YMR054W,2.813938388921876,20.78481918965728,True,6.750155989720952e-14
YDR272W,2.813938388921866,20.78481918965728,True,6.750155989720952e-14
YBR235W,2.8139383889218723,20.78481918965728,True,6.750155989720952e-14
YNR058W,2.813938388921862,20.78481918965728,True,6.750155989720952e-14
YIR029W,2.81393838892187,20.78481918965728,True,6.750155989720952e-14
YLL053C,2.8139383889218745,20.78481918965728,True,6.750155989720952e-14
YNL277W,2.8139383889218696,20.78481918965728,True,6.750155989720952e-14
YDR226W,2.813938388921878,20.78481918965728,True,6.750155989720952e-14
YGL248W,2.8139383889218683,20.784819189657277,True,6.394884621840902e-14
YJL071W,2.8139383889218688,20.784819189657277,True,6.394884621840902e-14
YKL216W,2.813938388921868,20.784819189657277,True,6.394884621840902e-14
YNL331C,2.8139383889218634,20.784819189657277,True,6.394884621840902e-14
YJR149W,2.813938388921856,20.784819189657277,True,6.394884621840902e-14
YDL090C,2.813938388921864,20.784819189657277,True,6.394884621840902e-14
YNR073C,2.8139383889218594,20.784819189657277,True,6.394884621840902e-14
YNR019W,2.8139383889218603,20.784819189657277,True,6.394884621840902e-14
YBR003W,2.813938388921862,20.784819189657277,True,6.394884621840902e-14
YNL335W,2.813938388921862,20.784819189657277,True,6.394884621840902e-14
YJL196C,2.813938388921859,20.784819189657277,True,6.394884621840902e-14
YNL202W,2.813938388921814,20.784819189657277,True,6.394884621840902e-14
YMR101C,2.813938388921858,20.784819189657277,True,6.394884621840902e-14
YDR367W,2.813938388921869,20.784819189657274,True,6.039613253960852e-14
YPL132W,2.8139383889218554,20.784819189657274,True,6.039613253960852e-14
YKL181W,2.813938388921851,20.784819189657274,True,6.039613253960852e-14
YER081W,2.813938388921877,20.784819189657274,True,6.039613253960852e-14
YBR111C,2.8139383889218705,20.784819189657274,True,6.039613253960852e-14
YOR171C,2.813938388921864,20.784819189657274,True,6.039613253960852e-14
YCL050C,2.8139383889218528,20.784819189657274,True,6.039613253960852e-14
YMR293C,2.8139383889218452,20.784819189657274,True,6.039613253960852e-14
YBR026C,2.813938388921855,20.784819189657274,True,6.039613253960852e-14
YCR083W,2.813938388921867,20.784819189657274,True,6.039613253960852e-14
YIL020C,2.8139383889218728,20.78481918965727,True,5.684341886080802e-14
YHR092C,2.8139383889218736,20.78481918965727,True,5.684341886080802e-14
YKR069W,2.8139383889218728,20.78481918965727,True,5.684341886080802e-14
YER183C,2.813938388921863,20.78481918965727,True,5.684341886080802e-14
YBR248C,2.8139383889218528,20.78481918965727,True,5.684341886080802e-14
YPR036W,2.8139383889218705,20.78481918965727,True,5.684341886080802e-14
YNL192W,2.8139383889218728,20.78481918965727,True,5.684341886080802e-14
YDR373W,2.813938388921866,20.78481918965727,True,5.684341886080802e-14
YGR019W,2.813938388921863,20.78481918965727,True,5.684341886080802e-14
YML042W,2.8139383889218594,20.78481918965727,True,5.684341886080802e-14
YPL189W,2.8139383889218643,20.78481918965727,True,5.684341886080802e-14
YFR030W,2.813938388921888,20.78481918965727,True,5.684341886080802e-14
YCR011C,2.813938388921882,20.78481918965727,True,5.684341886080802e-14
YNR067C,2.813938388921867,20.78481918965727,True,5.684341886080802e-14
YMR298W,2.8139383889218585,20.78481918965727,True,5.684341886080802e-14
YDR384C,2.8139383889218657,20.78481918965727,True,5.684341886080802e-14
YIL162W,2.8139383889218896,20.784819189657266,True,5.3290705182007514e-14
YER024W,2.8139383889218643,20.784819189657266,True,5.3290705182007514e-14
YPR140W,2.813938388921856,20.784819189657266,True,5.3290705182007514e-14
YHL032C,2.813938388921867,20.784819189657266,True,5.3290705182007514e-14
YGR177C,2.813938388921862,20.784819189657266,True,5.3290705182007514e-14
YBR128C,2.813938388921861,20.784819189657266,True,5.3290705182007514e-14
YLR020C,2.813938388921861,20.784819189657266,True,5.3290705182007514e-14
YIL124W,2.8139383889218625,20.784819189657266,True,5.3290705182007514e-14
YGR110W,2.813938388921878,20.784819189657266,True,5.3290705182007514e-14
YML120C,2.813938388921862,20.784819189657266,True,5.3290705182007514e-14
YJR095W,2.813938388921862,20.784819189657266,True,5.3290705182007514e-14
YDR508C,2.813938388921871,20.784819189657266,True,5.3290705182007514e-14
YDR017C,2.8139383889218568,20.784819189657266,True,5.3290705182007514e-14
YKL001C,2.813938388921865,20.784819189657266,True,5.3290705182007514e-14
YBR281C,2.8139383889218674,20.784819189657266,True,5.3290705182007514e-14
YOL066C,2.8139383889218648,20.784819189657266,True,5.3290705182007514e-14
YIL155C,2.813938388921864,20.784819189657266,True,5.3290705182007514e-14
YBR132C,2.8139383889218763,20.784819189657266,True,5.3290705182007514e-14
YDL095W,2.8139383889218617,20.784819189657263,True,4.973799150320701e-14
YIL002C,2.81393838892187,20.784819189657263,True,4.973799150320701e-14
YNL129W,2.81393838892186,20.784819189657263,True,4.973799150320701e-14
YGR060W,2.8139383889218714,20.784819189657263,True,4.973799150320701e-14
YDR242W,2.8139383889219047,20.784819189657263,True,4.973799150320701e-14
YHR094C,2.813938388921873,20.784819189657263,True,4.973799150320701e-14
YOR002W,2.813938388921861,20.784819189657263,True,4.973799150320701e-14
YJL130C,2.8139383889218577,20.784819189657263,True,4.973799150320701e-14
YPL088W,2.813938388921869,20.784819189657263,True,4.973799150320701e-14
YIL172C,2.813938388921871,20.784819189657263,True,4.973799150320701e-14
YNR013C,2.813938388921863,20.784819189657263,True,4.973799150320701e-14
YGR292W,2.8139383889218674,20.784819189657263,True,4.973799150320701e-14
YLL062C,2.8139383889218954,20.784819189657263,True,4.973799150320701e-14
YNR030W,2.813938388921856,20.784819189657263,True,4.973799150320701e-14
YLR308W,2.8139383889218528,20.78481918965726,True,4.618527782440651e-14
YDR376W,2.813938388921862,20.78481918965726,True,4.618527782440651e-14
YKL152C,2.813938388921861,20.78481918965726,True,4.618527782440651e-14
YKR066C,2.8139383889218568,20.78481918965726,True,4.618527782440651e-14
YLR155C,2.813938388921862,20.78481918965726,True,4.618527782440651e-14
YMR162C,2.8139383889218608,20.78481918965726,True,4.618527782440651e-14
YNL054W,2.813938388921862,20.78481918965726,True,4.618527782440651e-14
YNL029C,2.8139383889218554,20.78481918965726,True,4.618527782440651e-14
YBR092C,2.8139383889218728,20.78481918965726,True,4.618527782440651e-14
YBR035C,2.813938388921869,20.78481918965726,True,4.618527782440651e-14
YPL040C,2.813938388921863,20.784819189657256,True,4.263256414560601e-14
YHR104W,2.813938388921871,20.784819189657256,True,4.263256414560601e-14
YHR162W,2.8139383889218657,20.784819189657256,True,4.263256414560601e-14
YER019W,2.813938388921863,20.784819189657256,True,4.263256414560601e-14
YPL273W,2.813938388921871,20.784819189657256,True,4.263256414560601e-14
YER175C,2.8139383889218736,20.784819189657256,True,4.263256414560601e-14
YLL028W,2.8139383889218674,20.784819189657256,True,4.263256414560601e-14
YBR222C,2.8139383889218625,20.784819189657256,True,4.263256414560601e-14
YNR033W,2.8139383889218643,20.784819189657256,True,4.263256414560601e-14
YFR053C,2.813938388921868,20.784819189657256,True,4.263256414560601e-14
YMR246W,2.8139383889218648,20.784819189657256,True,4.263256414560601e-14
YDL178W,2.813938388921875,20.784819189657256,True,4.263256414560601e-14
YDL168W,2.8139383889218728,20.784819189657256,True,4.263256414560601e-14
YJL088W,2.5733904555325013,20.784819189657256,True,4.263256414560601e-14
YJR019C,2.8139383889218514,20.784819189657256,True,4.263256414560601e-14
YJR016C,1.4768259927199097,20.784819189657256,True,4.263256414560601e-14
YLR201C,2.813938388921856,20.784819189657256,True,4.263256414560601e-14
YDR456W,2.8139383889218577,20.784819189657256,True,4.263256414560601e-14
YEL004W,2.8139383889218608,20.784819189657256,True,4.263256414560601e-14
YML125C,2.8139383889218594,20.784819189657256,True,4.263256414560601e-14
YML008C,2.813938388921858,20.784819189657256,True,4.263256414560601e-14
YDR343C,2.8139383889218696,20.784819189657256,True,4.263256414560601e-14
YMR015C,2.813938388921862,20.784819189657256,True,4.263256414560601e-14
YLR386W,2.813938388921864,20.784819189657256,True,4.263256414560601e-14
YJR131W,2.8139383889218537,20.784819189657256,True,4.263256414560601e-14
YJL100W,2.8139383889218674,20.784819189657256,True,4.263256414560601e-14
YDL236W,2.8139383889218617,20.784819189657256,True,4.263256414560601e-14
YGR036C,2.813938388921865,20.784819189657256,True,4.263256414560601e-14
YGR032W,2.8139383889218768,20.784819189657256,True,4.263256414560601e-14
YAL062W,2.8139383889218474,20.784819189657256,True,4.263256414560601e-14
YAR015W,2.813938388921869,20.784819189657256,True,4.263256414560601e-14
YDR234W,1.51791301263771,20.784819189657252,True,3.907985046680551e-14
YDR147W,2.8139383889218648,20.784819189657252,True,3.907985046680551e-14
YJR009C,2.813938388921859,20.784819189657252,True,3.907985046680551e-14
YGL038C,2.813938388921862,20.784819189657252,True,3.907985046680551e-14
YOR375C,2.8139383889215464,20.784819189657252,True,3.907985046680551e-14
YOR245C,2.8139383889218723,20.784819189657252,True,3.907985046680551e-14
YLL001W,2.8139383889218648,20.784819189657252,True,3.907985046680551e-14
YDR530C,2.8139383889218728,20.784819189657252,True,3.907985046680551e-14
YER062C,2.8139383889218688,20.784819189657252,True,3.907985046680551e-14
YJL212C,2.8139383889218537,20.784819189657252,True,3.907985046680551e-14
YGR191W,2.813938388921862,20.784819189657252,True,3.907985046680551e-14
YPR062W,2.8139383889218728,20.784819189657252,True,3.907985046680551e-14
YOR323C,2.813938388921857,20.784819189657252,True,3.907985046680551e-14
YOR311C,2.8139383889218617,20.784819189657252,True,3.907985046680551e-14
YHR190W,2.813938388921901,20.784819189657252,True,3.907985046680551e-14
YGR282C,2.813938388921858,20.784819189657252,True,3.907985046680551e-14
YEL029C,2.813938388921857,20.784819189657252,True,3.907985046680551e-14
YER099C,2.8139383889218563,20.784819189657252,True,3.907985046680551e-14
YEL027W,2.8139383889218714,20.784819189657252,True,3.907985046680551e-14
YLR134W,2.8139383889218688,20.784819189657252,True,3.907985046680551e-14
YNL325C,2.81393838892186,20.784819189657252,True,3.907985046680551e-14
YNR008W,2.8139383889218688,20.784819189657252,True,3.907985046680551e-14
YJL091C,2.813938388921869,20.784819189657252,True,3.907985046680551e-14
YMR087W,2.813938388921863,20.784819189657252,True,3.907985046680551e-14
YLR450W,2.8139383889218585,20.784819189657252,True,3.907985046680551e-14
YNL073W,2.813938388921878,20.784819189657252,True,3.907985046680551e-14
YJR069C,2.8139383889218763,20.784819189657252,True,3.907985046680551e-14
YMR256C,2.8139383889218688,20.784819189657252,True,3.907985046680551e-14
YKL019W,2.813938388921851,20.784819189657252,True,3.907985046680551e-14
YPR138C,2.8139383889218683,20.784819189657252,True,3.907985046680551e-14
YDL246C,2.813938388921857,20.784819189657252,True,3.907985046680551e-14
YAL023C,2.8139383889218568,20.784819189657252,True,3.907985046680551e-14
YAL035W,2.8139383889218625,20.784819189657252,True,3.907985046680551e-14
YDR236C,2.813938388921853,20.784819189657252,True,3.907985046680551e-14
YDL238C,2.8139383889218568,20.784819189657252,True,3.907985046680551e-14
YGL101W,2.813938388921862,20.784819189657252,True,3.907985046680551e-14
YCL005W-A,2.813938388921886,20.784819189657252,True,3.907985046680551e-14
YOL065C,2.813938388921864,20.784819189657252,True,3.907985046680551e-14
YKL184W,2.8139383889218643,20.784819189657252,True,3.907985046680551e-14
YLR158C,2.813938388921877,20.784819189657252,True,3.907985046680551e-14
YML100W,2.813938388921866,20.78481918965725,True,3.552713678800501e-14
YAL026C,2.813938388921856,20.78481918965725,True,3.552713678800501e-14
YMR322C,2.813938388921868,20.78481918965725,True,3.552713678800501e-14
YDR071C,2.8139383889218643,20.78481918965725,True,3.552713678800501e-14
YPL252C,2.8139383889218674,20.78481918965725,True,3.552713678800501e-14
YBR002C,2.8139383889218728,20.78481918965725,True,3.552713678800501e-14
YIR036C,2.8139383889218683,20.78481918965725,True,3.552713678800501e-14
YLL043W,2.813938388921862,20.78481918965725,True,3.552713678800501e-14
YIL116W,2.813938388921922,20.78481918965725,True,3.552713678800501e-14
YHR137W,2.8139383889218683,20.78481918965725,True,3.552713678800501e-14
YPL206C,2.8139383889218808,20.78481918965725,True,3.552713678800501e-14
YGR087C,2.8139383889218683,20.78481918965725,True,3.552713678800501e-14
YDL042C,2.8139383889218683,20.78481918965725,True,3.552713678800501e-14
YPL258C,2.8139383889218683,20.78481918965725,True,3.552713678800501e-14
YCL038C,2.813938388921862,20.78481918965725,True,3.552713678800501e-14
YKL085W,2.813938388921862,20.78481918965725,True,3.552713678800501e-14
YDR452W,2.8139383889218736,20.78481918965725,True,3.552713678800501e-14
YLR237W,2.8139383889218617,20.78481918965725,True,3.552713678800501e-14
YOR109W,2.813938388921864,20.78481918965725,True,3.552713678800501e-14
YMR169C,2.8139383889218643,20.78481918965725,True,3.552713678800501e-14
YAR071W,2.8139383889218483,20.78481918965725,True,3.552713678800501e-14
YDR038C,2.8139383889218768,20.78481918965725,True,3.552713678800501e-14
YDR483W,2.8139383889218785,20.784819189657245,True,3.197442310920451e-14
YFL058W,2.8139383889218785,20.784819189657245,True,3.197442310920451e-14
YLR420W,2.8139383889218568,20.784819189657245,True,3.197442310920451e-14
YMR250W,2.813938388921871,20.784819189657245,True,3.197442310920451e-14
YKL218C,2.8139383889218528,20.784819189657245,True,3.197442310920451e-14
YBR296C,2.8139383889218594,20.784819189657245,True,3.197442310920451e-14
YBR145W,2.813938388921865,20.784819189657245,True,3.197442310920451e-14
YOR286W,2.813938388921857,20.784819189657245,True,3.197442310920451e-14
YJL045W,2.8139383889218688,20.784819189657245,True,3.197442310920451e-14
YNR072W,2.8139383889218608,20.784819189657245,True,3.197442310920451e-14
YER037W,2.813938388921864,20.784819189657245,True,3.197442310920451e-14
YEL051W,2.813938388921862,20.784819189657245,True,3.197442310920451e-14
YLR043C,2.8139383889218723,20.784819189657245,True,3.197442310920451e-14
YBR068C,2.813938388921873,20.784819189657245,True,3.197442310920451e-14
YMR272C,2.8139383889218585,20.784819189657245,True,3.197442310920451e-14
YKR093W,2.813938388921872,20.784819189657245,True,3.197442310920451e-14
YLR355C,1.4768259927199097,20.784819189657245,True,3.197442310920451e-14
YNL274C,2.8139383889218657,20.784819189657245,True,3.197442310920451e-14
YML070W,2.8139383889218763,20.78481918965724,True,2.842170943040401e-14
YIR027C,2.8139383889218625,20.78481918965724,True,2.842170943040401e-14
YIR034C,1.5179130126377103,20.78481918965724,True,2.842170943040401e-14
YBL080C,2.8139383889218585,20.78481918965724,True,2.842170943040401e-14
YNL241C,2.8139383889218625,20.78481918965724,True,2.842170943040401e-14
YOL096C,2.8139383889218528,20.78481918965724,True,2.842170943040401e-14
YMR281W,2.8139383889218674,20.78481918965724,True,2.842170943040401e-14
YKL192C,2.813938388921874,20.78481918965724,True,2.842170943040401e-14
YMR170C,2.8139383889218608,20.78481918965724,True,2.842170943040401e-14
YLR446W,2.8139383889218594,20.78481918965724,True,2.842170943040401e-14
YML022W,2.813938388921861,20.78481918965724,True,2.842170943040401e-14
YNL141W,2.81393838892186,20.78481918965724,True,2.842170943040401e-14
YMR020W,2.813938388921868,20.78481918965724,True,2.842170943040401e-14
YPR170W-B,2.813938388921865,20.78481918965724,True,2.842170943040401e-14
YHR046C,2.81393838892187,20.78481918965724,True,2.842170943040401e-14
YBR299W,2.813938388921873,20.784819189657238,True,2.4868995751603507e-14
YEL071W,2.8139383889218705,20.784819189657238,True,2.4868995751603507e-14
YOL052C,2.813938388921882,20.784819189657238,True,2.4868995751603507e-14
YIR031C,2.813938388921844,20.784819189657238,True,2.4868995751603507e-14
YHR128W,2.813938388921864,20.784819189657238,True,2.4868995751603507e-14
YLR348C,2.8139383889218843,20.784819189657238,True,2.4868995751603507e-14
YMR062C,2.573390455532503,20.784819189657238,True,2.4868995751603507e-14
YPR047W,2.813938388921872,20.784819189657238,True,2.4868995751603507e-14
YGR143W,2.813938388921875,20.784819189657238,True,2.4868995751603507e-14
YGR010W,2.8139383889218648,20.784819189657238,True,2.4868995751603507e-14
YDL198C,2.813938388921868,20.784819189657238,True,2.4868995751603507e-14
YJR109C,2.813938388921861,20.784819189657238,True,2.4868995751603507e-14
YJL216C,2.8139383889218688,20.784819189657238,True,2.4868995751603507e-14
YBR085W,2.8139383889218768,20.784819189657235,True,2.1316282072803006e-14
YHL011C,2.813938388921885,20.784819189657235,True,2.1316282072803006e-14
YGL084C,2.8139383889218683,20.784819189657235,True,2.1316282072803006e-14
YHR072W,2.8139383889218683,20.784819189657235,True,2.1316282072803006e-14
YDR158W,2.1260941512628353,20.784819189657235,True,2.1316282072803006e-14
YIL048W,2.813938388921864,20.784819189657235,True,2.1316282072803006e-14
YOR149C,2.8139383889218648,20.784819189657235,True,2.1316282072803006e-14
YER119C,2.8139383889218723,20.784819189657235,True,2.1316282072803006e-14
YOL136C,2.813938388921862,20.784819189657235,True,2.1316282072803006e-14
YMR323W,2.8139383889218714,20.784819189657235,True,2.1316282072803006e-14
YML106W,2.813938388921857,20.784819189657235,True,2.1316282072803006e-14
YGL187C,2.8139383889218657,20.784819189657235,True,2.1316282072803006e-14
YPR145W,2.813938388921867,20.784819189657235,True,2.1316282072803006e-14
YGR286C,2.8139383889218785,20.78481918965723,True,1.7763568394002505e-14
YPL274W,2.8139383889218603,20.78481918965723,True,1.7763568394002505e-14
YEL066W,2.813938388921872,20.78481918965723,True,1.7763568394002505e-14
YDR035W,2.81393838892187,20.78481918965723,True,1.7763568394002505e-14
YLR100W,2.8139383889218634,20.78481918965723,True,1.7763568394002505e-14
YCL047C,2.8139383889218723,20.78481918965723,True,1.7763568394002505e-14
YOL157C,2.8139383889218674,20.78481918965723,True,1.7763568394002505e-14
YMR319C,2.8139383889218683,20.78481918965723,True,1.7763568394002505e-14
YDR231C,2.8139383889218754,20.78481918965723,True,1.7763568394002505e-14
YMR303C,2.813938388921856,20.78481918965723,True,1.7763568394002505e-14
YDR062W,2.8139383889218594,20.78481918965723,True,1.7763568394002505e-14
YGL253W,2.8139383889218603,20.78481918965723,True,1.7763568394002505e-14
YML056C,2.813938388921862,20.78481918965723,True,1.7763568394002505e-14
YHR067W,2.8139383889219403,20.78481918965723,True,1.7763568394002505e-14
YOR108W,2.813938388921862,20.784819189657227,True,1.4210854715202004e-14
YJR048W,2.8139383889218816,20.784819189657227,True,1.4210854715202004e-14
YDR516C,2.813938388921875,20.784819189657227,True,1.4210854715202004e-14
YLR286C,2.8139383889218728,20.784819189657227,True,1.4210854715202004e-14
YOL165C,2.8139383889218608,20.784819189657227,True,1.4210854715202004e-14
YML082W,2.813938388921862,20.784819189657227,True,1.4210854715202004e-14
YCR068W,2.8139383889218634,20.784819189657227,True,1.4210854715202004e-14
YPR003C,2.8139383889218594,20.784819189657227,True,1.4210854715202004e-14
YDR019C,2.813938388921875,20.784819189657227,True,1.4210854715202004e-14
YGR043C,2.8139383889218785,20.784819189657227,True,1.4210854715202004e-14
YJL129C,2.8139383889218674,20.784819189657227,True,1.4210854715202004e-14
YPL087W,2.8139383889218648,20.784819189657227,True,1.4210854715202004e-14
YHR039C-A,2.8139383889218643,20.784819189657227,True,1.4210854715202004e-14
YDR387C,2.8139383889218594,20.784819189657224,True,1.0658141036401503e-14
YLR211C,2.8139383889218603,20.784819189657224,True,1.0658141036401503e-14
YER087W,2.813938388921854,20.784819189657224,True,1.0658141036401503e-14
YDR513W,2.8139383889218688,20.784819189657224,True,1.0658141036401503e-14
YDR497C,2.813938388921869,20.784819189657224,True,1.0658141036401503e-14
YER090W,2.8139383889218568,20.784819189657224,True,1.0658141036401503e-14
YER091C,2.7286054752226856,20.784819189657224,True,1.0658141036401503e-14
YLL018C-A,2.8139383889218648,20.784819189657224,True,1.0658141036401503e-14
YER152C,2.813938388921859,20.784819189657224,True,1.0658141036401503e-14
YER070W,2.81393838892187,20.784819189657224,True,1.0658141036401503e-14
YLR345W,2.8139383889218497,20.784819189657224,True,1.0658141036401503e-14
YLL031C,2.813938388921875,20.784819189657224,True,1.0658141036401503e-14
YBR176W,2.813938388921863,20.784819189657224,True,1.0658141036401503e-14
YIL066C,2.813938388921873,20.784819189657224,True,1.0658141036401503e-14
YOR067C,2.813938388921877,20.784819189657224,True,1.0658141036401503e-14
YLR303W,2.8139383889218776,20.784819189657224,True,1.0658141036401503e-14
YOR192C,2.813938388921859,20.784819189657224,True,1.0658141036401503e-14
YIL094C,1.5179130126377096,20.784819189657224,True,1.0658141036401503e-14
YBR199W,2.8139383889218683,20.784819189657224,True,1.0658141036401503e-14
YGR209C,2.8139383889218643,20.784819189657224,True,1.0658141036401503e-14
YBR205W,2.8139383889218696,20.784819189657224,True,1.0658141036401503e-14
YHR216W,2.813938388921871,20.784819189657224,True,1.0658141036401503e-14
YOR163W,2.8139383889218705,20.784819189657224,True,1.0658141036401503e-14
YKR043C,2.8139383889218705,20.784819189657224,True,1.0658141036401503e-14
YDR294C,2.813938388921866,20.784819189657224,True,1.0658141036401503e-14
YKL212W,2.81393838892185,20.784819189657224,True,1.0658141036401503e-14
YDR270W,2.8139383889218643,20.784819189657224,True,1.0658141036401503e-14
YGR015C,2.8139383889218728,20.784819189657224,True,1.0658141036401503e-14
YMR145C,2.8139383889218674,20.784819189657224,True,1.0658141036401503e-14
YMR110C,2.8139383889218603,20.784819189657224,True,1.0658141036401503e-14
YKL217W,2.813938388921918,20.784819189657224,True,1.0658141036401503e-14
YPR192W,2.813938388921857,20.784819189657224,True,1.0658141036401503e-14
YAL038W,2.8139383889218554,20.784819189657224,True,1.0658141036401503e-14
YHL012W,2.8139383889218554,20.784819189657224,True,1.0658141036401503e-14
YOR303W,2.813938388921863,20.784819189657224,True,1.0658141036401503e-14
YJL003W,2.8139383889218377,20.784819189657224,True,1.0658141036401503e-14
YGR038W,2.8139383889218674,20.784819189657224,True,1.0658141036401503e-14
YGL062W,2.8139383889218643,20.784819189657224,True,1.0658141036401503e-14
YGL148W,2.813938388921875,20.784819189657224,True,1.0658141036401503e-14
YCL040W,2.8139383889218625,20.784819189657224,True,1.0658141036401503e-14
YBR256C,2.8139383889218643,20.784819189657224,True,1.0658141036401503e-14
YGL063W,2.8139383889218563,20.784819189657224,True,1.0658141036401503e-14
YOL143C,2.8139383889218714,20.784819189657224,True,1.0658141036401503e-14
YMR271C,2.813938388921866,20.784819189657224,True,1.0658141036401503e-14
YMR278W,2.813938388921859,20.784819189657224,True,1.0658141036401503e-14
YNL003C,2.813938388921862,20.784819189657224,True,1.0658141036401503e-14
YMR210W,2.813938388921871,20.784819189657224,True,1.0658141036401503e-14
YJL198W,2.8139383889218688,20.784819189657224,True,1.0658141036401503e-14
YJL153C,2.813938388921866,20.784819189657224,True,1.0658141036401503e-14
YFR025C,2.8139383889218927,20.784819189657224,True,1.0658141036401503e-14
YNL052W,2.8139383889218648,20.784819189657224,True,1.0658141036401503e-14
YKL004W,2.8139383889218648,20.784819189657224,True,1.0658141036401503e-14
YJR057W,2.8139383889218683,20.784819189657224,True,1.0658141036401503e-14
YDL142C,2.813938388921862,20.784819189657224,True,1.0658141036401503e-14
YKL055C,2.813938388921858,20.784819189657224,True,1.0658141036401503e-14
YJL126W,2.8139383889218648,20.784819189657224,True,1.0658141036401503e-14
YBL064C,2.8139383889218696,20.784819189657224,True,1.0658141036401503e-14
YCR098C,2.813938388921872,20.784819189657224,True,1.0658141036401503e-14
YPL265W,2.813938388921852,20.784819189657224,True,1.0658141036401503e-14
YCR053W,2.126094151262838,20.784819189657224,True,1.0658141036401503e-14
YJL060W,2.8139383889218648,20.784819189657224,True,1.0658141036401503e-14
YJR139C,2.1260941512628357,20.784819189657224,True,1.0658141036401503e-14
YJR133W,2.8139383889218594,20.784819189657224,True,1.0658141036401503e-14
YBR042C,2.813938388921862,20.784819189657224,True,1.0658141036401503e-14
YHR109W,2.8139383889218594,20.784819189657224,True,1.0658141036401503e-14
YPL053C,2.81393838892186,20.784819189657224,True,1.0658141036401503e-14
YOR384W,2.8139383889218688,20.784819189657224,True,1.0658141036401503e-14
YOR221C,2.8139383889218705,20.784819189657224,True,1.0658141036401503e-14
YHR123W,2.813938388921871,20.784819189657224,True,1.0658141036401503e-14
YPL023C,2.813938388921864,20.784819189657224,True,1.0658141036401503e-14
YPL231W,2.8139383889218585,20.784819189657224,True,1.0658141036401503e-14
YLR038C,2.8139383889218337,20.784819189657224,True,1.0658141036401503e-14
YPL214C,2.8139383889218688,20.784819189657224,True,1.0658141036401503e-14
YPL096C-A,2.813938388921868,20.784819189657224,True,1.0658141036401503e-14
YEL041W,2.813938388921866,20.784819189657224,True,1.0658141036401503e-14
YLL052C,2.8139383889218585,20.784819189657224,True,1.0658141036401503e-14
YEL021W,2.8139383889218634,20.784819189657224,True,1.0658141036401503e-14
YLR164W,2.813938388921862,20.784819189657224,True,1.0658141036401503e-14
YLL058W,2.813938388921857,20.784819189657224,True,1.0658141036401503e-14
YBR180W,2.813938388921862,20.78481918965722,True,7.105427357601002e-15
YER073W,2.813938388921866,20.78481918965722,True,7.105427357601002e-15
YLR354C,2.813938388921859,20.78481918965722,True,7.105427357601002e-15
YBR153W,2.8139383889218696,20.78481918965722,True,7.105427357601002e-15
YDR204W,2.8139383889218683,20.78481918965722,True,7.105427357601002e-15
YMR008C,2.8139383889218617,20.78481918965722,True,7.105427357601002e-15
YDR345C,2.813938388921864,20.78481918965722,True,7.105427357601002e-15
YKL008C,2.8139383889218683,20.78481918965722,True,7.105427357601002e-15
YGL224C,2.813938388921886,20.78481918965722,True,7.105427357601002e-15
YDL131W,2.813938388921851,20.78481918965722,True,7.105427357601002e-15
YNL104C,2.81198421133532,20.78481918965722,True,7.105427357601002e-15
YNL268W,2.813938388921871,20.78481918965722,True,7.105427357601002e-15
YLL057C,2.813938388921804,20.78481918965722,True,7.105427357601002e-15
YOR316C,2.8139383889218554,20.78481918965722,True,7.105427357601002e-15
YHR002W,2.813938388921868,20.78481918965722,True,7.105427357601002e-15
YBR097W,2.813938388921872,20.78481918965722,True,7.105427357601002e-15
YOR241W,2.8139383889218585,20.784819189657217,True,3.552713678800501e-15
YHR018C,2.5733904555325013,20.784819189657217,True,3.552713678800501e-15
YBR298C,2.813938388921877,20.784819189657217,True,3.552713678800501e-15
YGR124W,2.8139383889218674,20.784819189657217,True,3.552713678800501e-15
YGL026C,2.8139383889218683,20.784819189657217,True,3.552713678800501e-15
YDL040C,2.813938388921863,20.784819189657217,True,3.552713678800501e-15
YKL220C,2.8139383889218954,20.784819189657217,True,3.552713678800501e-15
YLR372W,2.8139383889218634,20.784819189657217,True,3.552713678800501e-15
YDR536W,2.813938388921857,20.784819189657217,True,3.552713678800501e-15
YLR328W,2.8139383889218537,20.784819189657217,True,3.552713678800501e-15
YER055C,2.8139383889218568,20.784819189657217,True,3.552713678800501e-15
YKR031C,2.8139383889219047,20.784819189657213,True,0.0
YCL035C,2.813938388921874,20.784819189657213,True,0.0
YDR248C,2.8139383889218625,20.784819189657213,True,0.0
YCR105W,2.81393838892185,20.784819189657213,True,0.0
YGL256W,2.813938388921872,20.784819189657213,True,0.0
YGL125W,2.7286054752226847,20.784819189657213,True,0.0
YDL182W,2.8139383889218617,20.784819189657213,True,0.0
YOR125C,2.813938388921862,20.784819189657213,True,0.0
YML054C,2.813938388921859,20.784819189657213,True,0.0
YOR251C,2.81393838892186,20.784819189657213,True,0.0
YDR441C,2.8139383889218736,20.784819189657213,True,0.0
YBR147W,2.813938388921875,20.784819189657213,True,0.0
YLR342W,2.8139383889218657,20.784819189657213,True,0.0
YLR189C,2.8139383889218696,20.784819189657213,True,0.0
YER141W,2.8139383889218856,20.784819189657213,True,0.0
YPL212C,2.813938388921857,20.784819189657213,True,0.0
YLR146C,2.8139383889218523,20.784819189657213,True,0.0
YPL095C,2.8139383889218643,20.784819189657213,True,0.0
YML110C,2.8139383889218648,20.784819189657213,True,0.0
YLR089C,2.813938388921855,20.78481918965721,True,-3.552713678800501e-15
YLR157C,2.8139383889218714,20.78481918965721,True,-3.552713678800501e-15
YFL059W,2.8139383889218315,20.78481918965721,True,-3.552713678800501e-15
YFR015C,2.81393838892184,20.78481918965721,True,-3.552713678800501e-15
YMR189W,2.8139383889218488,20.78481918965721,True,-3.552713678800501e-15
YGR061C,2.8139383889218808,20.78481918965721,True,-3.552713678800501e-15
YDL210W,2.8139383889218643,20.78481918965721,True,-3.552713678800501e-15
YPR026W,2.813938388921851,20.78481918965721,True,-3.552713678800501e-15
YKL132C,2.8139383889218683,20.78481918965721,True,-3.552713678800501e-15
YKR080W,2.813479192709284,20.78481918965721,True,-3.552713678800501e-15
YBL091C,2.813938388921871,20.78481918965721,True,-3.552713678800501e-15
YAL044C,2.8139383889218696,20.78481918965721,True,-3.552713678800501e-15
YIL053W,2.8139383889218648,20.78481918965721,True,-3.552713678800501e-15
YKL087C,2.813938388921866,20.78481918965721,True,-3.552713678800501e-15
YML004C,2.8139383889218648,20.78481918965721,True,-3.552713678800501e-15
YKL182W,2.8139383889218776,20.78481918965721,True,-3.552713678800501e-15
YDL120W,2.8139383889218808,20.78481918965721,True,-3.552713678800501e-15
YDR297W,2.8139383889218736,20.78481918965721,True,-3.552713678800501e-15
YGR171C,2.813938388921873,20.784819189657206,True,-7.105427357601002e-15
YDR261C,2.8139383889218648,20.784819189657206,True,-7.105427357601002e-15
YLR305C,2.8139383889218634,20.784819189657206,True,-7.105427357601002e-15
YER060W,2.8139383889218763,20.784819189657206,True,-7.105427357601002e-15
YLR395C,2.8139383889218594,20.784819189657206,True,-7.105427357601002e-15
YDR284C,2.813938388921863,20.784819189657206,True,-7.105427357601002e-15
YDR111C,2.8139383889218643,20.784819189657206,True,-7.105427357601002e-15
YEL031W,2.8139383889218657,20.784819189657206,True,-7.105427357601002e-15
YBR110W,2.8139383889218768,20.784819189657206,True,-7.105427357601002e-15
YHR096C,2.813938388921873,20.784819189657206,True,-7.105427357601002e-15
YHR026W,2.8139383889218634,20.784819189657206,True,-7.105427357601002e-15
YPR074C,2.8139383889218625,20.784819189657206,True,-7.105427357601002e-15
YOR081C,2.8139383889218554,20.784819189657206,True,-7.105427357601002e-15
YOR202W,2.8139383889218506,20.784819189657206,True,-7.105427357601002e-15
YEL038W,2.81393838892186,20.784819189657206,True,-7.105427357601002e-15
YNL117W,2.8139383889218568,20.784819189657206,True,-7.105427357601002e-15
YJR153W,2.8139383889218705,20.784819189657203,True,-1.0658141036401503e-14
YKL150W,2.813938388921869,20.784819189657203,True,-1.0658141036401503e-14
YBR294W,2.813938388921864,20.784819189657203,True,-1.0658141036401503e-14
YGR046W,2.8139383889218834,20.784819189657203,True,-1.0658141036401503e-14
YBR019C,2.8139383889218714,20.784819189657203,True,-1.0658141036401503e-14
YDL185W,2.8139383889218577,20.784819189657203,True,-1.0658141036401503e-14
YNR041C,2.813938388921859,20.784819189657203,True,-1.0658141036401503e-14
YJL052W,2.813938388921867,20.784819189657203,True,-1.0658141036401503e-14
YLR360W,2.813938388921874,20.784819189657203,True,-1.0658141036401503e-14
YGR208W,2.7915705718763246,20.784819189657203,True,-1.0658141036401503e-14
YOL011W,2.813938388921857,20.784819189657203,True,-1.0658141036401503e-14
YGL191W,2.813938388921873,20.784819189657203,True,-1.0658141036401503e-14
YBR161W,2.8139383889218617,20.7848191896572,True,-1.4210854715202004e-14
YOR071C,2.81393838892187,20.7848191896572,True,-1.4210854715202004e-14
YGR155W,2.8139383889218785,20.7848191896572,True,-1.4210854715202004e-14
YJL200C,2.8139383889218625,20.7848191896572,True,-1.4210854715202004e-14
YLR285W,2.8139383889218723,20.7848191896572,True,-1.4210854715202004e-14
YDR538W,2.8139383889218714,20.7848191896572,True,-1.4210854715202004e-14
YJL026W,2.813938388921862,20.7848191896572,True,-1.4210854715202004e-14
YJL068C,2.8139383889218745,20.7848191896572,True,-1.4210854715202004e-14
YDR105C,2.8139383889218874,20.7848191896572,True,-1.4210854715202004e-14
YMR243C,2.8139383889218603,20.7848191896572,True,-1.4210854715202004e-14
YPR139C,2.81393838892186,20.7848191896572,True,-1.4210854715202004e-14
YHR008C,2.8139383889218648,20.7848191896572,True,-1.4210854715202004e-14
YPL091W,2.8139383889218736,20.7848191896572,True,-1.4210854715202004e-14
YPL280W,2.8139383889218648,20.7848191896572,True,-1.4210854715202004e-14
YBR034C,2.8139383889218594,20.7848191896572,True,-1.4210854715202004e-14
YPR069C,2.8139383889218705,20.7848191896572,True,-1.4210854715202004e-14
YKR097W,2.813938388921869,20.7848191896572,True,-1.4210854715202004e-14
YER086W,2.813938388921873,20.7848191896572,True,-1.4210854715202004e-14
YKL174C,2.813938388921841,20.7848191896572,True,-1.4210854715202004e-14
YGR247W,2.8139383889218683,20.7848191896572,True,-1.4210854715202004e-14
YOR253W,2.813938388921863,20.784819189657195,True,-1.7763568394002505e-14
YOR270C,2.8139383889218688,20.784819189657195,True,-1.7763568394002505e-14
YBR244W,2.813938388921862,20.784819189657195,True,-1.7763568394002505e-14
YOR120W,2.8139383889218568,20.784819189657195,True,-1.7763568394002505e-14
YPL036W,2.8139383889218688,20.784819189657195,True,-1.7763568394002505e-14
YBR117C,2.8139383889218843,20.784819189657195,True,-1.7763568394002505e-14
YJR143C,2.8139383889218577,20.784819189657195,True,-1.7763568394002505e-14
YCR024C-A,2.8139383889218554,20.784819189657195,True,-1.7763568394002505e-14
YMR300C,2.8139383889218528,20.784819189657195,True,-1.7763568394002505e-14
YJR155W,2.8139383889218674,20.784819189657195,True,-1.7763568394002505e-14
YDR098C,2.813938388921871,20.784819189657195,True,-1.7763568394002505e-14
YJR024C,2.813938388921867,20.784819189657195,True,-1.7763568394002505e-14
YMR088C,2.813938388921869,20.784819189657195,True,-1.7763568394002505e-14
YER042W,2.8139383889218674,20.784819189657192,True,-2.1316282072803006e-14
YHR013C,2.813938388921866,20.784819189657192,True,-2.1316282072803006e-14
YOR273C,2.8139383889218497,20.784819189657192,True,-2.1316282072803006e-14
YOR388C,2.8134210781429942,20.784819189657192,True,-2.1316282072803006e-14
YHR174W,2.81393838892187,20.784819189657192,True,-2.1316282072803006e-14
YBR093C,2.8139383889218577,20.784819189657192,True,-2.1316282072803006e-14
YBR022W,2.8139383889218776,20.784819189657192,True,-2.1316282072803006e-14
YLR160C,2.8139383889218568,20.784819189657192,True,-2.1316282072803006e-14
YER005W,2.813938388921852,20.784819189657192,True,-2.1316282072803006e-14
YBL042C,2.8139383889218688,20.784819189657192,True,-2.1316282072803006e-14
YPR021C,2.808911273275927,20.784819189657192,True,-2.1316282072803006e-14
YPL104W,2.813938388921863,20.784819189657192,True,-2.1316282072803006e-14
YPL188W,2.813938388921875,20.784819189657192,True,-2.1316282072803006e-14
YPL227C,2.813938388921855,20.784819189657192,True,-2.1316282072803006e-14
YNL048W,2.8139383889218634,20.784819189657192,True,-2.1316282072803006e-14
YCR048W,2.8139383889218625,20.784819189657192,True,-2.1316282072803006e-14
YJR130C,2.813938388921871,20.784819189657192,True,-2.1316282072803006e-14
YFL053W,2.8139383889218763,20.784819189657192,True,-2.1316282072803006e-14
YNL065W,2.8139383889218688,20.784819189657192,True,-2.1316282072803006e-14
YDL243C,2.813938388921864,20.784819189657192,True,-2.1316282072803006e-14
YNL045W,2.8139383889218763,20.784819189657192,True,-2.1316282072803006e-14
YJR001W,2.8139383889218528,20.784819189657192,True,-2.1316282072803006e-14
YJL137C,2.8139383889218617,20.784819189657192,True,-2.1316282072803006e-14
YMR313C,2.8139383889218528,20.784819189657192,True,-2.1316282072803006e-14
YMR318C,2.813938388921861,20.784819189657192,True,-2.1316282072803006e-14
YGR088W,2.8139383889218577,20.784819189657192,True,-2.1316282072803006e-14
YGR175C,2.8139383889218577,20.784819189657192,True,-2.1316282072803006e-14
YOL033W,2.8139383889218554,20.784819189657192,True,-2.1316282072803006e-14
YGL077C,2.8139383889218696,20.784819189657192,True,-2.1316282072803006e-14
YGL080W,2.813938388921866,20.784819189657192,True,-2.1316282072803006e-14
YOL126C,2.8139383889218754,20.784819189657192,True,-2.1316282072803006e-14
YBR293W,2.8139383889218736,20.784819189657192,True,-2.1316282072803006e-14
YBR265W,2.813938388921871,20.784819189657192,True,-2.1316282072803006e-14
YMR099C,2.81393838892187,20.784819189657192,True,-2.1316282072803006e-14
YDR109C,2.813938388921843,20.784819189657192,True,-2.1316282072803006e-14
YDR058C,2.813938388921868,20.784819189657192,True,-2.1316282072803006e-14
YCR024C,2.8139383889218705,20.784819189657192,True,-2.1316282072803006e-14
YCL052C,2.813938388921857,20.784819189657192,True,-2.1316282072803006e-14
YFL054C,2.8139383889218683,20.784819189657192,True,-2.1316282072803006e-14
YKR061W,2.8139383889218856,20.784819189657192,True,-2.1316282072803006e-14
YMR009W,2.813938388921861,20.784819189657192,True,-2.1316282072803006e-14
YIL013C,2.8139383889218776,20.784819189657192,True,-2.1316282072803006e-14
YIL010W,2.8139383889218723,20.784819189657192,True,-2.1316282072803006e-14
YGR256W,2.813938388921872,20.784819189657192,True,-2.1316282072803006e-14
YGR254W,2.8139383889218683,20.784819189657192,True,-2.1316282072803006e-14
YHL003C,2.8139383889218594,20.784819189657192,True,-2.1316282072803006e-14
YGR248W,2.813938388921862,20.784819189657192,True,-2.1316282072803006e-14
YLR447C,2.8139383889218688,20.784819189657192,True,-2.1316282072803006e-14
YKL103C,2.813938388921866,20.784819189657192,True,-2.1316282072803006e-14
YER056C,2.813938388921862,20.784819189657192,True,-2.1316282072803006e-14
YLR304C,2.813938388921862,20.784819189657192,True,-2.1316282072803006e-14
YGR180C,2.81393838892187,20.784819189657192,True,-2.1316282072803006e-14
YER060W-A,2.813938388921862,20.784819189657192,True,-2.1316282072803006e-14
YDR399W,2.81393838892187,20.784819189657192,True,-2.1316282072803006e-14
YAL060W,2.813938388921871,20.784819189657192,True,-2.1316282072803006e-14
YBL011W,2.813938388921868,20.784819189657192,True,-2.1316282072803006e-14
YBL033C,2.8139383889218648,20.784819189657192,True,-2.1316282072803006e-14
YOR180C,2.8139383889218594,20.78481918965719,True,-2.4868995751603507e-14
YOR283W,2.813938388921853,20.78481918965719,True,-2.4868995751603507e-14
YPL069C,2.813938388921803,20.78481918965719,True,-2.4868995751603507e-14
YBR004C,2.8139383889218603,20.78481918965719,True,-2.4868995751603507e-14
YOL152W,2.813938388921871,20.78481918965719,True,-2.4868995751603507e-14
YDR300C,2.8139383889218714,20.78481918965719,True,-2.4868995751603507e-14
YLR174W,2.8139383889218577,20.78481918965719,True,-2.4868995751603507e-14
YGL202W,2.8139383889218683,20.78481918965719,True,-2.4868995751603507e-14
YKL148C,2.8139383889218714,20.78481918965719,True,-2.4868995751603507e-14
YPL110C,2.8139383889218856,20.78481918965719,True,-2.4868995751603507e-14
YOR377W,2.813938388921855,20.78481918965719,True,-2.4868995751603507e-14
YHR116W,2.8139383889219287,20.78481918965719,True,-2.4868995751603507e-14
YMR289W,2.813938388921864,20.78481918965719,True,-2.4868995751603507e-14
YDL174C,2.8139383889218803,20.78481918965719,True,-2.4868995751603507e-14
YDL171C,2.8139383889218723,20.78481918965719,True,-2.4868995751603507e-14
YLL012W,2.8139383889219056,20.78481918965719,True,-2.4868995751603507e-14
YNR056C,2.8139383889218603,20.78481918965719,True,-2.4868995751603507e-14
YJR051W,2.813938388921871,20.78481918965719,True,-2.4868995751603507e-14
YLR109W,2.8139383889218696,20.784819189657185,True,-2.842170943040401e-14
YGR227W,2.8139383889218625,20.784819189657185,True,-2.842170943040401e-14
YFL001W,2.813938388921868,20.784819189657185,True,-2.842170943040401e-14
YER170W,2.8139383889218634,20.784819189657185,True,-2.842170943040401e-14
YGL065C,2.8139383889218776,20.784819189657185,True,-2.842170943040401e-14
YML075C,2.8139383889218745,20.784819189657185,True,-2.842170943040401e-14
YJR158W,2.813938388921866,20.784819189657185,True,-2.842170943040401e-14
YBR084W,2.8139383889218617,20.784819189657185,True,-2.842170943040401e-14
YLR351C,2.813938388921855,20.784819189657185,True,-2.842170943040401e-14
YMR207C,2.8139383889218648,20.784819189657185,True,-2.842170943040401e-14
YPL244C,2.813938388921862,20.784819189657185,True,-2.842170943040401e-14
YGL008C,2.81393838892187,20.784819189657185,True,-2.842170943040401e-14
YGL001C,2.81393838892187,20.784819189657185,True,-2.842170943040401e-14
YDL052C,2.8139383889218705,20.784819189657185,True,-2.842170943040401e-14
YNL333W,2.8139383889218563,20.784819189657185,True,-2.842170943040401e-14
YNL009W,2.813938388921864,20.784819189657185,True,-2.842170943040401e-14
YFL061W,2.813938388921867,20.784819189657185,True,-2.842170943040401e-14
YAL039C,2.8139383889218585,20.78481918965718,True,-3.197442310920451e-14
YKR076W,2.8139383889218785,20.78481918965718,True,-3.197442310920451e-14
YNR057C,2.8139383889218728,20.78481918965718,True,-3.197442310920451e-14
YCL004W,2.813938388921869,20.78481918965718,True,-3.197442310920451e-14
YLL051C,2.8139383889218816,20.78481918965718,True,-3.197442310920451e-14
YNL038W,2.813938388921856,20.78481918965718,True,-3.197442310920451e-14
YNL106C,2.81393838892187,20.78481918965718,True,-3.197442310920451e-14
YNL334C,2.81393838892186,20.78481918965718,True,-3.197442310920451e-14
YML035C,2.813938388921868,20.78481918965718,True,-3.197442310920451e-14
YCR010C,2.813938388921877,20.78481918965718,True,-3.197442310920451e-14
YLR056W,2.813938388921868,20.78481918965718,True,-3.197442310920451e-14
YIL111W,2.8139383889218723,20.78481918965718,True,-3.197442310920451e-14
YBR192W,2.813938388921868,20.78481918965718,True,-3.197442310920451e-14
YMR301C,2.8139383889218745,20.78481918965718,True,-3.197442310920451e-14
YDR039C,2.813938388921862,20.78481918965718,True,-3.197442310920451e-14
YDR408C,2.8139383889218683,20.784819189657178,True,-3.552713678800501e-14
YDR402C,2.8139383889218657,20.784819189657178,True,-3.552713678800501e-14
YLR410W,2.813938388921856,20.784819189657178,True,-3.552713678800501e-14
YFL030W,2.8139383889218674,20.784819189657178,True,-3.552713678800501e-14
YLR017W,2.813938388921873,20.784819189657178,True,-3.552713678800501e-14
YNL101W,2.81393838892185,20.784819189657178,True,-3.552713678800501e-14
YDR321W,2.8139383889218728,20.784819189657178,True,-3.552713678800501e-14
YOR332W,2.8139383889218634,20.784819189657178,True,-3.552713678800501e-14
YDR315C,2.8139383889218648,20.784819189657174,True,-3.907985046680551e-14
YLR377C,2.8139383889218648,20.784819189657174,True,-3.907985046680551e-14
YGL225W,2.813938388921866,20.784819189657174,True,-3.907985046680551e-14
YJR110W,2.8139383889218683,20.784819189657174,True,-3.907985046680551e-14
YBR069C,2.8139383889218625,20.784819189657174,True,-3.907985046680551e-14
YGR287C,2.813938388921817,20.784819189657174,True,-3.907985046680551e-14
YDL219W,2.8139383889218657,20.784819189657174,True,-3.907985046680551e-14
YAL012W,2.813938388921859,20.784819189657174,True,-3.907985046680551e-14
YHR201C,2.8139383889218683,20.784819189657174,True,-3.907985046680551e-14
YPR118W,2.8139383889218705,20.784819189657174,True,-3.907985046680551e-14
YGR154C,2.8139383889218625,20.78481918965717,True,-4.263256414560601e-14
YKR058W,2.8139383889218585,20.78481918965717,True,-4.263256414560601e-14
YML059C,2.813938388921864,20.78481918965717,True,-4.263256414560601e-14
YOR161C,2.8139383889218563,20.78481918965717,True,-4.263256414560601e-14
YDR178W,2.8139383889218728,20.78481918965717,True,-4.263256414560601e-14
YPL060W,2.8139383889218563,20.78481918965717,True,-4.263256414560601e-14
YIL145C,2.8139383889218643,20.78481918965717,True,-4.263256414560601e-14
YFR021W,2.813938388921865,20.78481918965717,True,-4.263256414560601e-14
YBR166C,2.813938388921865,20.78481918965717,True,-4.263256414560601e-14
YAR035W,2.8139383889218594,20.78481918965717,True,-4.263256414560601e-14
YBR058C-A,2.8139383889218617,20.784819189657167,True,-4.618527782440651e-14
YKL215C,2.813938388921869,20.784819189657167,True,-4.618527782440651e-14
YER174C,2.8139383889218617,20.784819189657167,True,-4.618527782440651e-14
YER053C,2.8139383889218776,20.784819189657167,True,-4.618527782440651e-14
YDR135C,2.8139383889218688,20.784819189657167,True,-4.618527782440651e-14
YLR240W,2.8139383889218625,20.784819189657167,True,-4.618527782440651e-14
YDL022W,2.813938388921858,20.784819189657163,True,-4.973799150320701e-14
YJR137C,2.813938388921871,20.784819189657163,True,-4.973799150320701e-14
YHR091C,2.8139383889222276,20.784819189657163,True,-4.973799150320701e-14
YMR241W,2.8139383889218537,20.784819189657163,True,-4.973799150320701e-14
YKL035W,2.8139383889218785,20.784819189657163,True,-4.973799150320701e-14
YIL099W,2.8139383889218594,20.784819189657163,True,-4.973799150320701e-14
YGR289C,2.813938388921861,20.784819189657163,True,-4.973799150320701e-14
YDR191W,2.813938388921875,20.784819189657163,True,-4.973799150320701e-14
YLL015W,2.813938388921869,20.784819189657163,True,-4.973799150320701e-14
YLR432W,2.813938388921853,20.784819189657163,True,-4.973799150320701e-14
YNR012W,2.8139383889218847,20.78481918965716,True,-5.3290705182007514e-14
YOL055C,2.8139383889218643,20.78481918965716,True,-5.3290705182007514e-14
YGL154C,1.5179130126377103,20.78481918965716,True,-5.3290705182007514e-14
YMR165C,2.813938388921862,20.78481918965716,True,-5.3290705182007514e-14
YMR041C,2.8139383889218683,20.78481918965716,True,-5.3290705182007514e-14
YNL292W,2.8139383889218634,20.78481918965716,True,-5.3290705182007514e-14
YOR209C,2.813938388921866,20.78481918965716,True,-5.3290705182007514e-14
YDR453C,2.8139383889218714,20.784819189657156,True,-5.684341886080802e-14
YAL054C,2.8139383889218594,20.784819189657156,True,-5.684341886080802e-14
YOR321W,2.81393838892187,20.784819189657156,True,-5.684341886080802e-14
YBR038W,2.8139383889218594,20.784819189657156,True,-5.684341886080802e-14
YJL139C,2.8139383889218643,20.784819189657156,True,-5.684341886080802e-14
YOR347C,2.813938388921865,20.784819189657156,True,-5.684341886080802e-14
YBR011C,2.8139383889218643,20.784819189657156,True,-5.684341886080802e-14
YOR155C,2.8139383889218648,20.784819189657156,True,-5.684341886080802e-14
YPL057C,2.8139383889219483,20.784819189657153,True,-6.039613253960852e-14
YPL134C,2.8139383889218696,20.784819189657153,True,-6.039613253960852e-14
YDR127W,2.813938388921865,20.784819189657153,True,-6.039613253960852e-14
YKL094W,2.813938388921872,20.784819189657153,True,-6.039613253960852e-14
YHR215W,2.81393838892188,20.784819189657153,True,-6.039613253960852e-14
YPL234C,2.813938388921877,20.784819189657153,True,-6.039613253960852e-14
YDR268W,2.813938388921868,20.784819189657153,True,-6.039613253960852e-14
YLR172C,2.813938388921861,20.784819189657153,True,-6.039613253960852e-14
YLR180W,2.813938388921862,20.784819189657153,True,-6.039613253960852e-14
YBR196C,2.8139383889218594,20.784819189657153,True,-6.039613253960852e-14
YLR070C,2.813938388921868,20.784819189657153,True,-6.039613253960852e-14
YLL048C,2.813938388921865,20.784819189657153,True,-6.039613253960852e-14
YMR011W,2.8139383889218594,20.78481918965715,True,-6.394884621840902e-14
YPR060C,2.8139383889218537,20.78481918965715,True,-6.394884621840902e-14
YHR042W,2.813938388921878,20.78481918965715,True,-6.394884621840902e-14
YBR023C,2.813938388921866,20.78481918965715,True,-6.394884621840902e-14
YML123C,2.813938388921872,20.78481918965715,True,-6.394884621840902e-14
YCR075C,2.8139383889218648,20.78481918965715,True,-6.394884621840902e-14
YNL267W,2.8139383889218608,20.78481918965715,True,-6.394884621840902e-14
YPL281C,2.813938388921869,20.784819189657146,True,-6.750155989720952e-14
YDR036C,2.8139383889218683,20.784819189657142,True,-7.105427357601002e-14
YBR046C,2.8139383889218657,20.784819189657142,True,-7.105427357601002e-14
YOL020W,2.8139383889218683,20.784819189657142,True,-7.105427357601002e-14
YDL093W,2.813938388921868,20.78481918965714,True,-7.460698725481052e-14
YCL009C,2.813938388921865,20.78481918965714,True,-7.460698725481052e-14
YKL146W,2.8139383889218794,20.78481918965714,True,-7.460698725481052e-14
YOR393W,2.813938388921878,20.784819189657135,True,-7.815970093361102e-14
YIL023C,2.8139383889218648,20.784819189657135,True,-7.815970093361102e-14
YDL245C,2.813938388921864,20.784819189657135,True,-7.815970093361102e-14
YPL175W,2.813938388921866,20.784819189657135,True,-7.815970093361102e-14
YHL036W,2.813938388921864,20.784819189657135,True,-7.815970093361102e-14
YMR202W,2.8139383889218683,20.784819189657135,True,-7.815970093361102e-14
YNL316C,2.813938388921858,20.784819189657135,True,-7.815970093361102e-14
YKR053C,2.8139383889218768,20.784819189657135,True,-7.815970093361102e-14
YHR044C,2.8139383889218696,20.784819189657135,True,-7.815970093361102e-14
YKL080W,2.813938388921862,20.784819189657135,True,-7.815970093361102e-14
YAL022C,2.8139383889218594,20.78481918965713,True,-8.171241461241152e-14
YMR261C,2.813938388921855,20.78481918965713,True,-8.171241461241152e-14
YBR127C,2.8139383889218625,20.78481918965713,True,-8.171241461241152e-14
YOR011W,2.8139383889218683,20.78481918965713,True,-8.171241461241152e-14
YMR056C,2.8139383889218714,20.784819189657128,True,-8.526512829121202e-14
YFL060C,2.8139383889218883,20.784819189657128,True,-8.526512829121202e-14
YOR128C,2.813938388921862,20.784819189657124,True,-8.881784197001252e-14
YOR334W,2.8139383889218657,20.784819189657124,True,-8.881784197001252e-14
YHR043C,2.8139383889217893,20.784819189657124,True,-8.881784197001252e-14
YPL059W,2.8139383889218577,20.784819189657124,True,-8.881784197001252e-14
YBR204C,2.8139383889218714,20.784819189657124,True,-8.881784197001252e-14
YDR040C,2.81393838892187,20.78481918965712,True,-9.237055564881302e-14
YBL013W,2.8139383889218603,20.784819189657114,True,-9.947598300641403e-14
YOR317W,2.81393838892187,20.784819189657114,True,-9.947598300641403e-14
YLR244C,2.8139383889218603,20.78481918965711,True,-1.0302869668521453e-13
YKL069W,2.8139383889218648,20.784819189657107,True,-1.0658141036401503e-13
YBR149W,2.8139383889218603,20.784819189657107,True,-1.0658141036401503e-13
YGR194C,2.8139383889218688,20.784819189657103,True,-1.1013412404281553e-13
YCL069W,2.813938388921865,20.784819189657103,True,-1.1013412404281553e-13
YLR044C,2.8139383889218625,20.784819189657103,True,-1.1013412404281553e-13
YOR190W,2.813938388921857,20.7848191896571,True,-1.1368683772161603e-13
YHL018W,2.81393838892187,20.7848191896571,True,-1.1368683772161603e-13
YKR052C,2.8139383889218723,20.7848191896571,True,-1.1368683772161603e-13
YOR348C,2.813938388921872,20.7848191896571,True,-1.1368683772161603e-13
YKL140W,2.8139383889218648,20.784819189657096,True,-1.1723955140041653e-13
YFR019W,2.813938388921906,20.784819189657096,True,-1.1723955140041653e-13
YLL061W,2.8139383889218856,20.784819189657092,True,-1.2079226507921703e-13
YGR062C,2.8139383889218643,20.78481918965709,True,-1.2434497875801753e-13
YFR044C,2.813938388921877,20.78481918965708,True,-1.3145040611561853e-13
YNL036W,2.813938388921859,20.78481918965708,True,-1.3145040611561853e-13
YOR381W,2.813938388921875,20.784819189657078,True,-1.3500311979441904e-13
YNL220W,2.8139383889218488,20.784819189657075,True,-1.3855583347321954e-13
YFL055W,2.813938388921858,20.78481918965707,True,-1.4210854715202004e-13
YKL211C,2.8139383889218643,20.784819189657064,True,-1.4921397450962104e-13
YPL076W,2.813938388921856,20.784819189657057,True,-1.5631940186722204e-13
YDR287W,2.813938388921866,20.78481918965705,True,-1.6342482922482304e-13
YLR138W,2.813938388921865,20.784819189657025,True,-1.8829382497642655e-13
YHL016C,2.8139383889218736,20.784819189657014,True,-1.9895196601282805e-13
YOR143C,2.8139383604867056,20.784818970877946,True,-2.187792667029953e-07
YDL024C,2.8139382467460776,20.784818095761057,True,-1.0938961558792926e-06
YDL100C,2.8139380884570233,20.784816877890005,True,-2.3117672078853957e-06
YPR058W,2.8139335225747555,20.784795976889864,True,-2.3212767349178876e-05
YHR144C,2.8139042671429633,20.7845566545921,True,-0.00026253506511153546
YCR028C,2.813822817720627,20.784267886412593,True,-0.0005513032446202715
YDL166C,2.8138530860261426,20.784162851994314,True,-0.0006563376628996309
YLR058C,2.813116571902668,20.78385903473214,True,-0.0009601549250746189
YGR204W,2.813479192672145,20.782494639998344,True,-0.0023245496588693015
YDR353W,2.811956790877425,20.78237498813692,True,-0.0024442015202943423
YBL015W,2.813938388921865,20.78216314888975,True,-0.0026560407674622866
YOR374W,2.813938388921867,20.782163148889747,True,-0.0026560407674658393
YEL046C,2.813938388921868,20.782163148889737,True,-0.0026560407674764974
YOR306C,2.8131872093498442,20.780175090260933,True,-0.00464409939628041
YJR025C,2.813334701136558,20.777872917213234,True,-0.006946272443979495
YFR047C,2.8133347011364913,20.77787291721318,True,-0.006946272444032786
YBL098W,2.813334701136609,20.77787291721314,True,-0.006946272444071866
YJR078W,2.8133347011365313,20.777872917213127,True,-0.006946272444086077
YDR428C,2.813334701136539,20.777872917213127,True,-0.006946272444086077
YLR231C,2.813334701136557,20.777872917213113,True,-0.006946272444100288
YLR209C,2.8129775796142726,20.777424228422337,True,-0.007394961234876263
YOR175C,2.812492758999743,20.77617420887033,True,-0.008644980786883139
YHR208W,1.589296786583237,20.772544571739772,True,-0.012274617917441333
YER015W,2.8137378971276648,20.763840785697713,True,-0.020978403959500014
YJR105W,2.8124590580416164,20.760878822805083,True,-0.023940366852130524
YDR380W,2.8136904092763824,20.758703561976855,True,-0.026115627680358244
YPL147W,2.813684510443735,20.758260530244467,True,-0.026558659412746266
YKL188C,2.81368451044374,20.75826053024433,True,-0.026558659412884822
YLR027C,2.2488720481442668,20.754308282561567,True,-0.03051090709564619
YJL121C,2.8139383889218594,20.75301590306232,True,-0.03180328659489362
YDR050C,2.8139383889218634,20.73678591545438,True,-0.0480332742028331
YPR128C,2.8136180074139117,20.73388155888642,True,-0.05093763077079316
YBR291C,2.813938388921862,20.733329344809828,True,-0.05148984484738506
YMR205C,2.813938388921861,20.731986436594465,True,-0.052832753062748594
YKL060C,2.8139383889218674,20.73198643659442,True,-0.05283275306279478
YGR240C,2.8139383889218736,20.731986436594404,True,-0.05283275306280899
YER065C,2.8139383889218723,20.730257373787087,True,-0.05456181587012665
YCR005C,2.8134030059636634,20.728876779098595,True,-0.05594241055861815
YPR127W,2.8098980285228525,20.722646380866475,True,-0.06217280879073783
YNR027W,2.809898028522858,20.722646380866465,True,-0.06217280879074849
YJL097W,2.800432116394314,20.72034194462834,True,-0.06447724502887198
YBR159W,2.800432116394322,20.72034194462826,True,-0.06447724502895369
YDL015C,2.800432116394296,20.72034194462823,True,-0.06447724502898211
YCR034W,2.8004321163943553,20.72034194462804,True,-0.06447724502917396
YPR011C,2.813200083391494,20.67571555111838,True,-0.10910363853883354
YPL148C,2.8132000833914956,20.675715551118298,True,-0.10910363853891525
YOL064C,2.813200083391484,20.675715551118223,True,-0.10910363853898986
YPR006C,2.813199675564124,20.675712446203722,True,-0.10910674345349136
YPR001W,2.813199675564115,20.675712446203647,True,-0.10910674345356597
YPR002W,2.813199675564103,20.675712446203597,True,-0.1091067434536157
YOR142W,2.7839690326992206,20.675194439566077,True,-0.10962475009113604
YGR244C,2.7839690326992264,20.67519443956607,True,-0.10962475009114314
YGR277C,2.8131073335019363,20.67501632262954,True,-0.10980286702767472
YGR193C,2.758061049331119,20.6698942990588,True,-0.11492489059841304
YBR221C,2.7580610493311206,20.66989429905849,True,-0.11492489059872213
YER178W,2.7580610493311095,20.669894299058317,True,-0.11492489059889621
YNL071W,2.7580610493311095,20.66989429905822,True,-0.11492489059899214
YDR148C,2.7839688769889617,20.665948208476532,True,-0.11887098118068096
YIL125W,2.783968876988962,20.66594820847637,True,-0.11887098118084438
YBR021W,2.795258781105436,20.644049802586988,True,-0.14076938707022535
YDL215C,2.813938388921874,20.574951557876258,True,-0.20986763178095558
YFL018C,2.7580610493311086,20.564236400731406,True,-0.22058278892580674
YDR256C,2.811742733803833,20.556951765849014,True,-0.22786742380819902
YIL166C,2.7974131883331417,20.517514319160036,True,-0.26730487049717766
YMR267W,2.780891371028842,20.495810425509813,True,-0.2890087641474004
YPL111W,2.813938388921873,20.486579405093718,True,-0.29823978456349565
YLR438W,2.8139383889218603,20.48657940509371,True,-0.29823978456350275
YBR208C,2.8139383889218683,20.48657940509368,True,-0.2982397845635347
YER023W,2.7805405630198847,20.486579405093593,True,-0.29823978456362
YOR136W,2.798458691313683,20.410776645745866,True,-0.3740425439113473
YNL037C,2.7984586913136873,20.41077664574573,True,-0.3740425439114823
YKL029C,2.786336872208548,20.352861101607303,True,-0.4319580880499103
YHR037W,2.8139383889218643,20.186087585169382,True,-0.5987316044878312
YLR142W,2.813938388921856,20.186087585169307,True,-0.5987316044879059
YLL041C,2.76639887584038,19.992280954899524,True,-0.7925382347576893
YKL141W,2.766398875840386,19.992280954899396,True,-0.7925382347578172
YLR011W,2.813938388921844,19.787979892780974,True,-0.9968392968762387
YPL262W,2.755344797061503,19.70036463605978,True,-1.084454553597432
YGL186C,2.741872563625743,19.6890072371353,True,-1.0958119525219132
YKR009C,2.801430366285683,19.53924743296534,True,-1.2455717566918736
YIL160C,2.8014303662856777,19.539247432965297,True,-1.2455717566919162
YDL078C,2.8014303662856714,19.539247432965293,True,-1.2455717566919198
YGL205W,2.8014303662856754,19.539247432965247,True,-1.245571756691966
YCR012W,2.7381485069762994,19.232323751332594,True,-1.5524954383246197
YEL047C,2.813938388921874,19.218752629912647,True,-1.5660665597445664
YBR041W,2.607990713144762,18.080801566600265,True,-2.7040176230569486
YDR044W,2.9683585401233934e-14,0.0,False,-20.784819189657213
YDR047W,0.0,0.0,False,-20.784819189657213
YFL045C,0.0,0.0,False,-20.784819189657213
YJR148W,1.3792217172001637,0.0,False,-20.784819189657213
YDR232W,0.0,0.0,False,-20.784819189657213
YDR196C,-3.9508749758399916e-12,0.0,False,-20.784819189657213
YDR074W,0.0,0.0,False,-20.784819189657213
YMR220W,0.0,0.0,False,-20.784819189657213
YPR165W,0.0,0.0,False,-20.784819189657213
Q0105,0.5538747373563567,0.0,False,-20.784819189657213
Q0080,1.0609167225714513,0.0,False,-20.784819189657213
YPR191W,0.553874737356359,0.0,False,-20.784819189657213
Q0085,1.0609167225714489,0.0,False,-20.784819189657213
YPR113W,-6.808581552393002e-31,0.0,False,-20.784819189657213
YHR001W-A,0.5538747373563563,0.0,False,-20.784819189657213
YHR019C,0.0,0.0,False,-20.784819189657213
YHR020W,0.0,0.0,False,-20.784819189657213
YHR074W,3.860722945990226e-12,0.0,False,-20.784819189657213
YPR020W,1.060916722571452,0.0,False,-20.784819189657213
YPL117C,-1.3956218237507754e-12,0.0,False,-20.784819189657213
YPR033C,0.0,0.0,False,-20.784819189657213
YPL160W,0.0,0.0,False,-20.784819189657213
YPL172C,3.235916651529046e-29,0.0,False,-20.784819189657213
Q0275,0.5508216588212504,0.0,False,-20.784819189657213
Q0250,0.5508216588212517,0.0,False,-20.784819189657213
Q0130,1.060916722571441,0.0,False,-20.784819189657213
YNL247W,0.0,0.0,False,-20.784819189657213
YMR208W,0.0,0.0,False,-20.784819189657213
YMR217W,0.0,0.0,False,-20.784819189657213
YKL024C,1.2943204016668154e-30,0.0,False,-20.784819189657213
YKL016C,1.0609167225714455,0.0,False,-20.784819189657213
YDL141W,6.655996465505564e-32,0.0,False,-20.784819189657213
YDL205C,1.6519337049219804e-14,0.0,False,-20.784819189657213
YDR037W,0.0,0.0,False,-20.784819189657213
YPL028W,-2.80831247415155e-31,0.0,False,-20.784819189657213
YFR033C,0.5538747373563584,0.0,False,-20.784819189657213
YGL040C,-1.6515735523025267e-31,0.0,False,-20.784819189657213
YGL055W,0.0,0.0,False,-20.784819189657213
YGL009C,1.379221717200164,0.0,False,-20.784819189657213
YPR183W,0.0,0.0,False,-20.784819189657213
YML126C,0.0,0.0,False,-20.784819189657213
YMR113W,0.0,0.0,False,-20.784819189657213
YDL067C,0.5508216588212502,0.0,False,-20.784819189657213
YDL055C,0.0,0.0,False,-20.784819189657213
YDL045C,-9.040853513504428e-11,0.0,False,-20.784819189657213
YGL245W,0.0,0.0,False,-20.784819189657213
YJL167W,0.0,0.0,False,-20.784819189657213
YJL166W,0.5538747373563597,0.0,False,-20.784819189657213
YJL101C,0.0,0.0,False,-20.784819189657213
YNL256W,0.0,0.0,False,-20.784819189657213
YCL018W,1.3792217172001637,0.0,False,-20.784819189657213
YDR341C,-5.136720075012859e-16,0.0,False,-20.784819189657213
YDR298C,1.0609167225714493,0.0,False,-20.784819189657213
YDR322C-A,1.0609167225714513,0.0,False,-20.784819189657213
YFL017C,0.0,0.0,False,-20.784819189657213
YKR072C,1.3456107928762572e-12,0.0,False,-20.784819189657213
YFL022C,0.0,0.0,False,-20.784819189657213
YLL018C,0.0,0.0,False,-20.784819189657213
YNR043W,0.0,0.0,False,-20.784819189657213
YNR016C,0.0,0.0,False,-20.784819189657213
YDL103C,0.0,0.0,False,-20.784819189657213
YGR094W,0.0,0.0,False,-20.784819189657213
YOL049W,-1.0607902351011943e-15,0.0,False,-20.784819189657213
YGR157W,-8.472688422484227e-31,0.0,False,-20.784819189657213
YOL077W-A,1.0609167225714515,0.0,False,-20.784819189657213
YLR295C,1.0609167225714524,0.0,False,-20.784819189657213
YDL004W,1.0609167225714524,0.0,False,-20.784819189657213
YNL275W,0.0,0.0,False,-20.784819189657213
YJR121W,1.0609167225714544,0.0,False,-20.784819189657213
YJR073C,1.5825583721207703e-45,0.0,False,-20.784819189657213
YKL104C,0.0,0.0,False,-20.784819189657213
YKL088W,-5.177331819413148e-12,0.0,False,-20.784819189657213
YKL067W,1.4794418114893415e-16,0.0,False,-20.784819189657213
YKR039W,2.7296277752537336e-32,0.0,False,-20.784819189657213
YKR067W,5.071666517787141e-44,0.0,False,-20.784819189657213
YDR377W,1.0609167225714464,0.0,False,-20.784819189657213
YML081C-A,1.0609167225714653,0.0,False,-20.784819189657213
YBR126C,0.0,0.0,False,-20.784819189657213
YLR060W,0.0,0.0,False,-20.784819189657213
YIL078W,0.0,0.0,False,-20.784819189657213
YOL122C,0.0,0.0,False,-20.784819189657213
YOL097C,0.0,0.0,False,-20.784819189657213
YDR529C,0.5538747373563588,0.0,False,-20.784819189657213
YDR454C,0.0,0.0,False,-20.784819189657213
YER043C,7.907132858181344e-16,0.0,False,-20.784819189657213
YEL024W,0.5538747373563546,0.0,False,-20.784819189657213
YER003C,0.0,0.0,False,-20.784819189657213
YEL058W,0.0,0.0,False,-20.784819189657213
YER014W,1.1807041642523654e-12,0.0,False,-20.784819189657213
YER026C,-4.662966382263729e-31,0.0,False,-20.784819189657213
YOR095C,1.8454577974430876e-13,0.0,False,-20.784819189657213
YOR074C,0.0,0.0,False,-20.784819189657213
YOR065W,0.5538747373061832,0.0,False,-20.784819189657213
YOR054C,1.3456107928776411e-12,0.0,False,-20.784819189657213
YOL130W,0.0,0.0,False,-20.784819189657213
YGR267C,0.0,0.0,False,-20.784819189657213
YGR185C,0.0,0.0,False,-20.784819189657213
YDR531W,-1.0911983600477947e-12,0.0,False,-20.784819189657213
YOR278W,0.0,0.0,False,-20.784819189657213
YOR236W,0.0,0.0,False,-20.784819189657213
YOR176W,0.0,0.0,False,-20.784819189657213
YOR168W,0.0,0.0,False,-20.784819189657213
YIL083C,-7.176590895363132e-12,0.0,False,-20.784819189657213
YGR183C,0.5538747373563577,0.0,False,-20.784819189657213
YGR264C,0.0,0.0,False,-20.784819189657213
YOR335C,0.0,0.0,False,-20.784819189657213
YBR039W,1.0609167225714502,0.0,False,-20.784819189657213
YBR029C,-5.177644169807978e-15,0.0,False,-20.784819189657213
YPL271W,1.060916722571454,0.0,False,-20.784819189657213
YBL099W,1.0609167225714486,0.0,False,-20.784819189657213
YBL076C,0.0,0.0,False,-20.784819189657213
YPL078C,1.0609167225977905,0.0,False,-20.784819189657213
YBL045C,0.5538747373563595,0.0,False,-20.784819189657213
Q0045,0.5508216588212527,0.0,False,-20.784819189657213
