gene,growth,obligatory_succinate,gain_over_quadruple
YPR058W,0.7791361160934716,0.08334517033868881,0.023530041060666536
YBL015W,0.7754880463308765,0.08310212711843917,0.0232869978404169
YKR080W,0.7711849964525721,0.07153940332442586,0.011724274046403589
YLR058C,0.7610117103914905,0.07044930443186528,0.01063417515384301
YHR002W,0.7648038679458706,0.06991505568818886,0.010099926410166583
YGR208W,0.7345561575327724,0.06866662875174649,0.008851499473724218
YOR184W,0.7345561575327652,0.06866662875159164,0.00885149947356937
YMR205C,0.7778245663713123,0.06492024012164149,0.005105110843619219
YKL060C,0.7778245663712959,0.06492024012145094,0.005105110843428663
YGR240C,0.7778245663712801,0.06492024012114321,0.005105110843120937
YFL018C,0.7551078973745742,0.06364754744599979,0.003832418167977518
YNL071W,0.7551078973745753,0.06364754744587861,0.003832418167856337
YGR193C,0.7551078973745704,0.06364754744578308,0.0038324181677608024
YBR221C,0.755107897374576,0.06364754744569971,0.0038324181676774385
YER178W,0.7551078973745602,0.06364754744555833,0.0038324181675360516
YDR050C,0.7787807122646689,0.062277098092776845,0.0024619688147545712
YPR021C,0.7219925941907592,0.06148407019085465,0.0016689409128323798
YJR095W,0.7791407726485735,0.06098909701859304,0.0011739677405707694
YCR012W,0.7043142939127436,0.059848049518668255,3.292024064598109e-05
YBR192W,0.7791407833537266,0.059815129278918286,8.960124309176365e-13
YBR180W,0.7791407833537266,0.059815129278918286,8.960124309176365e-13
YBR183W,0.7791407833537266,0.059815129278918286,8.960124309176365e-13
YJL091C,0.7791407833537173,0.05981512927883285,8.105738302788268e-13
YOR067C,0.7791407833537131,0.05981512927863112,6.088463067044358e-13
YMR272C,0.7791407833537128,0.05981512927860072,5.784470125114183e-13
YMR281W,0.7791407833537128,0.05981512927860072,5.784470125114183e-13
YMR278W,0.7791407833537128,0.05981512927860072,5.784470125114183e-13
YOL086C,0.7791407833537121,0.0598151292785729,5.506289868506542e-13
YHR137W,0.7791407833537008,0.05981512927847389,4.5161790973580196e-13
YPR074C,0.7791407833537046,0.05981512927846296,4.4068915183714807e-13
YBR006W,0.7791407833537061,0.059815129278432196,4.099220962672234e-13
YJL129C,0.7791407833536983,0.05981512927842948,4.072089887507957e-13
YGL027C,0.7791407833537071,0.05981512927840824,3.8596903451093567e-13
YHR162W,0.7791407833537023,0.05981512927839522,3.729447306533018e-13
YDL022W,0.7791407833536999,0.059815129278382444,3.601702269762086e-13
YBR038W,0.7791407833536987,0.059815129278371945,3.4967168049959696e-13
YBR035C,0.7791407833536987,0.059815129278371945,3.4967168049959696e-13
YBR036C,0.7791407833536987,0.059815129278371945,3.4967168049959696e-13
YEL027W,0.7791407833537035,0.05981512927836947,3.471944953759021e-13
YDR302W,0.7791407833536972,0.05981512927836844,3.461675390781238e-13
YGR019W,0.7791407833537021,0.05981512927836815,3.458761055341597e-13
YJL155C,0.779140783353688,0.05981512927833147,3.091971123581061e-13
YHR215W,0.7791407833536981,0.05981512927832669,3.04416214458314e-13
YBR132C,0.7791407833536974,0.05981512927831809,2.9581892491137296e-13
YDR343C,0.7791407833536993,0.05981512927831265,2.903788320907097e-13
YDR345C,0.7791407833536993,0.05981512927831265,2.903788320907097e-13
YDR352W,0.7791407833536993,0.05981512927831265,2.903788320907097e-13
YDR321W,0.7791407833536953,0.05981512927831198,2.897057593820307e-13
YDR305C,0.7791407833536953,0.05981512927831198,2.897057593820307e-13
YDR315C,0.7791407833536953,0.05981512927831198,2.897057593820307e-13
YLR092W,0.7791407833537047,0.05981512927830955,2.8727714651566316e-13
YLR089C,0.7791407833537047,0.05981512927830955,2.8727714651566316e-13
YLR081W,0.7791407833537047,0.05981512927830955,2.8727714651566316e-13
YNL318C,0.779140783353699,0.05981512927829819,2.7591817719496703e-13
YLR286C,0.7791407833537006,0.05981512927829306,2.707833957060757e-13
YLR245C,0.7791407833537006,0.05981512927829306,2.707833957060757e-13
YLR285W,0.7791407833537006,0.05981512927829306,2.707833957060757e-13
YLR284C,0.7791407833537006,0.05981512927829306,2.707833957060757e-13
YLR244C,0.7791407833537006,0.05981512927829306,2.707833957060757e-13
YLR240W,0.7791407833537006,0.05981512927829306,2.707833957060757e-13
YLR260W,0.7791407833537006,0.05981512927829306,2.707833957060757e-13
YLR258W,0.7791407833537006,0.05981512927829306,2.707833957060757e-13
YMR271C,0.7791407833537024,0.05981512927828442,2.621444727957112e-13
YDL042C,0.7791407833536959,0.05981512927828396,2.616865057980533e-13
YLL012W,0.7791407833537021,0.05981512927828131,2.5903584832676074e-13
YGR192C,0.7791407833537003,0.05981512927827944,2.571692858666097e-13
YDL171C,0.7791407833536971,0.059815129278279366,2.570929580336667e-13
YDL185W,0.7791407833536971,0.059815129278279366,2.570929580336667e-13
YDL198C,0.7791407833536971,0.059815129278279366,2.570929580336667e-13
YDL174C,0.7791407833536971,0.059815129278279366,2.570929580336667e-13
YDL182W,0.7791407833536971,0.059815129278279366,2.570929580336667e-13
YDL178W,0.7791407833536971,0.059815129278279366,2.570929580336667e-13
YNR012W,0.7791407833537011,0.05981512927827593,2.5365820555123264e-13
YMR303C,0.7791407833537004,0.0598151292782633,2.410294186461215e-13
YDL131W,0.7791407833536982,0.059815129278256295,2.340211358031752e-13
YBR084W,0.7791407833536929,0.05981512927824854,2.262634524186069e-13
YGL253W,0.7791407833537041,0.05981512927824322,2.2094825968821397e-13
YDR368W,0.7791407833536991,0.059815129278242576,2.203029425551506e-13
YMR298W,0.7791407833537015,0.05981512927824165,2.1937313077202703e-13
YPL087W,0.779140783353697,0.059815129278240106,2.1783269632535962e-13
YKR093W,0.7791407833537007,0.05981512927823913,2.168543122849087e-13
YMR207C,0.7791407833536987,0.05981512927823846,2.161881784701336e-13
YGL038C,0.7791407833537001,0.059815129278228844,2.065708715193182e-13
YIL155C,0.7791407833536981,0.059815129278228185,2.05911676598447e-13
YKL215C,0.7791407833537021,0.05981512927822771,2.054398318129813e-13
YER042W,0.7791407833537002,0.05981512927822609,2.0381613063946702e-13
YBR004C,0.7791407833536982,0.05981512927822494,2.0266427425141842e-13
YDL168W,0.7791407833536944,0.05981512927822297,2.0069362838270877e-13
YGR036C,0.7791407833537021,0.05981512927822137,1.990976827848101e-13
YGR012W,0.7791407833537021,0.05981512927822137,1.990976827848101e-13
YGR038W,0.7791407833537021,0.05981512927822137,1.990976827848101e-13
YGR055W,0.7791407833537021,0.05981512927822137,1.990976827848101e-13
YGR043C,0.7791407833537021,0.05981512927822137,1.990976827848101e-13
YGR032W,0.7791407833537021,0.05981512927822137,1.990976827848101e-13
YGR015C,0.7791407833537021,0.05981512927822137,1.990976827848101e-13
YGR046W,0.7791407833537021,0.05981512927822137,1.990976827848101e-13
YIR028W,0.7791407833536985,0.05981512927822136,1.990838049970023e-13
YIL160C,0.7791407833536985,0.05981512927822136,1.990838049970023e-13
YIR032C,0.7791407833536985,0.05981512927822136,1.990838049970023e-13
YIR027C,0.7791407833536985,0.05981512927822136,1.990838049970023e-13
YIR029W,0.7791407833536985,0.05981512927822136,1.990838049970023e-13
YIL162W,0.7791407833536985,0.05981512927822136,1.990838049970023e-13
YIL172C,0.7791407833536985,0.05981512927822136,1.990838049970023e-13
YIR031C,0.7791407833536985,0.05981512927822136,1.990838049970023e-13
YIL166C,0.7791407833536985,0.05981512927822136,1.990838049970023e-13
YBL064C,0.7791407833537024,0.059815129278215425,1.931510507091616e-13
YNR057C,0.7791407833537008,0.059815129278214814,1.9254042804561777e-13
YEL066W,0.7791407833536945,0.0598151292782124,1.9012569296705806e-13
YEL069C,0.7791407833536945,0.0598151292782124,1.9012569296705806e-13
YEL070W,0.7791407833536945,0.0598151292782124,1.9012569296705806e-13
YEL071W,0.7791407833536945,0.0598151292782124,1.9012569296705806e-13
YBR041W,0.779140783353699,0.05981512927821137,1.890987366692798e-13
YLR153C,0.7791407833537046,0.05981512927820987,1.8759993558603583e-13
YLR158C,0.7791407833537046,0.05981512927820987,1.8759993558603583e-13
YLR155C,0.7791407833537046,0.05981512927820987,1.8759993558603583e-13
YLR157C,0.7791407833537046,0.05981512927820987,1.8759993558603583e-13
YLR164W,0.7791407833537046,0.05981512927820987,1.8759993558603583e-13
YLR160C,0.7791407833537046,0.05981512927820987,1.8759993558603583e-13
YLR172C,0.7791407833537046,0.05981512927820987,1.8759993558603583e-13
YDL015C,0.7791407833536922,0.05981512927820669,1.844149832841424e-13
YLR180W,0.7791407833537006,0.059815129278203,1.8072349172726376e-13
YMR015C,0.7791407833536996,0.05981512927820095,1.7867651802561113e-13
YMR013C,0.7791407833536996,0.05981512927820095,1.7867651802561113e-13
YBR222C,0.779140783353691,0.05981512927819972,1.7744833380461955e-13
YDR539W,0.7791407833537022,0.059815129278196676,1.7440215938080428e-13
YEL017C-A,0.7791407833537022,0.059815129278196676,1.7440215938080428e-13
YDR536W,0.7791407833537022,0.059815129278196676,1.7440215938080428e-13
YEL006W,0.7791407833537022,0.059815129278196676,1.7440215938080428e-13
YEL004W,0.7791407833537022,0.059815129278196676,1.7440215938080428e-13
YDR538W,0.7791407833537022,0.059815129278196676,1.7440215938080428e-13
YMR011W,0.7791407833537004,0.05981512927819593,1.736596977330862e-13
YOL096C,0.7791407833536993,0.059815129278193664,1.7139067942650854e-13
YOL092W,0.7791407833536993,0.059815129278193664,1.7139067942650854e-13
YEL031W,0.7791407833536944,0.05981512927819311,1.7083556791419596e-13
YEL029C,0.7791407833536944,0.05981512927819311,1.7083556791419596e-13
YOL157C,0.7791407833536973,0.059815129278188384,1.6611018116563514e-13
YOR025W,0.7791407833536973,0.059815129278188384,1.6611018116563514e-13
YOL152W,0.7791407833536973,0.059815129278188384,1.6611018116563514e-13
YOR002W,0.7791407833536973,0.059815129278188384,1.6611018116563514e-13
YOL165C,0.7791407833536973,0.059815129278188134,1.6586038098509448e-13
YOL156W,0.7791407833536973,0.059815129278188134,1.6586038098509448e-13
YOR040W,0.7791407833536973,0.059815129278188134,1.6586038098509448e-13
YOR011W,0.7791407833536973,0.059815129278188134,1.6586038098509448e-13
YNL219C,0.7791407833537002,0.05981512927818767,1.653954750935327e-13
YNL202W,0.7791407833537002,0.05981512927818767,1.653954750935327e-13
YNL192W,0.7791407833537002,0.05981512927818767,1.653954750935327e-13
YNL191W,0.7791407833537002,0.05981512927818767,1.653954750935327e-13
YDR402C,0.7791407833536975,0.05981512927818272,1.6044804374004684e-13
YMR162C,0.7791407833537025,0.05981512927817323,1.5095563687950175e-13
YMR145C,0.7791407833537025,0.05981512927817323,1.5095563687950175e-13
YFL054C,0.7791407833536975,0.059815129278172806,1.505323643513634e-13
YFL055W,0.7791407833536975,0.059815129278172806,1.505323643513634e-13
YDL040C,0.77914078335369,0.05981512927817138,1.4910989110106243e-13
YPL097W,0.7791407833536992,0.05981512927816561,1.4333673137301162e-13
YPL110C,0.7791407833536992,0.05981512927816561,1.4333673137301162e-13
YPL091W,0.7791407833536992,0.05981512927816561,1.4333673137301162e-13
YPL111W,0.7791407833536992,0.05981512927816561,1.4333673137301162e-13
YPL096C-A,0.7791407833536992,0.05981512927816561,1.4333673137301162e-13
YPL095C,0.7791407833536992,0.05981512927816561,1.4333673137301162e-13
YPL092W,0.7791407833536992,0.05981512927816561,1.4333673137301162e-13
YPL088W,0.7791407833536992,0.05981512927816561,1.4333673137301162e-13
YPL104W,0.7791407833536992,0.05981512927816561,1.4333673137301162e-13
YIL048W,0.779140783353703,0.05981512927815915,1.3687662114847399e-13
YIL043C,0.779140783353703,0.05981512927815915,1.3687662114847399e-13
YIL053W,0.779140783353703,0.05981512927815915,1.3687662114847399e-13
YIL066C,0.779140783353703,0.05981512927815915,1.3687662114847399e-13
YIL074C,0.779140783353703,0.05981512927815915,1.3687662114847399e-13
YCR034W,0.7791407833536899,0.05981512927815552,1.332475796367305e-13
YDR399W,0.7791407833536965,0.05981512927815456,1.322830733840874e-13
YPL060W,0.779140783353701,0.05981512927815184,1.2956996586765968e-13
YPL059W,0.779140783353701,0.05981512927815184,1.2956996586765968e-13
YBR068C,0.7791407833536976,0.05981512927815126,1.2898709877973147e-13
YDR387C,0.7791407833536964,0.05981512927815093,1.2865403187234392e-13
YOL061W,0.7791407833536975,0.059815129278144134,1.2186085474041874e-13
YBR020W,0.7791407833536954,0.059815129278140575,1.1830120216771434e-13
YBR019C,0.7791407833536954,0.059815129278140575,1.1830120216771434e-13
YBR018C,0.7791407833536954,0.059815129278140575,1.1830120216771434e-13
YBR026C,0.7791407833536954,0.059815129278140575,1.1830120216771434e-13
YBR022W,0.7791407833536954,0.059815129278140575,1.1830120216771434e-13
YBR023C,0.7791407833536954,0.059815129278140575,1.1830120216771434e-13
YBR021W,0.7791407833536954,0.059815129278140575,1.1830120216771434e-13
YKL192C,0.7791407833536963,0.05981512927813919,1.169134233869329e-13
YKL194C,0.7791407833536963,0.05981512927813919,1.169134233869329e-13
YAL022C,0.7791407833536883,0.059815129278138014,1.1574075031717257e-13
YLR360W,0.7791407833536942,0.0598151292781369,1.146235883986435e-13
YML082W,0.779140783353689,0.05981512927813587,1.1359663210086524e-13
YDR147W,0.7791407833536983,0.0598151292781339,1.1162598623215558e-13
YDR148C,0.7791407833536983,0.0598151292781339,1.1162598623215558e-13
YNL325C,0.779140783353696,0.05981512927813385,1.1157741397482823e-13
YNL333W,0.779140783353696,0.05981512927813385,1.1157741397482823e-13
YNL334C,0.779140783353696,0.05981512927813385,1.1157741397482823e-13
YNR001C,0.779140783353696,0.05981512927813385,1.1157741397482823e-13
YNL331C,0.779140783353696,0.05981512927813385,1.1157741397482823e-13
YNL335W,0.779140783353696,0.05981512927813385,1.1157741397482823e-13
YDR400W,0.7791407833536959,0.059815129278133275,1.1100148578080393e-13
YLR142W,0.7791407833536967,0.05981512927813307,1.1079331896368672e-13
YLR138W,0.7791407833536967,0.05981512927813307,1.1079331896368672e-13
YLR130C,0.7791407833536967,0.05981512927813307,1.1079331896368672e-13
YLR133W,0.7791407833536967,0.05981512927813307,1.1079331896368672e-13
YLR134W,0.7791407833536967,0.05981512927813307,1.1079331896368672e-13
YER060W,0.7791407833536936,0.05981512927813157,1.0929451788044275e-13
YER060W-A,0.7791407833536936,0.05981512927813157,1.0929451788044275e-13
YER062C,0.7791407833536936,0.05981512927813157,1.0929451788044275e-13
YER061C,0.7791407833536936,0.05981512927813157,1.0929451788044275e-13
YER065C,0.7791407833536936,0.05981512927813157,1.0929451788044275e-13
YKL035W,0.7791407833536979,0.05981512927813018,1.0790673909966131e-13
YPL265W,0.7791407833536885,0.059815129278125496,1.0322298571452393e-13
YLR214W,0.7791407833537033,0.05981512927812518,1.029037965949442e-13
YLR189C,0.7791407833537033,0.05981512927812518,1.029037965949442e-13
YLR201C,0.7791407833537033,0.05981512927812518,1.029037965949442e-13
YER005W,0.7791407833536883,0.05981512927812239,1.0011436124557349e-13
YER037W,0.7791407833536911,0.05981512927812217,9.989925553455237e-14
YBR128C,0.7791407833536916,0.05981512927812122,9.894862706971708e-14
YPR069C,0.7791407833536976,0.059815129278120216,9.794248745365053e-14
YMR008C,0.7791407833536947,0.05981512927811988,9.760942054626298e-14
YFL001W,0.7791407833536846,0.059815129278117045,9.477141293956493e-14
YFL011W,0.7791407833536846,0.059815129278117045,9.477141293956493e-14
YFR055W,0.7791407833536965,0.059815129278116115,9.384160115644136e-14
YFR053C,0.7791407833536965,0.059815129278116115,9.384160115644136e-14
YJR131W,0.779140783353691,0.05981512927811553,9.325873406851315e-14
YJR133W,0.779140783353691,0.05981512927811553,9.325873406851315e-14
YPL069C,0.7791407833536996,0.059815129278113416,9.114237142782144e-14
YAL038W,0.7791407833536923,0.059815129278112805,9.053174876427761e-14
YAL062W,0.7791407833536923,0.059815129278112805,9.053174876427761e-14
YAL039C,0.7791407833536923,0.059815129278112805,9.053174876427761e-14
YAL044C,0.7791407833536923,0.059815129278112805,9.053174876427761e-14
YAL060W,0.7791407833536923,0.059815129278112805,9.053174876427761e-14
YAL054C,0.7791407833536923,0.059815129278112805,9.053174876427761e-14
YAL061W,0.7791407833536923,0.059815129278112805,9.053174876427761e-14
YAL035W,0.7791407833536923,0.059815129278112805,9.053174876427761e-14
YNL141W,0.7791407833536966,0.059815129278112694,9.042072646181509e-14
YNL092W,0.7791407833536966,0.059815129278112694,9.042072646181509e-14
YNL117W,0.7791407833536966,0.059815129278112694,9.042072646181509e-14
YNL130C,0.7791407833536966,0.059815129278112694,9.042072646181509e-14
YNL129W,0.7791407833536966,0.059815129278112694,9.042072646181509e-14
YNL142W,0.7791407833536966,0.059815129278112694,9.042072646181509e-14
YNL101W,0.7791407833536966,0.059815129278112694,9.042072646181509e-14
YEL041W,0.7791407833536939,0.05981512927811118,8.890804759076332e-14
YEL042W,0.7791407833536939,0.05981512927811118,8.890804759076332e-14
YEL046C,0.7791407833536939,0.05981512927811118,8.890804759076332e-14
YEL047C,0.7791407833536939,0.05981512927811118,8.890804759076332e-14
YEL051W,0.7791407833536939,0.05981512927811118,8.890804759076332e-14
YMR170C,0.7791407833536986,0.05981512927810927,8.699985176718883e-14
YNR067C,0.7791407833536965,0.05981512927810883,8.655576255733877e-14
YEL063C,0.7791407833536911,0.05981512927810864,8.636841242193327e-14
YNL229C,0.7791407833537007,0.059815129278104034,8.176098686973887e-14
YFR044C,0.7791407833536929,0.05981512927810359,8.131689765988881e-14
YGL224C,0.7791407833536952,0.05981512927809889,7.661926648694362e-14
YGL225W,0.7791407833536952,0.05981512927809889,7.661926648694362e-14
YGL205W,0.7791407833536952,0.05981512927809889,7.661926648694362e-14
YDL243C,0.7791407833536941,0.05981512927809864,7.636946630640296e-14
YDL215C,0.7791407833536941,0.05981512927809864,7.636946630640296e-14
YDR001C,0.7791407833536941,0.05981512927809864,7.636946630640296e-14
YDL245C,0.7791407833536941,0.05981512927809864,7.636946630640296e-14
YDL247W,0.7791407833536941,0.05981512927809864,7.636946630640296e-14
YDL246C,0.7791407833536941,0.05981512927809864,7.636946630640296e-14
YDL236W,0.7791407833536941,0.05981512927809864,7.636946630640296e-14
YDL219W,0.7791407833536941,0.05981512927809864,7.636946630640296e-14
YDL238C,0.7791407833536941,0.05981512927809864,7.636946630640296e-14
YOR155C,0.7791407833536969,0.05981512927809856,7.628619957955607e-14
YOR149C,0.7791407833536969,0.05981512927809856,7.628619957955607e-14
YOR163W,0.7791407833536969,0.05981512927809856,7.628619957955607e-14
YOR161C,0.7791407833536969,0.05981512927809856,7.628619957955607e-14
YDR009W,0.7791407833536915,0.05981512927809467,7.239348009946411e-14
YPR036W,0.7791407833536924,0.05981512927809437,7.20951076615961e-14
YJL196C,0.7791407833536949,0.05981512927809336,7.108896804552955e-14
YNR072W,0.7791407833536959,0.059815129278087936,6.56627530126741e-14
YOL033W,0.7791407833536959,0.059815129278087936,6.56627530126741e-14
YOL011W,0.7791407833536959,0.059815129278087936,6.56627530126741e-14
YML022W,0.7791407833536949,0.059815129278087825,6.555173071021159e-14
YML070W,0.7791407833536949,0.059815129278087825,6.555173071021159e-14
YML056C,0.7791407833536949,0.059815129278087825,6.555173071021159e-14
YLR450W,0.7791407833536949,0.059815129278087825,6.555173071021159e-14
YLR438W,0.7791407833536949,0.059815129278087825,6.555173071021159e-14
YML008C,0.7791407833536949,0.059815129278087825,6.555173071021159e-14
YML004C,0.7791407833536949,0.059815129278087825,6.555173071021159e-14
YML059C,0.7791407833536949,0.059815129278087825,6.555173071021159e-14
YML054C,0.7791407833536949,0.059815129278087825,6.555173071021159e-14
YLR447C,0.7791407833536949,0.059815129278087825,6.555173071021159e-14
YLR446W,0.7791407833536949,0.059815129278087825,6.555173071021159e-14
YML042W,0.7791407833536949,0.059815129278087825,6.555173071021159e-14
YML035C,0.7791407833536949,0.059815129278087825,6.555173071021159e-14
YML075C,0.7791407833536949,0.059815129278087825,6.555173071021159e-14
YGR171C,0.7791407833536947,0.05981512927808765,6.53782583626139e-14
YNL036W,0.7791407833536924,0.05981512927808469,6.241535066564552e-14
YOL136C,0.779140783353696,0.05981512927808464,6.236677840831817e-14
YKR043C,0.7791407833537043,0.05981512927808293,6.065981050795699e-14
YGR202C,0.7791407833536959,0.05981512927808101,5.873773689657469e-14
YKL217W,0.7791407833536934,0.059815129278079956,5.768302502318079e-14
YDR135C,0.7791407833536934,0.05981512927807732,5.504624533969604e-14
YDR403W,0.7791407833536941,0.05981512927807721,5.493522303723353e-14
YMR099C,0.7791407833536965,0.05981512927807693,5.465766728107724e-14
YMR101C,0.7791407833536965,0.05981512927807693,5.465766728107724e-14
YMR088C,0.7791407833536965,0.05981512927807693,5.465766728107724e-14
YMR087W,0.7791407833536965,0.05981512927807693,5.465766728107724e-14
YMR105C,0.7791407833536965,0.05981512927807693,5.465766728107724e-14
YPL053C,0.779140783353697,0.05981512927807671,5.4435622676152207e-14
YGR106C,0.7791407833536964,0.05981512927807241,5.0133508455729725e-14
YGR143W,0.7791407833536964,0.05981512927807241,5.0133508455729725e-14
YGR110W,0.7791407833536964,0.05981512927807241,5.0133508455729725e-14
YGR138C,0.7791407833536964,0.05981512927807241,5.0133508455729725e-14
YGR124W,0.7791407833536964,0.05981512927807241,5.0133508455729725e-14
YGR121C,0.7791407833536964,0.05981512927807241,5.0133508455729725e-14
YOL055C,0.7791407833536982,0.059815129278068355,4.6081194415847904e-14
YLL028W,0.7791407833536943,0.059815129278067675,4.5401182813264995e-14
YLL043W,0.7791407833536945,0.059815129278067675,4.5401182813264995e-14
YLR372W,0.7791407833536919,0.059815129278066696,4.4422798772814076e-14
YLR382C,0.7791407833536919,0.059815129278066696,4.4422798772814076e-14
YLR395C,0.7791407833536919,0.059815129278066696,4.4422798772814076e-14
YLR410W,0.7791407833536919,0.059815129278066696,4.4422798772814076e-14
YLR386W,0.7791407833536919,0.059815129278066696,4.4422798772814076e-14
YLR377C,0.7791407833536919,0.059815129278066696,4.4422798772814076e-14
YNR073C,0.7791407833536951,0.05981512927806326,4.098804629038e-14
YOL020W,0.7791407833536951,0.05981512927806326,4.098804629038e-14
YOR375C,0.779140783353698,0.05981512927806269,4.0419056990259605e-14
YOR377W,0.779140783353698,0.05981512927806269,4.0419056990259605e-14
YPL015C,0.779140783353698,0.05981512927806269,4.0419056990259605e-14
YOR393W,0.779140783353698,0.05981512927806269,4.0419056990259605e-14
YOR384W,0.779140783353698,0.05981512927806269,4.0419056990259605e-14
YOR388C,0.779140783353698,0.05981512927806269,4.0419056990259605e-14
YPL023C,0.779140783353698,0.05981512927806269,4.0419056990259605e-14
YOR348C,0.779140783353698,0.05981512927806269,4.0419056990259605e-14
YOR391C,0.779140783353698,0.05981512927806269,4.0419056990259605e-14
YOR381W,0.779140783353698,0.05981512927806269,4.0419056990259605e-14
YOR360C,0.779140783353698,0.05981512927806269,4.0419056990259605e-14
YOR374W,0.779140783353698,0.05981512927806269,4.0419056990259605e-14
YAL023C,0.7791407833536848,0.059815129278062124,3.985006769013921e-14
YPR047W,0.7791407833536941,0.05981512927805657,3.429895256701343e-14
YFL030W,0.7791407833536909,0.05981512927805609,3.3813229993739924e-14
YDR530C,0.7791407833536953,0.059815129278052916,3.064215547965432e-14
YJR159W,0.7791407833536903,0.05981512927805282,3.054501096499962e-14
YJR160C,0.7791407833536903,0.05981512927805282,3.054501096499962e-14
YJR153W,0.7791407833536903,0.05981512927805282,3.054501096499962e-14
YJR152W,0.7791407833536903,0.05981512927805282,3.054501096499962e-14
YJR155W,0.7791407833536903,0.05981512927805282,3.054501096499962e-14
YJR158W,0.7791407833536903,0.05981512927805282,3.054501096499962e-14
YJR019C,0.7791407833536982,0.059815129278050015,2.77416978278211e-14
YDR072C,0.7791407833536944,0.05981512927804902,2.6749435999562365e-14
YDR071C,0.7791407833536944,0.05981512927804902,2.6749435999562365e-14
YDR062W,0.7791407833536944,0.05981512927804902,2.6749435999562365e-14
YNR013C,0.7791407833536935,0.05981512927804776,2.548655730905125e-14
YHR044C,0.7791407833536917,0.0598151292780459,2.3626933742804113e-14
YHR046C,0.7791407833536917,0.0598151292780459,2.3626933742804113e-14
YHR051W,0.7791407833536917,0.0598151292780459,2.3626933742804113e-14
YOL151W,0.7791407833536923,0.05981512927804247,2.0199120154273942e-14
YJR048W,0.7791407833536949,0.05981512927803983,1.7555401576885288e-14
YJR051W,0.7791407833536949,0.05981512927803983,1.7555401576885288e-14
YJR069C,0.7791407833536949,0.05981512927803983,1.7555401576885288e-14
YJR057W,0.7791407833536949,0.05981512927803983,1.7555401576885288e-14
YJR049C,0.7791407833536949,0.05981512927803983,1.7555401576885288e-14
YJL126W,0.7791407833536855,0.05981512927803961,1.7333356971960256e-14
YBR145W,0.7791407833536887,0.05981512927803703,1.4759027333610675e-14
YHR216W,0.7791407833536954,0.05981512927803588,1.3607170945562075e-14
YGR194C,0.7791407833536944,0.059815129278035346,1.3072876114961218e-14
YMR318C,0.7791407833536926,0.05981512927803508,1.2809198146612744e-14
YMR319C,0.7791407833536926,0.05981512927803508,1.2809198146612744e-14
YHR096C,0.7791407833536944,0.05981512927803508,1.2809198146612744e-14
YHR094C,0.7791407833536944,0.05981512927803508,1.2809198146612744e-14
YHR104W,0.7791407833536944,0.05981512927803508,1.2809198146612744e-14
YHR100C,0.7791407833536944,0.05981512927803508,1.2809198146612744e-14
YHR128W,0.7791407833536944,0.05981512927803508,1.2809198146612744e-14
YNL009W,0.7791407833536926,0.05981512927803508,1.2809198146612744e-14
YMR323W,0.7791407833536926,0.05981512927803508,1.2809198146612744e-14
YNL029C,0.7791407833536926,0.05981512927803508,1.2809198146612744e-14
YNL003C,0.7791407833536926,0.05981512927803508,1.2809198146612744e-14
YHR092C,0.7791407833536944,0.05981512927803508,1.2809198146612744e-14
YHR116W,0.7791407833536944,0.05981512927803508,1.2809198146612744e-14
YHR123W,0.7791407833536944,0.05981512927803508,1.2809198146612744e-14
YHR109W,0.7791407833536944,0.05981512927803508,1.2809198146612744e-14
YHR106W,0.7791407833536944,0.05981512927803508,1.2809198146612744e-14
YMR322C,0.7791407833536926,0.05981512927803508,1.2809198146612744e-14
YMR313C,0.7791407833536926,0.05981512927803508,1.2809198146612744e-14
YDL078C,0.7791407833536925,0.05981512927803415,1.1879386363489175e-14
YMR169C,0.7791407833536971,0.05981512927803237,1.0096090630185017e-14
YLL015W,0.779140783353694,0.05981512927803211,9.83935155574045e-15
YDR371W,0.779140783353692,0.059815129278031724,9.450773497121645e-15
YDR376W,0.779140783353692,0.059815129278031724,9.450773497121645e-15
YDR373W,0.779140783353692,0.059815129278031724,9.450773497121645e-15
YNR060W,0.7791407833536941,0.059815129278031606,9.332812300755222e-15
YCR048W,0.779140783353686,0.05981512927802894,6.6682770416548465e-15
YCR037C,0.779140783353686,0.05981512927802894,6.6682770416548465e-15
YCR036W,0.779140783353686,0.05981512927802894,6.6682770416548465e-15
YNR058W,0.779140783353694,0.05981512927802825,5.974387651264124e-15
YNR008W,0.7791407833536946,0.05981512927802563,3.3584246494910985e-15
YER019W,0.7791407833536849,0.059815129278025535,3.2612801348363973e-15
YML110C,0.779140783353687,0.059815129278025125,2.851885394505871e-15
YML106W,0.779140783353687,0.059815129278025125,2.851885394505871e-15
YML086C,0.779140783353687,0.059815129278025125,2.851885394505871e-15
YML100W,0.779140783353687,0.059815129278025125,2.851885394505871e-15
YPL268W,0.7791407833536852,0.059815129278023585,1.3114509478384662e-15
YGR209C,0.7791407833536933,0.05981512927801778,-4.496403249731884e-15
YPR184W,0.7791407833536914,0.059815129278014405,-7.868705687030797e-15
YPR127W,0.7791407833536967,0.059815129278013336,-8.93729534823251e-15
YDL080C,0.779140783353696,0.05981512927801308,-9.194034422677078e-15
YDL085W,0.779140783353696,0.05981512927801308,-9.194034422677078e-15
YDL090C,0.779140783353696,0.05981512927801308,-9.194034422677078e-15
YDL095W,0.779140783353696,0.05981512927801308,-9.194034422677078e-15
YDL093W,0.779140783353696,0.05981512927801308,-9.194034422677078e-15
YPR170W-B,0.7791407833536896,0.059815129278011754,-1.0519363158323358e-14
YLL062C,0.7791407833536923,0.05981512927801147,-1.0803857808383555e-14
YLL061W,0.7791407833536923,0.05981512927801147,-1.0803857808383555e-14
YLL058W,0.7791407833536923,0.05981512927801147,-1.0803857808383555e-14
YLL031C,0.7791407833536923,0.05981512927801147,-1.0803857808383555e-14
YLL057C,0.7791407833536923,0.05981512927801147,-1.0803857808383555e-14
YLL053C,0.7791407833536923,0.05981512927801147,-1.0803857808383555e-14
YLL048C,0.7791407833536923,0.05981512927801147,-1.0803857808383555e-14
YLR011W,0.7791407833536923,0.05981512927801147,-1.0803857808383555e-14
YLL052C,0.7791407833536923,0.05981512927801147,-1.0803857808383555e-14
YLL051C,0.7791407833536923,0.05981512927801147,-1.0803857808383555e-14
YOR171C,0.779140783353692,0.05981512927800892,-1.3350431871117507e-14
YLR056W,0.7791407833536947,0.059815129278007154,-1.511984981661385e-14
YLR057W,0.7791407833536947,0.059815129278007154,-1.511984981661385e-14
YLR043C,0.7791407833536949,0.059815129278007154,-1.511984981661385e-14
YAL026C,0.7791407833536887,0.059815129278003774,-1.849909114781667e-14
YBL091C,0.7791407833536922,0.05981512927800373,-1.8540724511240114e-14
YBR111C,0.7791407833536929,0.05981512927800367,-1.860317455637528e-14
YBR092C,0.7791407833536929,0.05981512927800367,-1.860317455637528e-14
YBR097W,0.7791407833536929,0.05981512927800367,-1.860317455637528e-14
YBR252W,0.7791407833536915,0.059815129278003656,-1.8617052344183094e-14
YOR285W,0.7791407833536937,0.05981512927800196,-2.0310142456736457e-14
YOR286W,0.7791407833536937,0.05981512927800196,-2.0310142456736457e-14
YOR334W,0.7791407833536937,0.05981512927800196,-2.0310142456736457e-14
YOR321W,0.7791407833536937,0.05981512927800196,-2.0310142456736457e-14
YOR317W,0.7791407833536937,0.05981512927800196,-2.0310142456736457e-14
YOR306C,0.7791407833536937,0.05981512927800196,-2.0310142456736457e-14
YOR303W,0.7791407833536937,0.05981512927800196,-2.0310142456736457e-14
YOR316C,0.7791407833536937,0.05981512927800196,-2.0310142456736457e-14
YOR311C,0.7791407833536937,0.05981512927800196,-2.0310142456736457e-14
YGR010W,0.779140783353694,0.059815129277996745,-2.5528190672474693e-14
YDR342C,0.7791407833536883,0.05981512927799665,-2.5625335187129394e-14
YLR237W,0.7791407833536919,0.05981512927799651,-2.576411306520754e-14
YDR437W,0.7791407833536975,0.05981512927799645,-2.5826563110342704e-14
YLL001W,0.7791407833536926,0.05981512927799318,-2.909478213908301e-14
YLR350W,0.7791407833536951,0.059815129277991604,-3.066991105526995e-14
YLR345W,0.7791407833536951,0.059815129277991604,-3.066991105526995e-14
YLR351C,0.7791407833536951,0.059815129277991604,-3.066991105526995e-14
YLR348C,0.7791407833536951,0.059815129277991604,-3.066991105526995e-14
YLR354C,0.7791407833536951,0.059815129277991604,-3.066991105526995e-14
YLR342W,0.7791407833536951,0.059815129277991604,-3.066991105526995e-14
YLR328W,0.7791407833536951,0.059815129277991604,-3.066991105526995e-14
YLR305C,0.7791407833536951,0.059815129277991604,-3.066991105526995e-14
YLR307W,0.7791407833536951,0.059815129277991604,-3.066991105526995e-14
YLR308W,0.7791407833536951,0.059815129277991604,-3.066991105526995e-14
YIL009W,0.779140783353694,0.05981512927799008,-3.219646771412954e-14
YOL065C,0.7791407833536925,0.059815129277989806,-3.246708457638192e-14
YBR011C,0.7791407833536904,0.059815129277989744,-3.2529534621517087e-14
YDR502C,0.7791407833536904,0.059815129277989335,-3.293892936184761e-14
YDR503C,0.7791407833536904,0.059815129277989335,-3.293892936184761e-14
YOR071C,0.7791407833536925,0.059815129277988044,-3.422956362797436e-14
YPL273W,0.7791407833536936,0.05981512927798642,-3.585326480148865e-14
YLL018C-A,0.7791407833536883,0.059815129277986386,-3.5887959271008185e-14
YOR222W,0.7791407833536931,0.059815129277986386,-3.5887959271008185e-14
YLR020C,0.7791407833536913,0.05981512927798604,-3.6234903966203547e-14
YBL068W,0.77914078335369,0.0598151292779841,-3.8170855365393663e-14
YNR056C,0.7791407833536869,0.059815129277983846,-3.842759443983823e-14
YFL060C,0.7791407833536887,0.05981512927798233,-3.9940273310890007e-14
YFR019W,0.7791407833536887,0.05981512927798233,-3.9940273310890007e-14
YFR015C,0.7791407833536887,0.05981512927798233,-3.9940273310890007e-14
YFL061W,0.7791407833536887,0.05981512927798233,-3.9940273310890007e-14
YFR021W,0.7791407833536887,0.05981512927798233,-3.9940273310890007e-14
YKL094W,0.779140783353694,0.05981512927798065,-4.162642452953946e-14
YDL120W,0.7791407833536891,0.05981512927797869,-4.35831926104413e-14
YKR089C,0.7791407833536919,0.05981512927797641,-4.586608870482678e-14
YDR497C,0.7791407833536893,0.05981512927797536,-4.691386168431677e-14
YOR332W,0.7791407833536929,0.05981512927797355,-4.872491299323656e-14
YPR062W,0.779140783353691,0.059815129277972966,-4.9307780081164765e-14
YJL139C,0.779140783353692,0.059815129277972716,-4.9557580261705425e-14
YJL134W,0.779140783353692,0.059815129277972716,-4.9557580261705425e-14
YJL137C,0.779140783353692,0.059815129277972716,-4.9557580261705425e-14
YDR384C,0.7791407833536906,0.059815129277972064,-5.0209836288672705e-14
YPR128C,0.7791407833536953,0.059815129277971245,-5.102862576933376e-14
YCR024C,0.7791407833536974,0.059815129277968705,-5.35682609381638e-14
YMR083W,0.7791407833536926,0.059815129277968,-5.427602811636234e-14
YKL019W,0.7791407833536925,0.05981512927796537,-5.690586890594318e-14
YPL280W,0.7791407833536925,0.059815129277965236,-5.703770789011742e-14
YMR202W,0.7791407833536951,0.059815129277963126,-5.914713163690521e-14
YMR058W,0.7791407833536925,0.059815129277961766,-6.050715484207103e-14
YMR054W,0.7791407833536925,0.059815129277961766,-6.050715484207103e-14
YMR056C,0.7791407833536925,0.059815129277961766,-6.050715484207103e-14
YMR243C,0.7791407833536974,0.05981512927796174,-6.053491041768666e-14
YBR093C,0.7791407833536914,0.05981512927796163,-6.064593272014918e-14
YBR110W,0.7791407833536914,0.05981512927796163,-6.064593272014918e-14
YBR085W,0.7791407833536914,0.05981512927796163,-6.064593272014918e-14
YBR070C,0.7791407833536914,0.05981512927796163,-6.064593272014918e-14
YLR109W,0.7791407833536904,0.059815129277961405,-6.086797732507421e-14
YJL219W,0.7791407833536865,0.059815129277960774,-6.149941667032977e-14
YJR009C,0.7791407833536865,0.059815129277960774,-6.149941667032977e-14
YJR001W,0.7791407833536865,0.059815129277960774,-6.149941667032977e-14
YJL221C,0.7791407833536865,0.059815129277960774,-6.149941667032977e-14
YJL216C,0.7791407833536865,0.059815129277960774,-6.149941667032977e-14
YJL214W,0.7791407833536865,0.059815129277960774,-6.149941667032977e-14
YJL200C,0.7791407833536865,0.059815129277960774,-6.149941667032977e-14
YJL212C,0.7791407833536865,0.059815129277960774,-6.149941667032977e-14
YBR159W,0.7791407833536917,0.05981512927795991,-6.236677840831817e-14
YMR306W,0.7791407833536901,0.05981512927795786,-6.44137521099708e-14
YBR002C,0.7791407833536882,0.05981512927795627,-6.600275881396556e-14
YJL198W,0.7791407833536863,0.059815129277953474,-6.879913305724017e-14
YHR037W,0.7791407833536919,0.059815129277952954,-6.931955010003321e-14
YHR039C-A,0.7791407833536919,0.059815129277952954,-6.931955010003321e-14
YBR149W,0.7791407833536852,0.05981512927795259,-6.968037258303639e-14
YBR147W,0.7791407833536852,0.05981512927795259,-6.968037258303639e-14
YAR035W,0.7791407833536912,0.059815129277951476,-7.079753450156545e-14
YGL202W,0.7791407833536901,0.05981512927795116,-7.111672362114518e-14
YOL059W,0.7791407833536911,0.05981512927794791,-7.436412596817377e-14
YIR036C,0.7791407833536909,0.059815129277947736,-7.453759831577145e-14
YOL068C,0.7791407833536901,0.05981512927794766,-7.461392614871443e-14
YKR069W,0.7791407833536895,0.05981512927794657,-7.570333249162786e-14
YBR001C,0.7791407833536915,0.059815129277943135,-7.913808497406194e-14
YPR139C,0.7791407833536944,0.059815129277943115,-7.915890165577366e-14
YPR145W,0.7791407833536944,0.059815129277943115,-7.915890165577366e-14
YPR159W,0.7791407833536944,0.059815129277943115,-7.915890165577366e-14
YPR160W,0.7791407833536944,0.059815129277942865,-7.940870183631432e-14
YPR156C,0.7791407833536944,0.059815129277942865,-7.940870183631432e-14
YPR140W,0.7791407833536944,0.059815129277942865,-7.940870183631432e-14
YOR251C,0.7791407833536899,0.05981512927794241,-7.98666688339722e-14
YOR245C,0.7791407833536899,0.05981512927794241,-7.98666688339722e-14
YOR270C,0.7791407833536899,0.05981512927794241,-7.98666688339722e-14
YOR273C,0.7791407833536899,0.05981512927794241,-7.98666688339722e-14
YOR253W,0.7791407833536899,0.05981512927794241,-7.98666688339722e-14
YKL184W,0.7791407833536896,0.05981512927794227,-8.000544671205034e-14
YDR017C,0.7791407833536947,0.059815129277941304,-8.096995296469345e-14
YDR035W,0.7791407833536947,0.059815129277941304,-8.096995296469345e-14
YDR023W,0.7791407833536947,0.059815129277941304,-8.096995296469345e-14
YDR019C,0.7791407833536947,0.059815129277941304,-8.096995296469345e-14
YDR036C,0.7791407833536947,0.059815129277941304,-8.096995296469345e-14
YDR020C,0.7791407833536947,0.059815129277941304,-8.096995296469345e-14
YMR296C,0.7791407833536945,0.05981512927794103,-8.124056982694583e-14
YOR192C,0.7791407833536943,0.059815129277940624,-8.164996456727636e-14
YGR007W,0.7791407833536922,0.05981512927794035,-8.192058142952874e-14
YKL055C,0.7791407833536932,0.05981512927793381,-8.846395838091325e-14
YLR432W,0.7791407833536946,0.059815129277932644,-8.962969255676967e-14
YOR241W,0.7791407833536904,0.059815129277931624,-9.064970996064403e-14
YKR097W,0.7791407833536906,0.05981512927792995,-9.232198339148567e-14
YPR081C,0.77914078335369,0.059815129277929764,-9.250933352689117e-14
YFR049W,0.7791407833536909,0.059815129277927426,-9.48477407725079e-14
YDR513W,0.7791407833536933,0.05981512927792686,-9.54167300726283e-14
YBR293W,0.7791407833536872,0.059815129277926274,-9.59995971605565e-14
YGL080W,0.7791407833536925,0.05981512927792522,-9.70543090339504e-14
YIL006W,0.7791407833536917,0.05981512927792361,-9.866413241965688e-14
YLR044C,0.7791407833536919,0.05981512927792306,-9.921230503806555e-14
YER024W,0.7791407833536909,0.05981512927791992,-1.0235562397653553e-13
YGL156W,0.7791407833536919,0.05981512927791978,-1.0249440185461367e-13
YOR283W,0.7791407833536901,0.059815129277919696,-1.0257766858146056e-13
YKL008C,0.7791407833536899,0.05981512927791963,-1.0264011862659572e-13
YOR143C,0.7791407833536912,0.059815129277919335,-1.0293849106446373e-13
YHR043C,0.7791407833536875,0.05981512927791927,-1.030009411095989e-13
YDR226W,0.7791407833536873,0.05981512927791912,-1.0315359677548486e-13
YDR208W,0.7791407833536873,0.05981512927791912,-1.0315359677548486e-13
YDR231C,0.7791407833536873,0.05981512927791912,-1.0315359677548486e-13
YBR296C,0.779140783353687,0.05981512927791911,-1.0316053566938876e-13
YCL005W-A,0.779140783353687,0.05981512927791911,-1.0316053566938876e-13
YCL009C,0.779140783353687,0.05981512927791911,-1.0316053566938876e-13
YBR295W,0.779140783353687,0.05981512927791911,-1.0316053566938876e-13
YBR298C,0.779140783353687,0.05981512927791911,-1.0316053566938876e-13
YCL004W,0.779140783353687,0.05981512927791911,-1.0316053566938876e-13
YBR299W,0.779140783353687,0.05981512927791911,-1.0316053566938876e-13
YBR294W,0.779140783353687,0.05981512927791911,-1.0316053566938876e-13
YDR270W,0.7791407833536905,0.059815129277917635,-1.04638520070921e-13
YDR272W,0.7791407833536905,0.059815129277917635,-1.04638520070921e-13
YDR284C,0.7791407833536905,0.059815129277917635,-1.04638520070921e-13
YDR287W,0.7791407833536905,0.059815129277917635,-1.04638520070921e-13
YDR256C,0.7791407833536905,0.059815129277917635,-1.04638520070921e-13
YDR294C,0.7791407833536905,0.059815129277917635,-1.04638520070921e-13
YDR248C,0.7791407833536905,0.059815129277917635,-1.04638520070921e-13
YDR297W,0.7791407833536905,0.059815129277917635,-1.04638520070921e-13
YDR268W,0.7791407833536905,0.059815129277917635,-1.04638520070921e-13
YDR242W,0.7791407833536905,0.059815129277917635,-1.04638520070921e-13
YDR261C,0.7791407833536905,0.059815129277917635,-1.04638520070921e-13
YIL013C,0.7791407833536915,0.05981512927791636,-1.0591527654923993e-13
YKL188C,0.7791407833536887,0.05981512927791424,-1.0803163918993164e-13
YOL103W,0.7791407833536914,0.059815129277913395,-1.0887818424620832e-13
YKR031C,0.7791407833536922,0.05981512927791298,-1.0929451788044275e-13
YKL220C,0.7791407833536922,0.05981512927791298,-1.0929451788044275e-13
YKR009C,0.7791407833536922,0.05981512927791298,-1.0929451788044275e-13
YKL218C,0.7791407833536922,0.05981512927791298,-1.0929451788044275e-13
YPR003C,0.7791407833536909,0.05981512927791253,-1.0974554598419672e-13
YPR001W,0.7791407833536909,0.05981512927791253,-1.0974554598419672e-13
YPR002W,0.7791407833536909,0.05981512927791253,-1.0974554598419672e-13
YPL281C,0.7791407833536909,0.05981512927791253,-1.0974554598419672e-13
YPR011C,0.7791407833536909,0.05981512927791253,-1.0974554598419672e-13
YPR006C,0.7791407833536909,0.05981512927791253,-1.0974554598419672e-13
YPL274W,0.7791407833536909,0.05981512927791253,-1.0974554598419672e-13
YMR041C,0.779140783353691,0.05981512927790885,-1.1342315975326756e-13
YNL292W,0.7791407833536907,0.05981512927790767,-1.1460277171693178e-13
YPR121W,0.7791407833536955,0.05981512927790705,-1.1522033327437953e-13
YER070W,0.7791407833536969,0.059815129277906505,-1.157685058927882e-13
YJR104C,0.7791407833536915,0.059815129277905874,-1.1639994523804376e-13
YDR098C,0.7791407833536899,0.05981512927790442,-1.1785017406396037e-13
YGR062C,0.7791407833536899,0.05981512927790223,-1.2004286453759505e-13
YIL023C,0.7791407833536871,0.05981512927790128,-1.2099349300243034e-13
YKL087C,0.7791407833536883,0.059815129277895916,-1.2635725799015063e-13
YGL006W,0.7791407833536904,0.05981512927789524,-1.2703033069882963e-13
YGR177C,0.779140783353689,0.05981512927789491,-1.2736339760621718e-13
YDR038C,0.7791407833536865,0.05981512927788756,-1.3471168625045493e-13
YML120C,0.7791407833536937,0.059815129277886646,-1.3562762024577069e-13
YGR020C,0.7791407833536903,0.05981512927788424,-1.380354164304265e-13
YBR243C,0.7791407833536925,0.059815129277883704,-1.3856971126102735e-13
YBR229C,0.7791407833536925,0.059815129277883704,-1.3856971126102735e-13
YBR244W,0.7791407833536925,0.059815129277883704,-1.3856971126102735e-13
YBR235W,0.7791407833536925,0.059815129277883704,-1.3856971126102735e-13
YBR242W,0.7791407833536925,0.059815129277883704,-1.3856971126102735e-13
YBR241C,0.7791407833536925,0.059815129277883704,-1.3856971126102735e-13
YKL069W,0.7791407833536899,0.059815129277877584,-1.4468981568427353e-13
YGR191W,0.7791407833536873,0.059815129277877487,-1.4478696019892823e-13
YDL210W,0.7791407833536871,0.05981512927787703,-1.452449271965861e-13
YOL126C,0.7791407833536875,0.05981512927787337,-1.4890172428394521e-13
YIL002C,0.77914078335369,0.05981512927787077,-1.5150380949791042e-13
YCL047C,0.7791407833536885,0.05981512927787019,-1.5208667658583863e-13
YCL052C,0.7791407833536885,0.05981512927787019,-1.5208667658583863e-13
YCR011C,0.7791407833536885,0.05981512927787019,-1.5208667658583863e-13
YCR005C,0.7791407833536885,0.05981512927787019,-1.5208667658583863e-13
YCL050C,0.7791407833536885,0.05981512927787019,-1.5208667658583863e-13
YCL064C,0.7791407833536885,0.05981512927787019,-1.5208667658583863e-13
YCL040W,0.7791407833536885,0.05981512927787019,-1.5208667658583863e-13
YCL038C,0.7791407833536885,0.05981512927787019,-1.5208667658583863e-13
YCL069W,0.7791407833536885,0.05981512927787019,-1.5208667658583863e-13
YCR010C,0.7791407833536885,0.05981512927787019,-1.5208667658583863e-13
YLR300W,0.7791407833536901,0.059815129277869805,-1.5246831575055353e-13
YGR282C,0.7791407833536887,0.05981512927786713,-1.5514672879746172e-13
YHR068W,0.7791407833536941,0.05981512927786703,-1.5524387331211642e-13
YOR221C,0.7791407833536892,0.05981512927786684,-1.5543122344752192e-13
YLR047C,0.77914078335369,0.059815129277866634,-1.5563939026463913e-13
YLR151C,0.7791407833536919,0.059815129277862915,-1.593586373971334e-13
YMR110C,0.7791407833536904,0.05981512927785716,-1.651109804434725e-13
YDR380W,0.7791407833536891,0.05981512927785639,-1.658811976668062e-13
YBR042C,0.779140783353688,0.05981512927785637,-1.6590201434851792e-13
YGL256W,0.77914078335369,0.05981512927785615,-1.6612405895344295e-13
YPR138C,0.7791407833536915,0.05981512927785535,-1.6692203175239229e-13
YER056C,0.7791407833536883,0.05981512927785456,-1.677130656574377e-13
YGR180C,0.779140783353691,0.059815129277853,-1.6927431678581684e-13
YLR038C,0.7791407833536895,0.05981512927785273,-1.6954493364806922e-13
YJL133W,0.77914078335369,0.059815129277850224,-1.7204987434737973e-13
YCL025C,0.7791407833536911,0.05981512927785016,-1.721123243925149e-13
YLR028C,0.7791407833536904,0.05981512927784765,-1.746242039857293e-13
YGL084C,0.7791407833536881,0.05981512927784573,-1.765462775971116e-13
YGL101W,0.7791407833536881,0.05981512927784573,-1.765462775971116e-13
YBL030C,0.7791407833536862,0.05981512927784568,-1.7659484985443896e-13
YJR130C,0.7791407833536841,0.05981512927784186,-1.8041124150158794e-13
YOR347C,0.779140783353695,0.05981512927784185,-1.8042511928939575e-13
YPL188W,0.77914078335369,0.05981512927783934,-1.8293005998870626e-13
YPL206C,0.77914078335369,0.05981512927783934,-1.8293005998870626e-13
YPL189W,0.77914078335369,0.05981512927783934,-1.8293005998870626e-13
YPL212C,0.77914078335369,0.05981512927783934,-1.8293005998870626e-13
YKR058W,0.7791407833536954,0.05981512927783658,-1.8569173976246134e-13
YPL252C,0.779140783353684,0.05981512927783646,-1.8581663985273167e-13
YPL258C,0.779140783353684,0.05981512927783646,-1.8581663985273167e-13
YPL244C,0.779140783353684,0.05981512927783646,-1.8581663985273167e-13
YER015W,0.779140783353688,0.05981512927783533,-1.8694074066516464e-13
YNR041C,0.7791407833536925,0.059815129277835034,-1.8723911310303265e-13
YKL004W,0.7791407833536854,0.05981512927783485,-1.8742646323843815e-13
YNL267W,0.7791407833536893,0.05981512927783078,-1.9149265506612778e-13
YDL142C,0.7791407833536906,0.059815129277830274,-1.91999194321113e-13
YCR068W,0.7791407833536883,0.05981512927783026,-1.9201307210892082e-13
YPL134C,0.7791407833536904,0.05981512927783007,-1.9220042224432632e-13
YPL132W,0.7791407833536904,0.05981512927783007,-1.9220042224432632e-13
YPL148C,0.7791407833536904,0.05981512927783007,-1.9220042224432632e-13
YPL147W,0.7791407833536904,0.05981512927783007,-1.9220042224432632e-13
YLR070C,0.7791407833536895,0.059815129277827755,-1.9451801280823133e-13
YDR040C,0.7791407833536863,0.05981512927782775,-1.9452495170213524e-13
YDR039C,0.7791407833536863,0.05981512927782775,-1.9452495170213524e-13
YBR121C,0.7791407833536894,0.05981512927782652,-1.9575313592312682e-13
YHR026W,0.779140783353684,0.05981512927782617,-1.9610008061832218e-13
YDR058C,0.7791407833536875,0.05981512927782422,-1.9805684869922402e-13
YKL127W,0.7791407833536902,0.05981512927782124,-2.0103363418400022e-13
YBL039C,0.7791407833536859,0.05981512927782094,-2.0133200662186823e-13
YDR441C,0.7791407833536843,0.05981512927781735,-2.0492635366409218e-13
YDR453C,0.7791407833536843,0.05981512927781735,-2.0492635366409218e-13
YDR452W,0.7791407833536843,0.05981512927781735,-2.0492635366409218e-13
YJR143C,0.779140783353687,0.059815129277816965,-2.0530799282880707e-13
YDR236C,0.7791407833536874,0.05981512927781638,-2.0589085991673528e-13
YIL099W,0.7791407833536894,0.05981512927781621,-2.0606433226433296e-13
YHR013C,0.7791407833536849,0.05981512927781367,-2.08603967433163e-13
YHR011W,0.7791407833536849,0.05981512927781367,-2.08603967433163e-13
YLR304C,0.7791407833536892,0.059815129277812504,-2.0976970160901942e-13
YGR292W,0.7791407833536865,0.059815129277811026,-2.1124768601055166e-13
YHL018W,0.7791407833536865,0.059815129277811026,-2.1124768601055166e-13
YHL012W,0.7791407833536865,0.059815129277811026,-2.1124768601055166e-13
YGR289C,0.7791407833536865,0.059815129277811026,-2.1124768601055166e-13
YGR287C,0.7791407833536865,0.059815129277811026,-2.1124768601055166e-13
YGR286C,0.7791407833536865,0.059815129277811026,-2.1124768601055166e-13
YHL036W,0.7791407833536865,0.059815129277811026,-2.1124768601055166e-13
YHL011C,0.7791407833536865,0.059815129277811026,-2.1124768601055166e-13
YHL003C,0.7791407833536865,0.059815129277811026,-2.1124768601055166e-13
YHL032C,0.7791407833536865,0.059815129277811026,-2.1124768601055166e-13
YHL016C,0.7791407833536865,0.059815129277811026,-2.1124768601055166e-13
YHR091C,0.779140783353687,0.059815129277810394,-2.1187912535580722e-13
YHR174W,0.7791407833536911,0.05981512927780963,-2.1264240368523701e-13
YGL248W,0.7791407833536789,0.05981512927780921,-2.1306567621337535e-13
YPL057C,0.7791407833536896,0.05981512927780776,-2.1451590503929197e-13
YBR069C,0.7791407833536864,0.05981512927780705,-2.152236722174905e-13
YOR126C,0.7791407833536901,0.05981512927780575,-2.1652124537752115e-13
YEL039C,0.7791407833536821,0.05981512927780301,-2.192621084695645e-13
YGL047W,0.7791407833536919,0.05981512927780293,-2.193453751964114e-13
YKR052C,0.7791407833536885,0.05981512927780268,-2.1959517537695206e-13
YIL124W,0.7791407833536912,0.05981512927780218,-2.2009477573803338e-13
YBR127C,0.7791407833536883,0.05981512927780156,-2.2071233729548112e-13
YNL274C,0.7791407833536841,0.05981512927779995,-2.223221606811876e-13
YNL268W,0.7791407833536841,0.05981512927779995,-2.223221606811876e-13
YNL270C,0.7791407833536841,0.05981512927779995,-2.223221606811876e-13
YPL120W,0.779140783353686,0.05981512927779667,-2.2560425749773572e-13
YKR061W,0.779140783353694,0.059815129277794435,-2.2783858133479384e-13
YKR076W,0.7791407833536886,0.05981512927779342,-2.288516598447643e-13
YFL059W,0.7791407833536862,0.059815129277793345,-2.289279876777073e-13
YBR034C,0.7791407833536798,0.059815129277792145,-2.3012841632308323e-13
YPL040C,0.7791407833536902,0.059815129277789515,-2.3275825711266407e-13
YDR204W,0.7791407833536893,0.05981512927778857,-2.3370194668359545e-13
YHR067W,0.7791407833536883,0.05981512927778783,-2.344444083313135e-13
YGR154C,0.7791407833536934,0.05981512927778677,-2.3550605909861133e-13
YIL010W,0.7791407833536872,0.059815129277786566,-2.3570728702182464e-13
YBR058C-A,0.7791407833536856,0.059815129277786025,-2.362485207463294e-13
YNL106C,0.7791407833536859,0.059815129277786025,-2.362485207463294e-13
YCL035C,0.7791407833536887,0.0598151292777828,-2.3947510641164627e-13
YJR149W,0.7791407833536873,0.05981512927778275,-2.395236786689736e-13
YLR211C,0.779140783353692,0.0598151292777807,-2.4157065237062625e-13
YBR003W,0.7791407833536864,0.05981512927777959,-2.426808753952514e-13
YGL169W,0.7791407833536856,0.05981512927777923,-2.430416978782546e-13
YGL167C,0.7791407833536856,0.05981512927777923,-2.430416978782546e-13
YGL184C,0.7791407833536856,0.05981512927777923,-2.430416978782546e-13
YGL196W,0.7791407833536856,0.05981512927777923,-2.430416978782546e-13
YGL186C,0.7791407833536856,0.05981512927777923,-2.430416978782546e-13
YGL187C,0.7791407833536856,0.05981512927777923,-2.430416978782546e-13
YGL191W,0.7791407833536856,0.05981512927777923,-2.430416978782546e-13
YMR226C,0.7791407833536893,0.059815129277776706,-2.455674552592768e-13
YMR120C,0.7791407833536875,0.05981512927777559,-2.466846171778059e-13
YMR293C,0.7791407833536924,0.05981512927777306,-2.492103745588281e-13
YPL234C,0.7791407833536862,0.059815129277771724,-2.505495810822822e-13
YGR065C,0.7791407833536832,0.05981512927777004,-2.5223573230093166e-13
YGR087C,0.7791407833536832,0.05981512927777004,-2.5223573230093166e-13
YER099C,0.7791407833536813,0.05981512927776927,-2.5300594952426536e-13
YPL227C,0.7791407833536896,0.05981512927776653,-2.557468126163087e-13
YJR110W,0.7791407833536893,0.05981512927776565,-2.5662111324820103e-13
YMR301C,0.7791407833536841,0.059815129277764695,-2.575786806069402e-13
YMR165C,0.77914078335369,0.059815129277762516,-2.597574932927671e-13
YJR040W,0.779140783353688,0.05981512927776193,-2.603403603806953e-13
YHR183W,0.7791407833536894,0.05981512927776042,-2.618530392517471e-13
YKL080W,0.7791407833536852,0.059815129277756285,-2.659886200184758e-13
YOR081C,0.7791407833536885,0.05981512927775327,-2.690000999727715e-13
YNL169C,0.7791407833536859,0.05981512927775198,-2.7029073423889827e-13
YGL255W,0.7791407833536907,0.05981512927775172,-2.7055441220724674e-13
YHR008C,0.7791407833536816,0.059815129277750616,-2.71657696337968e-13
YGR096W,0.7791407833536873,0.05981512927774989,-2.7238628019787825e-13
YBR161W,0.7791407833536845,0.05981512927774743,-2.748426486398614e-13
YDR533C,0.7791407833536883,0.05981512927774689,-2.7538388236436617e-13
YBR177C,0.7791407833536921,0.059815129277745266,-2.7700758353788046e-13
YOR120W,0.7791407833536901,0.05981512927774481,-2.7746555053553834e-13
YOR109W,0.7791407833536901,0.05981512927774481,-2.7746555053553834e-13
YOR125C,0.7791407833536901,0.05981512927774481,-2.7746555053553834e-13
YOR100C,0.7791407833536901,0.05981512927774481,-2.7746555053553834e-13
YOR108W,0.7791407833536901,0.05981512927774481,-2.7746555053553834e-13
YKL085W,0.7791407833536854,0.05981512927774437,-2.779027008514845e-13
YHR201C,0.7791407833536887,0.05981512927774129,-2.809835697448193e-13
YIL107C,0.7791407833536883,0.05981512927774123,-2.8104601978995447e-13
YIL111W,0.7791407833536883,0.05981512927774123,-2.8104601978995447e-13
YER086W,0.7791407833536909,0.05981512927773806,-2.8421015541013617e-13
YER081W,0.7791407833536909,0.05981512927773806,-2.8421015541013617e-13
YER073W,0.7791407833536909,0.05981512927773806,-2.8421015541013617e-13
YER087W,0.7791407833536909,0.05981512927773806,-2.8421015541013617e-13
YMR210W,0.77914078335369,0.05981512927773783,-2.84446077802869e-13
YER053C,0.7791407833536864,0.059815129277737654,-2.846195501504667e-13
YMR256C,0.77914078335369,0.059815129277736814,-2.8545915631283947e-13
YMR250W,0.77914078335369,0.059815129277736814,-2.8545915631283947e-13
YMR246W,0.77914078335369,0.059815129277736814,-2.8545915631283947e-13
YMR261C,0.77914078335369,0.059815129277736814,-2.8545915631283947e-13
YML125C,0.7791407833536886,0.05981512927773204,-2.9023311531872764e-13
YML123C,0.7791407833536886,0.05981512927773204,-2.9023311531872764e-13
YGL142C,0.7791407833536854,0.0598151292777301,-2.9217600561182167e-13
YDR046C,0.7791407833536843,0.05981512927773002,-2.9225233344476464e-13
YOR180C,0.7791407833536852,0.05981512927772655,-2.9572178039671826e-13
YDR109C,0.779140783353684,0.059815129277725525,-2.9674873669449653e-13
YDR105C,0.779140783353684,0.059815129277725525,-2.9674873669449653e-13
YDR111C,0.779140783353684,0.059815129277725525,-2.9674873669449653e-13
YOR136W,0.7791407833536859,0.05981512927772491,-2.9736629825194427e-13
YCR083W,0.7791407833536849,0.059815129277724734,-2.9753977059954195e-13
YCR107W,0.7791407833536849,0.059815129277724734,-2.9753977059954195e-13
YCR098C,0.7791407833536849,0.059815129277724734,-2.9753977059954195e-13
YCR105W,0.7791407833536849,0.059815129277724734,-2.9753977059954195e-13
YCR075C,0.7791407833536849,0.059815129277724734,-2.9753977059954195e-13
YBL080C,0.7791407833536875,0.05981512927772308,-2.9919122734867187e-13
YCR028C,0.7791407833536892,0.05981512927772286,-2.994132719535969e-13
YCR024C-A,0.7791407833536892,0.05981512927772286,-2.994132719535969e-13
YGR243W,0.7791407833536811,0.0598151292777225,-2.997740944366001e-13
YGR247W,0.7791407833536835,0.05981512927772103,-3.012451399442284e-13
YNR030W,0.7791407833536887,0.05981512927772035,-3.019251515468113e-13
YNR027W,0.7791407833536887,0.05981512927772035,-3.019251515468113e-13
YER183C,0.7791407833536782,0.05981512927771939,-3.028827189055505e-13
YPL175W,0.7791407833536874,0.05981512927771734,-3.0493663150110706e-13
YMR241W,0.7791407833536893,0.05981512927771551,-3.0676156059783466e-13
YHR163W,0.7791407833536879,0.05981512927771121,-3.1106367481825714e-13
YKR053C,0.7791407833536911,0.059815129277710086,-3.121877756306901e-13
YKR066C,0.7791407833536911,0.059815129277710086,-3.121877756306901e-13
YNL073W,0.7791407833536875,0.059815129277709156,-3.131175874138137e-13
YGL062W,0.7791407833536854,0.05981512927770898,-3.1329105976141136e-13
YMR006C,0.7791407833536843,0.059815129277708635,-3.136380044566067e-13
YPL061W,0.7791407833536863,0.05981512927770586,-3.164135620181696e-13
YPL076W,0.7791407833536863,0.05981512927770586,-3.164135620181696e-13
YPL036W,0.7791407833536875,0.059815129277705166,-3.1710745140856034e-13
YBR046C,0.7791407833536829,0.05981512927770168,-3.2059077614832177e-13
YGR255C,0.7791407833536862,0.05981512927770062,-3.2165242691561957e-13
YGR260W,0.7791407833536862,0.05981512927770062,-3.2165242691561957e-13
YGR256W,0.7791407833536862,0.05981512927770062,-3.2165242691561957e-13
YGR248W,0.7791407833536862,0.05981512927770062,-3.2165242691561957e-13
YGR254W,0.7791407833536862,0.05981512927770062,-3.2165242691561957e-13
YGR170W,0.7791407833536909,0.0598151292776842,-3.38076788786168e-13
YFL053W,0.7791407833536851,0.059815129277681324,-3.4094949086238557e-13
YNL048W,0.7791407833536862,0.059815129277679936,-3.42337269643167e-13
YNL052W,0.7791407833536862,0.059815129277679936,-3.42337269643167e-13
YNL045W,0.7791407833536862,0.059815129277679936,-3.42337269643167e-13
YNL065W,0.7791407833536862,0.059815129277679936,-3.42337269643167e-13
YNL038W,0.7791407833536862,0.059815129277679936,-3.42337269643167e-13
YNL054W,0.7791407833536862,0.059815129277679936,-3.42337269643167e-13
YGL008C,0.7791407833536871,0.05981512927767935,-3.4292013673109523e-13
YBR249C,0.7791407833536905,0.059815129277676515,-3.457581443377933e-13
YER163C,0.7791407833536781,0.059815129277671124,-3.511496649011292e-13
YER175C,0.7791407833536781,0.059815129277671124,-3.511496649011292e-13
YER174C,0.7791407833536781,0.059815129277671124,-3.511496649011292e-13
YER119C,0.7791407833536781,0.059815129277671124,-3.511496649011292e-13
YER141W,0.7791407833536781,0.059815129277671124,-3.511496649011292e-13
YER170W,0.7791407833536781,0.059815129277671124,-3.511496649011292e-13
YER152C,0.7791407833536781,0.059815129277671124,-3.511496649011292e-13
YKL106W,0.7791407833536854,0.05981512927765897,-3.6330660702077466e-13
YDR093W,0.7791407833536869,0.059815129277654484,-3.6778913248269873e-13
YKL103C,0.7791407833536875,0.059815129277648,-3.742700593889481e-13
YDR367W,0.7791407833536849,0.05981512927764299,-3.79286879681473e-13
YDR191W,0.7791407833536901,0.05981512927764021,-3.820624372430359e-13
YDR178W,0.7791407833536901,0.05981512927764021,-3.820624372430359e-13
YKL212W,0.7791407833536854,0.05981512927763916,-3.831102102225259e-13
YKL146W,0.7791407833536842,0.05981512927763861,-3.8366532173483847e-13
YKL181W,0.7791407833536842,0.05981512927763861,-3.8366532173483847e-13
YKL165C,0.7791407833536842,0.05981512927763861,-3.8366532173483847e-13
YKL141W,0.7791407833536842,0.05981512927763861,-3.8366532173483847e-13
YKL140W,0.7791407833536842,0.05981512927763861,-3.8366532173483847e-13
YKL152C,0.7791407833536842,0.05981512927763861,-3.8366532173483847e-13
YKL174C,0.7791407833536842,0.05981512927763861,-3.8366532173483847e-13
YKL132C,0.7791407833536842,0.05981512927763861,-3.8366532173483847e-13
YKL150W,0.7791407833536842,0.05981512927763861,-3.8366532173483847e-13
YAR071W,0.7791407833536886,0.059815129277630504,-3.917699498146021e-13
YBL011W,0.7791407833536886,0.059815129277630504,-3.917699498146021e-13
YBL013W,0.7791407833536886,0.059815129277630504,-3.917699498146021e-13
YBR265W,0.7791407833536791,0.05981512927761897,-4.0330239148289593e-13
YPR193C,0.7791407833536887,0.05981512927761893,-4.0334402484631937e-13
YPR192W,0.7791407833536889,0.05981512927761893,-4.0334402484631937e-13
YGL067W,0.7791407833536815,0.0598151292776177,-4.0457220906731095e-13
YGL065C,0.7791407833536815,0.0598151292776177,-4.0457220906731095e-13
YGL063W,0.7791407833536815,0.0598151292776177,-4.0457220906731095e-13
YGL077C,0.7791407833536815,0.0598151292776177,-4.0457220906731095e-13
YPR026W,0.7791407833536818,0.05981512927761219,-4.100816908270133e-13
YDR173C,0.7791407833536853,0.05981512927759775,-4.2452152904104423e-13
YOR190W,0.7791407833536829,0.0598151292775955,-4.267766695598141e-13
YBR281C,0.7791407833536892,0.05981512927758955,-4.327233016354626e-13
YBL042C,0.7791407833536799,0.05981512927757966,-4.426112254485304e-13
YER010C,0.7791407833536792,0.05981512927757542,-4.468508896238177e-13
YDR516C,0.7791407833536882,0.05981512927755386,-4.684100329832575e-13
YKL026C,0.7791407833536861,0.05981512927754286,-4.794151187148543e-13
YJR013W,0.7791407833536824,0.059815129277542074,-4.801992137259958e-13
YGR216C,0.7791407833536774,0.05981512927754043,-4.818437315812218e-13
YGR234W,0.7791407833536774,0.05981512927754043,-4.818437315812218e-13
YGR227W,0.7791407833536774,0.05981512927754043,-4.818437315812218e-13
YBR117C,0.7791407833536839,0.059815129277529064,-4.932096397958219e-13
YJL097W,0.7791407833536852,0.059815129277509635,-5.126385427267621e-13
YLR299W,0.7791407833536881,0.059815129277493315,-5.289588211887519e-13
YDR481C,0.7791407833536885,0.05981512927748882,-5.334552244384838e-13
YDR483W,0.7791407833536885,0.05981512927748882,-5.334552244384838e-13
YNR019W,0.7791407833536771,0.05981512927747548,-5.467917785217935e-13
YMR189W,0.779140783353679,0.05981512927747119,-5.510800149544082e-13
YDL052C,0.7791407833536783,0.059815129277470847,-5.514269596496035e-13
YJR103W,0.7791407833536773,0.05981512927746983,-5.52440038159574e-13
YJL100W,0.7791407833536829,0.05981512927743942,-5.828532101403994e-13
YJL068C,0.7791407833536789,0.0598151292774389,-5.833736271831924e-13
YJL071W,0.7791407833536789,0.0598151292774389,-5.833736271831924e-13
YJL005W,0.7791407833536789,0.0598151292774389,-5.833736271831924e-13
YJL026W,0.7791407833536789,0.0598151292774389,-5.833736271831924e-13
YJL012C,0.7791407833536789,0.0598151292774389,-5.833736271831924e-13
YJL003W,0.7791407833536789,0.0598151292774389,-5.833736271831924e-13
YJL060W,0.7791407833536789,0.0598151292774389,-5.833736271831924e-13
YJL052W,0.7791407833536789,0.0598151292774389,-5.833736271831924e-13
YJL045W,0.7791407833536789,0.0598151292774389,-5.833736271831924e-13
YIR037W,0.7791407833536789,0.0598151292774389,-5.833736271831924e-13
YBR218C,0.7791407833536909,0.05981512927743796,-5.843103778602199e-13
YBR204C,0.7791407833536909,0.05981512927743796,-5.843103778602199e-13
YBR205W,0.7791407833536909,0.05981512927743796,-5.843103778602199e-13
YBR199W,0.7791407833536906,0.05981512927743796,-5.843103778602199e-13
YBR213W,0.7791407833536909,0.05981512927743796,-5.843103778602199e-13
YBR208C,0.7791407833536909,0.05981512927743796,-5.843103778602199e-13
YIL125W,0.7791407833536842,0.05981512927743251,-5.89764348468691e-13
YIL134W,0.7791407833536842,0.05981512927743251,-5.89764348468691e-13
YJR109C,0.7791407833536766,0.05981512927738596,-6.363104487761007e-13
YDR456W,0.7791407833536834,0.05981512927736693,-6.553438347545182e-13
YJR077C,0.7791407833536781,0.05981512927721866,-8.036141196932078e-13
YOR099W,0.7791407833530768,0.05981512925913186,-1.889041006952752e-11
YDL024C,0.7791407432095011,0.05981512497639947,-4.301622801017313e-09
YDL100C,0.7791406985156536,0.05981512018727319,-9.090749084061933e-09
YOR209C,0.7791406578276555,0.05981511582730444,-1.3450717831209325e-08
YLR209C,0.7791402748422355,0.05981507421968319,-5.505833908237001e-08
YGR088W,0.7791398177266315,0.059815025807802825,-1.0347021944800971e-07
YGR277C,0.7791328041628963,0.059814274282839544,-8.549951827294122e-07
YHR144C,0.7791311488686782,0.05981409691320789,-1.0323648143850672e-06
YDL166C,0.779116697587901,0.05981254841397027,-2.5808640520055826e-06
YOR323C,0.7789002318635081,0.05978935344595242,-2.5775832069856175e-05
YDR300C,0.7789002318635043,0.05978935344592744,-2.5775832094836193e-05
YJR105W,0.7787652302847066,0.05977488761158701,-4.02416664352645e-05
YBR291C,0.7786933995005778,0.05976719072192071,-4.7938556101564944e-05
YOR175C,0.7786791374141523,0.05976566249542247,-4.946678259980242e-05
YNL104C,0.7781717765248858,0.05971129721591709,-0.00010383206210518026
YKL120W,0.7781717765248715,0.05971129721551758,-0.00010383206250469401
YPL262W,0.7667293522738576,0.05965917515026449,-0.00015595412775778333
YOL064C,0.7607002286743219,0.05783916712448996,-0.0019759621535323166
YOR142W,0.7754883600898435,0.056665446120781796,-0.003149683157240478
YGR244C,0.7754883600898451,0.05666544612062625,-0.00314968315739602
YMR267W,0.7662219724924723,0.055893349965925224,-0.00392177931209705
YLR174W,0.7218955794359024,0.05052115162780467,-0.009293977650217604
YBR196C,0.6893041946177472,0.04158454986015619,-0.018230579417866086
YNL241C,0.4966670149756415,0.031097657647526734,-0.02871747163049554
YJL121C,0.5389595032145289,0.02946488374031717,-0.030350245537705104
YHR001W-A,0.18090937406286098,0.015000293109706478,-0.044814836168315796
Q0105,0.18090937406286067,0.01500029310961988,-0.04481483616840239
YPR191W,0.1809093740628601,0.01500029310961427,-0.04481483616840801
YJL166W,0.1809093740628621,0.015000293109606856,-0.04481483616841542
YGR183C,0.18090937406286253,0.015000293109600521,-0.04481483616842175
YOR065W,0.18090937406285734,0.015000293109576304,-0.04481483616844597
YEL024W,0.18090937406285879,0.0150002931095272,-0.044814836168495076
YBL045C,0.18090937406285507,0.015000293109460227,-0.04481483616856205
YFR033C,0.18090937406285199,0.015000293109445865,-0.04481483616857641
YDR529C,0.18090937406285545,0.015000293109429423,-0.04481483616859285
Q0250,0.15391686456910325,0.014028835670365732,-0.04578629360765654
YDL067C,0.15391686456910134,0.014028835670341997,-0.04578629360768027
Q0275,0.15391686456910453,0.014028835670320705,-0.04578629360770157
Q0045,0.15391686456910253,0.014028835670313045,-0.04578629360770923
YDR298C,0.19611620284659373,0.006978090714889378,-0.0528370385631329
YDR377W,0.19611620284659365,0.006978090714886982,-0.05283703856313529
YML081C-A,0.1961162028465929,0.006978090714881984,-0.05283703856314029
YJR121W,0.19611620284659373,0.006978090714847833,-0.05283703856317444
YPL271W,0.19611620284659256,0.006978090714825063,-0.052837038563197214
YOL077W-A,0.1961162028465923,0.006978090714823288,-0.05283703856319898
YPR020W,0.19611620284659054,0.006978090714774201,-0.052837038563248076
YDR322C-A,0.1961162028465923,0.006978090714764182,-0.05283703856325809
Q0080,0.19611620284659215,0.006978090714755275,-0.052837038563267
YKL016C,0.1961162028465916,0.006978090714749036,-0.052837038563273236
YLR295C,0.19611620284659087,0.006978090714724112,-0.05283703856329816
Q0085,0.19611620284659245,0.0069780907146876426,-0.05283703856333463
Q0130,0.196116202846591,0.0069780907146477856,-0.05283703856337449
YBL099W,0.19611620284658965,0.006978090714643856,-0.052837038563378416
YBR039W,0.19611620284659198,0.006978090714625762,-0.05283703856339651
YDL004W,0.19611620284659184,0.006978090714612935,-0.052837038563409336
YPL078C,0.19611620284659245,0.006978090714598559,-0.05283703856342371
YER052C,0.0,0.0,-0.059815129278022273
YBR176W,0.0,0.0,-0.059815129278022273
YOR335C,0.0,0.0,-0.059815129278022273
YOR278W,0.0,0.0,-0.059815129278022273
YOR236W,0.0,0.0,-0.059815129278022273
YOR202W,0.0,0.0,-0.059815129278022273
YOR176W,0.0,0.0,-0.059815129278022273
YOR168W,0.0,0.0,-0.059815129278022273
YBL076C,0.0,0.0,-0.059815129278022273
YGL026C,0.0,0.0,-0.059815129278022273
YGL012W,0.0,0.0,-0.059815129278022273
YGL148W,0.0,0.0,-0.059815129278022273
YGL154C,0.0,0.0,-0.059815129278022273
YGL234W,0.0,0.0,-0.059815129278022273
YCL018W,0.0,0.0,-0.059815129278022273
YCL030C,0.0,0.0,-0.059815129278022273
YBR115C,0.0,0.0,-0.059815129278022273
YBR263W,0.0,0.0,-0.059815129278022273
YBR256C,0.0,0.0,-0.059815129278022273
YPR118W,0.0,0.0,-0.059815129278022273
YPR113W,0.0,0.0,-0.059815129278022273
YKR072C,0.0,0.0,-0.059815129278022273
YKR067W,0.0,0.0,-0.059815129278022273
YGL245W,0.0,0.0,-0.059815129278022273
YMR108W,0.0,0.0,-0.059815129278022273
YGR157W,0.0,0.0,-0.059815129278022273
YGR175C,0.0,0.0,-0.059815129278022273
YDR232W,0.0,0.0,-0.059815129278022273
YLR420W,0.0,0.0,-0.059815129278022273
YMR113W,0.0,0.0,-0.059815129278022273
YDR234W,0.0,0.0,-0.059815129278022273
YDR341C,0.0,0.0,-0.059815129278022273
YOR128C,0.0,0.0,-0.059815129278022273
YOR130C,0.0,0.0,-0.059815129278022273
YGL125W,0.0,0.0,-0.059815129278022273
YDR508C,0.0,0.0,-0.059815129278022273
YDR487C,0.0,0.0,-0.059815129278022273
YDR353W,0.0,0.0,-0.059815129278022273
YLR303W,0.0,0.0,-0.059815129278022273
YLR359W,0.0,0.0,-0.059815129278022273
YKR039W,0.0,0.0,-0.059815129278022273
YGL037C,0.0,0.0,-0.059815129278022273
YDR531W,0.0,0.0,-0.059815129278022273
YGL040C,0.0,0.0,-0.059815129278022273
YGL055W,0.0,0.0,-0.059815129278022273
YGR144W,0.0,0.0,-0.059815129278022273
YGR094W,0.0,0.0,-0.059815129278022273
YJL088W,0.0,0.0,-0.059815129278022273
YJL101C,0.0,0.0,-0.059815129278022273
YJL130C,0.0,0.0,-0.059815129278022273
YLR355C,0.0,0.0,-0.059815129278022273
YJL153C,0.0,0.0,-0.059815129278022273
YER043C,0.0,0.0,-0.059815129278022273
YER069W,0.0,0.0,-0.059815129278022273
YER055C,0.0,0.0,-0.059815129278022273
YFR047C,0.0,0.0,-0.059815129278022273
YGL001C,0.0,0.0,-0.059815129278022273
YGL009C,0.0,0.0,-0.059815129278022273
YBR248C,0.0,0.0,-0.059815129278022273
YBL098W,0.0,0.0,-0.059815129278022273
YPL028W,0.0,0.0,-0.059815129278022273
YBR029C,0.0,0.0,-0.059815129278022273
YLR027C,0.0,0.0,-0.059815129278022273
YLR060W,0.0,0.0,-0.059815129278022273
YER026C,0.0,0.0,-0.059815129278022273
YPR060C,0.0,0.0,-0.059815129278022273
YPL117C,0.0,0.0,-0.059815129278022273
YDL205C,0.0,0.0,-0.059815129278022273
YDL141W,0.0,0.0,-0.059815129278022273
YDL103C,0.0,0.0,-0.059815129278022273
YCR053W,0.0,0.0,-0.059815129278022273
YNL280C,0.0,0.0,-0.059815129278022273
YNL316C,0.0,0.0,-0.059815129278022273
YNL277W,0.0,0.0,-0.059815129278022273
YNL275W,0.0,0.0,-0.059815129278022273
YDR158W,0.0,0.0,-0.059815129278022273
YNL256W,0.0,0.0,-0.059815129278022273
YIR034C,0.0,0.0,-0.059815129278022273
YIL145C,0.0,0.0,-0.059815129278022273
YDR074W,0.0,0.0,-0.059815129278022273
YDR127W,0.0,0.0,-0.059815129278022273
YJL167W,0.0,0.0,-0.059815129278022273
YIL094C,0.0,0.0,-0.059815129278022273
YIL078W,0.0,0.0,-0.059815129278022273
YIL020C,0.0,0.0,-0.059815129278022273
YNR050C,0.0,0.0,-0.059815129278022273
YNR033W,0.0,0.0,-0.059815129278022273
YOL049W,0.0,0.0,-0.059815129278022273
YIL116W,0.0,0.0,-0.059815129278022273
YDR007W,0.0,0.0,-0.059815129278022273
YNL220W,0.0,0.0,-0.059815129278022273
YMR300C,0.0,0.0,-0.059815129278022273
YGR155W,0.0,0.0,-0.059815129278022273
YHR072W,0.0,0.0,-0.059815129278022273
YHR074W,0.0,0.0,-0.059815129278022273
YHR190W,0.0,0.0,-0.059815129278022273
YHR208W,0.0,0.0,-0.059815129278022273
YNL247W,0.0,0.0,-0.059815129278022273
YIL083C,0.0,0.0,-0.059815129278022273
YER003C,0.0,0.0,-0.059815129278022273
YEL058W,0.0,0.0,-0.059815129278022273
YLR100W,0.0,0.0,-0.059815129278022273
YER014W,0.0,0.0,-0.059815129278022273
YDL045C,0.0,0.0,-0.059815129278022273
YDL055C,0.0,0.0,-0.059815129278022273
YNR016C,0.0,0.0,-0.059815129278022273
YER023W,0.0,0.0,-0.059815129278022273
YER091C,0.0,0.0,-0.059815129278022273
YOR074C,0.0,0.0,-0.059815129278022273
YOR095C,0.0,0.0,-0.059815129278022273
YHR007C,0.0,0.0,-0.059815129278022273
YHR018C,0.0,0.0,-0.059815129278022273
YHR019C,0.0,0.0,-0.059815129278022273
YHR020W,0.0,0.0,-0.059815129278022273
YER090W,0.0,0.0,-0.059815129278022273
YKL088W,0.0,0.0,-0.059815129278022273
YKL104C,0.0,0.0,-0.059815129278022273
YKL211C,0.0,0.0,-0.059815129278022273
YKL182W,0.0,0.0,-0.059815129278022273
YKL216W,0.0,0.0,-0.059815129278022273
YOL052C,0.0,0.0,-0.059815129278022273
YLR146C,0.0,0.0,-0.059815129278022273
YNR043W,0.0,0.0,-0.059815129278022273
YLR231C,0.0,0.0,-0.059815129278022273
YDR408C,0.0,0.0,-0.059815129278022273
YDR454C,0.0,0.0,-0.059815129278022273
YDR428C,0.0,0.0,-0.059815129278022273
YEL021W,0.0,0.0,-0.059815129278022273
YEL038W,0.0,0.0,-0.059815129278022273
YDR196C,0.0,0.0,-0.059815129278022273
YMR289W,0.0,0.0,-0.059815129278022273
YHR063C,0.0,0.0,-0.059815129278022273
YHR042W,0.0,0.0,-0.059815129278022273
YHR025W,0.0,0.0,-0.059815129278022273
YFR030W,0.0,0.0,-0.059815129278022273
YFR025C,0.0,0.0,-0.059815129278022273
YFL058W,0.0,0.0,-0.059815129278022273
YFL045C,0.0,0.0,-0.059815129278022273
YFL022C,0.0,0.0,-0.059815129278022273
YFL017C,0.0,0.0,-0.059815129278022273
YLR017W,0.0,0.0,-0.059815129278022273
YLL018C,0.0,0.0,-0.059815129278022273
YDR037W,0.0,0.0,-0.059815129278022273
YMR220W,0.0,0.0,-0.059815129278022273
YPR183W,0.0,0.0,-0.059815129278022273
YGR061C,0.0,0.0,-0.059815129278022273
YGR060W,0.0,0.0,-0.059815129278022273
YMR020W,0.0,0.0,-0.059815129278022273
YMR009W,0.0,0.0,-0.059815129278022273
YML126C,0.0,0.0,-0.059815129278022273
YOR054C,0.0,0.0,-0.059815129278022273
YOL143C,0.0,0.0,-0.059815129278022273
YJR139C,0.0,0.0,-0.059815129278022273
YJR148W,0.0,0.0,-0.059815129278022273
YMR062C,0.0,0.0,-0.059815129278022273
YKL001C,0.0,0.0,-0.059815129278022273
YKL024C,0.0,0.0,-0.059815129278022273
YDR047W,0.0,0.0,-0.059815129278022273
YDR044W,0.0,0.0,-0.059815129278022273
YDR354W,0.0,0.0,-0.059815129278022273
YMR208W,0.0,0.0,-0.059815129278022273
YMR217W,0.0,0.0,-0.059815129278022273
YPR167C,0.0,0.0,-0.059815129278022273
YOL122C,0.0,0.0,-0.059815129278022273
YOL097C,0.0,0.0,-0.059815129278022273
YOL066C,0.0,0.0,-0.059815129278022273
YOL058W,0.0,0.0,-0.059815129278022273
YKL029C,0.7708547019690032,0.0,-0.059815129278022273
YKL067W,0.0,0.0,-0.059815129278022273
YOL130W,0.0,0.0,-0.059815129278022273
YOL140W,0.0,0.0,-0.059815129278022273
YAR015W,0.0,0.0,-0.059815129278022273
YBR166C,0.0,0.0,-0.059815129278022273
YPL172C,0.0,0.0,-0.059815129278022273
YPL160W,0.0,0.0,-0.059815129278022273
YBR153W,0.0,0.0,-0.059815129278022273
YBL033C,0.0,0.0,-0.059815129278022273
YGR264C,0.0,0.0,-0.059815129278022273
YGR267C,0.0,0.0,-0.059815129278022273
YGR204W,0.0,0.0,-0.059815129278022273
YGR185C,0.0,0.0,-0.059815129278022273
YPL231W,0.0,0.0,-0.059815129278022273
YPL214C,0.0,0.0,-0.059815129278022273
YPR033C,0.0,0.0,-0.059815129278022273
YJR078W,0.0,0.0,-0.059815129278022273
YJR137C,0.0,0.0,-0.059815129278022273
YPR035W,0.0,0.0,-0.059815129278022273
YBR126C,0.0,0.0,-0.059815129278022273
YAL012W,0.0,0.0,-0.059815129278022273
YPR165W,0.0,0.0,-0.059815129278022273
YJR010W,0.0,0.0,-0.059815129278022273
YJR016C,0.0,0.0,-0.059815129278022273
YJR024C,0.0,0.0,-0.059815129278022273
YJR025C,0.0,0.0,-0.059815129278022273
YJR073C,0.0,0.0,-0.059815129278022273
