gene,growth,succinate_coupled,viable
YGL009C,1.3792217172001633,22.90437222015269,True
YCL018W,1.3792217172001642,22.90437222015252,True
YJR148W,1.3792217172001646,22.858016631420224,True
YLR355C,1.4768259927199106,21.78236243255606,True
YJR016C,1.4768259927199112,21.782362432555544,True
YMR108W,1.4768259927199103,21.78236243255426,True
YIL094C,1.5179130126377107,21.310046663135005,True
YGL154C,1.5179130126377103,21.310046663134713,True
YIR034C,1.51791301263771,21.310046663134113,True
YBR115C,1.5179130126377085,21.310046663133697,True
YDR234W,1.5179130126377103,21.31004666313368,True
YNR050C,1.517913012637711,21.310046663130382,True
YHR208W,1.5892967865779883,20.470970746179425,True
YER052C,2.1260941512624174,13.614691649921353,True
YJR139C,2.126094151262836,13.614691649917395,True
YCR053W,2.126094151262836,13.614691649914583,True
YDR158W,2.126094151262836,13.61469164991458,True
YHR025W,2.1260941512628633,13.614691649914244,True
YLR027C,2.248872048144269,11.957166992583787,True
YOR130C,2.5733904555324996,7.568098956592999,True
YOL140W,2.573390455532502,7.568098956592655,True
YOL058W,2.5733904555325005,7.568098956592324,True
YJL088W,2.573390455532501,7.568098956592257,True
YHR018C,2.573390455532502,7.5680989565915935,True
YER069W,2.5733904555325013,7.568098956591533,True
YMR062C,2.5733904555325022,7.568098956591149,True
YER091C,2.7286054752226865,5.456167629149746,True
YGL125W,2.728605475222685,5.4561676291491334,True
YER023W,2.7805405630198865,4.730313100687473,True
YPL262W,2.7553447970614515,4.570030409879095,True
YGR193C,2.7580610493310824,4.439310638982006,True
YER178W,2.758061049331132,4.43931063898178,True
YBR221C,2.7580610493311113,4.439310638981296,True
YNL071W,2.758061049331221,4.439310638980155,True
YFL018C,2.75806104933112,4.427550255450644,True
YKL029C,2.7863368722086173,4.4012741596558795,True
YOR184W,2.7915705718763526,4.335937206307554,True
YGR208W,2.7915705718762878,4.335937206307547,True
YKL141W,2.7663988758403573,4.329388701372613,True
YLL041C,2.7663988758403453,4.3293887013720695,True
YPR021C,2.808911273275951,4.320289536034091,True
YDR353W,2.8119567908774172,4.317652475165186,True
YOR142W,2.7839690326990243,4.309014286861396,True
YGR244C,2.783969032699262,4.309014286858657,True
YIL125W,2.7839688769697415,4.309014247275687,True
YDR148C,2.783968876988946,4.309014247010053,True
YNL104C,2.811984211335356,4.306274420135458,True
YKL120W,2.811984211335313,4.3062744201343905,True
YLR058C,2.8131165719028246,4.300371581788973,True
YDL066W,2.812870317344932,4.300010403976969,True
YDL015C,2.800432116394299,4.299583830993235,True
YCR034W,2.800432116394307,4.299583830993206,True
YBR159W,2.800432116394303,4.299583830993149,True
YJL097W,2.800432116394294,4.299583830992848,True
YOR175C,2.812492758999801,4.299010898904117,True
YGR204W,2.8134791927092833,4.295907641620543,True
YKR080W,2.813479192709309,4.295907641619283,True
YOR388C,2.813421078143083,4.295893788245331,True
YKL146W,2.813938388916298,4.2950863494433005,True
YLL043W,2.8139383889196883,4.295086349397261,True
YLR028C,2.813938388920448,4.295086349388062,True
YJR040W,2.813938388921705,4.295086349369667,True
YJL198W,2.813938388921861,4.295086349369124,True
YOL151W,2.8139383889218363,4.295086349369099,True
YHR008C,2.8139383889218386,4.295086349369093,True
YGL047W,2.813938388921848,4.295086349369072,True
YJL129C,2.8139383889218657,4.295086349369059,True
YLR377C,2.8139383889218568,4.295086349368996,True
YPR145W,2.8139383889218417,4.295086349368974,True
YHR201C,2.8139383889218466,4.295086349368971,True
YLR044C,2.8139383889218306,4.295086349368962,True
YIL053W,2.813938388921857,4.295086349368941,True
YGL156W,2.8139383889218568,4.295086349368931,True
YER087W,2.813938388921811,4.295086349368924,True
YIL010W,2.8139383889218728,4.295086349368923,True
YOR283W,2.8139383889218763,4.295086349368917,True
YHR190W,2.813938388921845,4.295086349368914,True
YER141W,2.8139383889218346,4.2950863493689,True
YOL096C,2.813938388921866,4.295086349368879,True
YOL136C,2.8139383889218488,4.295086349368875,True
YHR007C,2.813938388921835,4.295086349368865,True
YER090W,2.8139383889218377,4.29508634936885,True
YMR281W,2.813938388921839,4.295086349368841,True
YPL095C,2.8139383889218452,4.295086349368817,True
YNL292W,2.813938388921847,4.295086349368817,True
YLR237W,2.8139383889218412,4.295086349368814,True
YHR109W,2.813938388921841,4.295086349368788,True
YIL066C,2.8139383889218728,4.295086349368782,True
YML022W,2.8139383889218696,4.295086349368769,True
YIL020C,2.813938388921836,4.295086349368738,True
YER081W,2.8139383889218315,4.29508634936873,True
YMR271C,2.8139383889218315,4.295086349368707,True
YIL145C,2.8139383889218887,4.295086349368695,True
YIR032C,2.8139383889218412,4.2950863493686935,True
YML070W,2.813938388921837,4.295086349368683,True
YOL126C,2.8139383889218355,4.295086349368682,True
YPL265W,2.813938388921839,4.295086349368663,True
YGR191W,2.8139383889218568,4.295086349368648,True
YML056C,2.813938388921861,4.295086349368624,True
YOL011W,2.8139383889218617,4.295086349368619,True
YGL001C,2.8139383889218696,4.295086349368619,True
YGL224C,2.813938388921872,4.2950863493686136,True
YIL134W,2.8139383889218186,4.295086349368612,True
YLR151C,2.8139383889218257,4.295086349368609,True
YFL011W,2.813938388921872,4.295086349368599,True
YMR323W,2.8139383889218395,4.295086349368598,True
YGR254W,2.813938388921844,4.295086349368597,True
YGL063W,2.813938388921846,4.295086349368586,True
YMR246W,2.8139383889218323,4.295086349368577,True
YLR360W,2.8139383889218696,4.295086349368577,True
YJR069C,2.81393838892184,4.29508634936856,True
YPL088W,2.8139383889218927,4.295086349368559,True
YER152C,2.8139383889218736,4.295086349368549,True
YOR025W,2.813938388921881,4.2950863493685425,True
YML008C,2.8139383889218728,4.29508634936854,True
YJL133W,2.81393838892189,4.295086349368532,True
YJR103W,2.8139383889218275,4.295086349368523,True
YPL104W,2.813938388921894,4.295086349368521,True
YHR128W,2.8139383889218976,4.295086349368512,True
YOL020W,2.8139383889218292,4.295086349368508,True
YGR110W,2.8139383889218452,4.295086349368502,True
YNL169C,2.8139383889218745,4.295086349368497,True
YMR165C,2.8139383889218688,4.295086349368496,True
YLR056W,2.813938388921869,4.295086349368493,True
YER062C,2.813938388921876,4.295086349368493,True
YIL116W,2.8139383889218434,4.29508634936849,True
YGL255W,2.813938388921849,4.295086349368486,True
YJL052W,2.8139383889218816,4.295086349368484,True
YIL002C,2.8139383889218683,4.295086349368468,True
YNR001C,2.8139383889218315,4.295086349368465,True
YOR099W,2.8139383889218856,4.295086349368457,True
YPL274W,2.8139383889218768,4.295086349368451,True
YKL211C,2.813938388921836,4.295086349368451,True
YMR306W,2.8139383889218634,4.295086349368447,True
YFL001W,2.8139383889218257,4.295086349368434,True
YNL054W,2.8139383889218386,4.295086349368426,True
YNL009W,2.8139383889218674,4.29508634936842,True
YLR328W,2.8139383889218803,4.295086349368416,True
YGL080W,2.8139383889218847,4.295086349368414,True
YKL087C,2.8139383889217924,4.295086349368403,True
YNL334C,2.8139383889218497,4.29508634936839,True
YHR106W,2.8139383889218683,4.295086349368389,True
YNL318C,2.813938388921877,4.295086349368386,True
YLR070C,2.8139383889218337,4.295086349368385,True
YPR156C,2.8139383889218204,4.295086349368385,True
YOL033W,2.8139383889218688,4.295086349368385,True
YJR001W,2.8139383889218674,4.295086349368383,True
YGR177C,2.813938388921835,4.295086349368382,True
YIL162W,2.813938388921876,4.295086349368363,True
YHR063C,2.813938388921892,4.295086349368349,True
YMR256C,2.8139383889218648,4.295086349368342,True
YGL008C,2.8139383889218252,4.295086349368336,True
YGR055W,2.813938388921855,4.295086349368333,True
YOR253W,2.8139383889218452,4.295086349368325,True
YPR193C,2.813938388921847,4.295086349368323,True
YJR048W,2.813938388921874,4.295086349368321,True
YNL092W,2.8139383889218363,4.295086349368315,True
YMR272C,2.813938388921849,4.295086349368314,True
YLR382C,2.813938388921832,4.295086349368302,True
YGR286C,2.813938388921902,4.2950863493683,True
YLR020C,2.81393838892184,4.295086349368294,True
YKL182W,2.813938388921851,4.295086349368288,True
YGL065C,2.8139383889218976,4.29508634936828,True
YJL121C,2.8139383889218537,4.295086349368275,True
YGR036C,2.813938388921852,4.295086349368273,True
YLR432W,2.8139383889218923,4.295086349368271,True
YGL077C,2.813938388921843,4.295086349368249,True
YHR123W,2.8139383889218714,4.295086349368245,True
YHR162W,2.8139383889218985,4.2950863493682405,True
YNR030W,2.8139383889218537,4.295086349368238,True
YIR036C,2.8139383889218617,4.295086349368235,True
YOR321W,2.8139383889218688,4.295086349368233,True
YML120C,2.8139383889218954,4.295086349368233,True
YOR251C,2.81393838892188,4.29508634936823,True
YNL065W,2.8139383889218363,4.295086349368229,True
YER037W,2.813938388921825,4.295086349368229,True
YMR041C,2.8139383889218377,4.295086349368226,True
YHR174W,2.813938388921932,4.2950863493682245,True
YFR019W,2.8139383889218963,4.295086349368223,True
YER073W,2.8139383889218856,4.295086349368215,True
YOR190W,2.8139383889218648,4.295086349368204,True
YKR031C,2.8139383889218683,4.295086349368197,True
YMR202W,2.8139383889218443,4.295086349368189,True
YMR319C,2.813938388921894,4.295086349368187,True
YCR024C,2.8139383889218275,4.295086349368179,True
YIL111W,2.813938388921849,4.295086349368178,True
YOR180C,2.813938388921902,4.295086349368172,True
YMR169C,2.8139383889218474,4.295086349368168,True
YFL053W,2.8139383889218736,4.295086349368166,True
YNL106C,2.813938388921846,4.295086349368162,True
YHR216W,2.8139383889218963,4.295086349368156,True
YLL062C,2.8139383889218954,4.295086349368145,True
YGL142C,2.813938388921866,4.295086349368131,True
YGR260W,2.813938388921878,4.295086349368127,True
YGL148W,2.8139383889218896,4.295086349368122,True
YOR303W,2.8139383889218554,4.295086349368122,True
YJL130C,2.8139383889218994,4.29508634936812,True
YPL132W,2.8139383889218497,4.295086349368115,True
YGR289C,2.813938388921899,4.295086349368115,True
YOL055C,2.8139383889218883,4.295086349368111,True
YKL004W,2.8139383889218625,4.295086349368095,True
YNL270C,2.813938388921852,4.295086349368095,True
YKL140W,2.8139383889218488,4.295086349368095,True
YOR128C,2.8139383889218523,4.295086349368093,True
YIL048W,2.813938388921866,4.2950863493680895,True
YJL153C,2.8139383889218648,4.2950863493680815,True
YKL127W,2.81393838892182,4.295086349368075,True
YER055C,2.8139383889218963,4.295086349368065,True
YGR007W,2.813938388921846,4.295086349368065,True
YOR393W,2.8139383889218523,4.295086349368062,True
YNR033W,2.8139383889218785,4.29508634936806,True
YGR255C,2.8139383889218266,4.29508634936806,True
YML042W,2.813938388921893,4.295086349368048,True
YGL084C,2.8139383889218386,4.295086349368046,True
YHR163W,2.8139383889219003,4.2950863493680425,True
YGR175C,2.8139383889218808,4.295086349368041,True
YIR028W,2.8139383889218696,4.295086349368034,True
YMR088C,2.8139383889218657,4.295086349368032,True
YGR032W,2.81393838892184,4.295086349368029,True
YLR304C,2.8139383889218528,4.295086349368027,True
YJL196C,2.8139383889219,4.295086349368024,True
YLL061W,2.813938388921865,4.295086349368022,True
YPR060C,2.8139383889218386,4.295086349368022,True
YOR171C,2.8139383889218967,4.29508634936802,True
YLR201C,2.8139383889218377,4.2950863493680185,True
YLR189C,2.8139383889218377,4.2950863493680185,True
YFR049W,2.8139383889218603,4.295086349368011,True
YGR202C,2.813938388921871,4.295086349368009,True
YJR010W,2.8139383889218683,4.295086349368005,True
YMR301C,2.813938388921857,4.295086349368003,True
YIL124W,2.813938388921875,4.295086349368001,True
YPL227C,2.8139383889218443,4.295086349367997,True
YLR057W,2.813938388921876,4.295086349367995,True
YHR011W,2.8139383889218337,4.295086349367995,True
YMR189W,2.813938388921899,4.2950863493679865,True
YGR171C,2.8139383889218443,4.295086349367986,True
YMR289W,2.8139383889219007,4.295086349367982,True
YLR155C,2.813938388921862,4.295086349367982,True
YNR013C,2.8139383889218386,4.295086349367982,True
YMR313C,2.813938388921861,4.29508634936798,True
YPL092W,2.8139383889219194,4.295086349367975,True
YMR318C,2.8139383889218794,4.295086349367974,True
YLR081W,2.8139383889218657,4.295086349367971,True
YMR008C,2.813938388921869,4.295086349367959,True
YJL060W,2.8139383889218315,4.295086349367956,True
YMR278W,2.8139383889218634,4.295086349367953,True
YER070W,2.813938388921875,4.295086349367943,True
YGL196W,2.8139383889218683,4.295086349367943,True
YGR106C,2.813938388921857,4.29508634936794,True
YLR386W,2.813938388921889,4.295086349367938,True
YPL258C,2.81393838892184,4.295086349367938,True
YJL071W,2.8139383889218403,4.295086349367937,True
YMR145C,2.813938388921841,4.295086349367925,True
YJL155C,2.813938388921878,4.2950863493679226,True
YPL036W,2.8139383889218417,4.295086349367918,True
YHL012W,2.813938388921918,4.295086349367909,True
YLR017W,2.81393838892184,4.295086349367908,True
YJR158W,2.813938388921866,4.295086349367905,True
YOR120W,2.813938388921844,4.295086349367905,True
YGL062W,2.8139383889218808,4.2950863493678995,True
YNL277W,2.8139383889218568,4.295086349367896,True
YPL281C,2.8139383889218705,4.295086349367895,True
YNL268W,2.8139383889218736,4.295086349367895,True
YNR058W,2.8139383889218457,4.295086349367894,True
YLR395C,2.813938388921886,4.295086349367886,True
YLL058W,2.8139383889218874,4.295086349367884,True
YMR226C,2.8139383889218674,4.295086349367884,True
YKR053C,2.8139383889218386,4.295086349367881,True
YJL216C,2.8139383889219074,4.295086349367879,True
YMR056C,2.8139383889218323,4.295086349367871,True
YKR058W,2.813938388921883,4.295086349367869,True
YER065C,2.8139383889218577,4.2950863493678675,True
YLR372W,2.813938388921881,4.295086349367866,True
YML125C,2.813938388921874,4.295086349367864,True
YKL216W,2.8139383889218847,4.295086349367863,True
YLL048C,2.813938388921866,4.295086349367863,True
YPR074C,2.81393838892187,4.295086349367856,True
YKL194C,2.8139383889218776,4.295086349367856,True
YMR298W,2.813938388921868,4.295086349367856,True
YGL191W,2.8139383889219216,4.295086349367855,True
YGR124W,2.8139383889218865,4.295086349367854,True
YER060W-A,2.813938388921837,4.2950863493678515,True
YOR125C,2.8139383889218434,4.295086349367849,True
YNL029C,2.8139383889218736,4.295086349367849,True
YGL234W,2.813938388921922,4.295086349367846,True
YPL015C,2.8139383889218768,4.295086349367829,True
YLL018C-A,2.8139383889218466,4.295086349367823,True
YER061C,2.8139383889218723,4.29508634936782,True
YMR243C,2.8139383889219127,4.2950863493678195,True
YKL152C,2.813938388921858,4.2950863493678195,True
YJR152W,2.8139383889218914,4.295086349367818,True
YJR155W,2.8139383889218514,4.295086349367817,True
YIL099W,2.8139383889218723,4.295086349367813,True
YNL219C,2.813938388921847,4.2950863493678115,True
YER170W,2.813938388921878,4.295086349367809,True
YLR160C,2.813938388921841,4.295086349367806,True
YGR038W,2.8139383889219074,4.295086349367806,True
YPL206C,2.8139383889218914,4.295086349367801,True
YNL192W,2.8139383889218417,4.295086349367801,True
YMR105C,2.813938388921848,4.295086349367798,True
YNL220W,2.8139383889218466,4.295086349367797,True
YKL008C,2.813938388921873,4.295086349367791,True
YLR359W,2.813938388921832,4.295086349367788,True
YNR008W,2.813938388921873,4.2950863493677875,True
YHR096C,2.8139383889218648,4.2950863493677875,True
YLR348C,2.813938388921857,4.295086349367786,True
YDR046C,2.8139383889218683,4.295086349367784,True
YOL052C,2.8139383889218803,4.2950863493677796,True
YDR268W,2.8139383889218625,4.295086349367774,True
YNL335W,2.813938388921846,4.295086349367763,True
YOR241W,2.813938388921883,4.295086349367761,True
YOL068C,2.813938388921853,4.29508634936776,True
YCR010C,2.8139383889218563,4.29508634936776,True
YFR044C,2.813938388921897,4.29508634936776,True
YBL015W,2.813938388921857,4.295086349367758,True
YER119C,2.813938388921876,4.295086349367758,True
YGR227W,2.8139383889218714,4.295086349367758,True
YML123C,2.813938388921846,4.295086349367757,True
YNL117W,2.8139383889218474,4.2950863493677565,True
YDR487C,2.813938388921857,4.2950863493677565,True
YML106W,2.813938388921872,4.295086349367755,True
YAL035W,2.8139383889218585,4.295086349367753,True
YER183C,2.8139383889218776,4.295086349367752,True
YJL100W,2.8139383889219265,4.295086349367749,True
YDL171C,2.813938388921867,4.2950863493677485,True
YGR194C,2.8139383889218923,4.295086349367747,True
YDR530C,2.813938388921864,4.295086349367744,True
YOR202W,2.813938388921926,4.295086349367744,True
YOR360C,2.8139383889218443,4.295086349367742,True
YPL189W,2.8139383889218736,4.295086349367739,True
YGR121C,2.8139383889218865,4.295086349367738,True
YKL001C,2.813938388921847,4.295086349367737,True
YBR199W,2.8139383889218696,4.295086349367735,True
YOR285W,2.8139383889219425,4.295086349367735,True
YGR143W,2.813938388921865,4.295086349367734,True
YDR297W,2.813938388921861,4.295086349367734,True
YGR065C,2.8139383889218914,4.295086349367733,True
YLR410W,2.81393838892189,4.29508634936773,True
YEL029C,2.8139383889218603,4.295086349367728,True
YLR047C,2.8139383889219243,4.295086349367722,True
YKL217W,2.813938388921933,4.295086349367718,True
YHL016C,2.8139383889219314,4.295086349367716,True
YEL031W,2.813938388921858,4.295086349367716,True
YNL202W,2.8139383889218466,4.295086349367716,True
YGR088W,2.813938388921895,4.295086349367713,True
YBR296C,2.813938388921868,4.295086349367711,True
YIL074C,2.8139383889218967,4.295086349367711,True
YBR001C,2.813938388921869,4.295086349367711,True
YLR447C,2.813938388921885,4.295086349367708,True
YOR163W,2.8139383889218563,4.295086349367707,True
YNL333W,2.813938388921844,4.295086349367706,True
YHR137W,2.813938388921923,4.295086349367703,True
YGR256W,2.8139383889218426,4.295086349367702,True
YDL040C,2.8139383889218585,4.295086349367701,True
YBR127C,2.813938388921871,4.2950863493677005,True
YDR315C,2.8139383889218648,4.2950863493677005,True
YAL012W,2.8139383889218634,4.295086349367698,True
YJR104C,2.813938388921847,4.295086349367697,True
YHR013C,2.8139383889219234,4.29508634936769,True
YAL054C,2.81393838892186,4.295086349367689,True
YDR058C,2.813938388921865,4.295086349367689,True
YGR170W,2.8139383889218466,4.295086349367687,True
YBR035C,2.813938388921861,4.295086349367687,True
YJR049C,2.8139383889218843,4.295086349367687,True
YGR155W,2.8139383889218945,4.295086349367685,True
YDR373W,2.813938388921861,4.2950863493676845,True
YBR229C,2.813938388921868,4.2950863493676845,True
YCL069W,2.813938388921872,4.295086349367684,True
YDR098C,2.813938388921861,4.295086349367683,True
YGL026C,2.8139383889218403,4.295086349367683,True
YOR317W,2.813938388921892,4.295086349367682,True
YEL070W,2.8139383889218696,4.29508634936768,True
YPR035W,2.8139383889218306,4.295086349367678,True
YDR399W,2.813938388921862,4.295086349367677,True
YLR299W,2.8139383889218785,4.295086349367676,True
YFR015C,2.8139383889218395,4.295086349367669,True
YBL033C,2.813938388921868,4.295086349367668,True
YNR060W,2.81393838892193,4.295086349367668,True
YBR243C,2.81393838892188,4.295086349367668,True
YDR300C,2.813938388921862,4.295086349367667,True
YDR452W,2.8139383889218634,4.295086349367664,True
YPL280W,2.81393838892188,4.295086349367661,True
YEL041W,2.813938388921865,4.29508634936766,True
YDL238C,2.813938388921863,4.295086349367658,True
YPL060W,2.813938388921893,4.295086349367656,True
YBR110W,2.813938388921863,4.295086349367656,True
YHR042W,2.813938388921901,4.295086349367654,True
YLR180W,2.8139383889218292,4.2950863493676525,True
YBL011W,2.8139383889218714,4.295086349367652,True
YNL038W,2.813938388921885,4.295086349367652,True
YOL092W,2.813938388921878,4.295086349367651,True
YLR109W,2.813938388921862,4.295086349367647,True
YDR036C,2.8139383889218603,4.295086349367647,True
YEL063C,2.8139383889218674,4.295086349367646,True
YLR303W,2.813938388921896,4.295086349367645,True
YDR516C,2.8139383889218617,4.295086349367644,True
YBR034C,2.8139383889218585,4.295086349367644,True
YDR302W,2.8139383889218568,4.295086349367643,True
YDR368W,2.813938388921866,4.295086349367641,True
YDR345C,2.8139383889218594,4.29508634936764,True
YNL052W,2.813938388921896,4.295086349367639,True
YDR105C,2.813938388921872,4.295086349367638,True
YDL236W,2.813938388921865,4.2950863493676374,True
YBR093C,2.8139383889218523,4.295086349367635,True
YBR263W,2.8139383889218674,4.295086349367635,True
YDL142C,2.813938388921865,4.295086349367634,True
YOR040W,2.813938388921889,4.295086349367633,True
YEL066W,2.813938388921866,4.295086349367631,True
YCL040W,2.8139383889218696,4.29508634936763,True
YDR497C,2.8139383889218608,4.29508634936763,True
YBR004C,2.813938388921858,4.295086349367627,True
YDL185W,2.813938388921874,4.295086349367627,True
YIL006W,2.8139383889218994,4.295086349367626,True
YER019W,2.813938388921877,4.295086349367625,True
YBL080C,2.8139383889218688,4.295086349367625,True
YBR121C,2.813938388921862,4.295086349367624,True
YBR145W,2.8139383889218648,4.295086349367622,True
YDL168W,2.813938388921869,4.295086349367622,True
YBR291C,2.813938388921862,4.295086349367619,True
YDR508C,2.8139383889218648,4.295086349367619,True
YDL085W,2.8139383889218643,4.295086349367618,True
YBR128C,2.8139383889218648,4.295086349367615,True
YHR094C,2.8139383889218834,4.2950863493676135,True
YBR068C,2.813938388921877,4.295086349367613,True
YEL004W,2.8139383889218648,4.295086349367612,True
YDL210W,2.813938388921867,4.295086349367612,True
YBR003W,2.813938388921869,4.295086349367612,True
YHR183W,2.8139383889219056,4.295086349367612,True
YDL246C,2.8139383889218683,4.295086349367612,True
YHR044C,2.8139383889219283,4.29508634936761,True
YBR036C,2.813938388921875,4.295086349367609,True
YDR387C,2.8139383889218683,4.295086349367609,True
YDL120W,2.8139383889218648,4.295086349367607,True
YDR305C,2.8139383889218683,4.2950863493676055,True
YNL142W,2.813938388921896,4.2950863493676055,True
YLR043C,2.81393838892187,4.295086349367605,True
YMR101C,2.8139383889218736,4.295086349367605,True
YFL055W,2.813938388921933,4.295086349367605,True
YMR015C,2.8139383889218825,4.295086349367605,True
YBR069C,2.8139383889218674,4.295086349367604,True
YJL005W,2.81393838892193,4.295086349367604,True
YBR294W,2.813938388921865,4.295086349367604,True
YPL134C,2.813938388921872,4.295086349367602,True
YCR107W,2.813938388921863,4.295086349367602,True
YOR384W,2.8139383889218887,4.295086349367601,True
YML086C,2.8139383889218816,4.295086349367599,True
YPL175W,2.81393838892187,4.295086349367599,True
YMR120C,2.813938388921858,4.295086349367599,True
YAL061W,2.813938388921866,4.295086349367597,True
YNL045W,2.8139383889218585,4.295086349367597,True
YEL017C-A,2.8139383889218736,4.295086349367593,True
YCL064C,2.813938388921868,4.295086349367593,True
YDR236C,2.8139383889218594,4.295086349367592,True
YBR046C,2.8139383889218617,4.295086349367592,True
YBR006W,2.8139383889218705,4.2950863493675895,True
YBR149W,2.8139383889218688,4.2950863493675895,True
YPR170W-B,2.8139383889218883,4.2950863493675895,True
YBR241C,2.8139383889218728,4.295086349367588,True
YDL245C,2.8139383889218714,4.295086349367586,True
YBR097W,2.813938388921876,4.295086349367586,True
YAL062W,2.813938388921866,4.295086349367585,True
YBR196C,2.813938388921872,4.295086349367585,True
YBR011C,2.813938388921866,4.295086349367584,True
YOL066C,2.8139383889218834,4.295086349367583,True
YLR211C,2.8139383889218346,4.2950863493675815,True
YOR332W,2.813938388921874,4.295086349367579,True
YKR052C,2.813938388921887,4.295086349367579,True
YGL248W,2.813938388921876,4.295086349367578,True
YBR183W,2.813938388921875,4.295086349367576,True
YDR483W,2.813938388921867,4.295086349367575,True
YCR105W,2.8139383889218634,4.295086349367574,True
YHR026W,2.8139383889218763,4.2950863493675735,True
YDR384C,2.8139383889218674,4.295086349367572,True
YER174C,2.813938388921895,4.295086349367571,True
YDR533C,2.8139383889218674,4.295086349367568,True
YBR244W,2.813938388921871,4.295086349367567,True
YEL071W,2.813938388921863,4.295086349367567,True
YBR161W,2.813938388921867,4.295086349367566,True
YOR375C,2.813938388921856,4.2950863493675655,True
YJR159W,2.8139383889218967,4.2950863493675655,True
YDR226W,2.813938388921871,4.2950863493675655,True
YOR286W,2.8139383889218754,4.2950863493675655,True
YBL013W,2.8139383889218603,4.295086349367565,True
YDR007W,2.81393838892187,4.295086349367564,True
YDR400W,2.8139383889218688,4.295086349367564,True
YNL267W,2.8139383889218936,4.295086349367563,True
YAL060W,2.8139383889218648,4.295086349367562,True
YIL172C,2.813938388921877,4.295086349367562,True
YGL253W,2.8139383889218936,4.295086349367561,True
YDR071C,2.8139383889218648,4.295086349367561,True
YDR354W,2.81393838892187,4.295086349367561,True
YEL027W,2.813938388921875,4.295086349367561,True
YEL046C,2.813938388921869,4.29508634936756,True
YDL090C,2.8139383889218688,4.29508634936756,True
YDR178W,2.8139383889218603,4.29508634936756,True
YEL042W,2.813938388921867,4.29508634936756,True
YCR036W,2.813938388921878,4.29508634936756,True
YDR513W,2.813938388921863,4.29508634936756,True
YGR043C,2.8139383889218874,4.2950863493675575,True
YBR295W,2.8139383889218754,4.2950863493675575,True
YDR376W,2.8139383889218603,4.2950863493675575,True
YBR132C,2.8139383889218745,4.295086349367557,True
YBR153W,2.813938388921878,4.295086349367552,True
YCR068W,2.8139383889218625,4.295086349367552,True
YDR539W,2.813938388921863,4.295086349367552,True
YER053C,2.813938388921877,4.295086349367552,True
YNL073W,2.8139383889218594,4.295086349367551,True
YDR050C,2.813938388921872,4.29508634936755,True
YOL103W,2.813938388921883,4.295086349367546,True
YAL044C,2.813938388921862,4.2950863493675415,True
YBR265W,2.8139383889218768,4.2950863493675415,True
YBR218C,2.8139383889218763,4.2950863493675415,True
YBR180W,2.8139383889218648,4.29508634936754,True
YDR208W,2.813938388921866,4.295086349367539,True
YBR205W,2.813938388921872,4.295086349367538,True
YBL042C,2.813938388921871,4.295086349367538,True
YDR039C,2.813938388921863,4.295086349367537,True
YDR352W,2.813938388921875,4.295086349367536,True
YDR127W,2.813938388921871,4.295086349367535,True
YBR147W,2.813938388921871,4.295086349367535,True
YCL050C,2.813938388921866,4.295086349367534,True
YBR256C,2.8139383889218776,4.295086349367534,True
YMR087W,2.813938388921858,4.295086349367534,True
YLR038C,2.813938388921838,4.2950863493675335,True
YDR147W,2.8139383889218634,4.2950863493675335,True
YJL137C,2.813938388921889,4.295086349367533,True
YAL023C,2.8139383889218643,4.295086349367533,True
YAR071W,2.813938388921868,4.295086349367533,True
YBR249C,2.813938388921878,4.295086349367533,True
YJL068C,2.813938388921849,4.295086349367532,True
YBR177C,2.813938388921867,4.29508634936753,True
YAL022C,2.813938388921862,4.29508634936753,True
YAR015W,2.8139383889218688,4.29508634936753,True
YPL091W,2.8139383889218696,4.295086349367529,True
YFL030W,2.8139383889218808,4.295086349367528,True
YMR054W,2.8139383889218887,4.295086349367527,True
YGR248W,2.813938388921935,4.295086349367526,True
YBR022W,2.8139383889218763,4.295086349367526,True
YDR403W,2.8139383889218723,4.295086349367526,True
YLR285W,2.813938388921838,4.2950863493675255,True
YLR214W,2.813938388921838,4.2950863493675255,True
YLR284C,2.813938388921838,4.2950863493675255,True
YLR245C,2.813938388921838,4.2950863493675255,True
YLR244C,2.813938388921838,4.2950863493675255,True
YLR260W,2.813938388921838,4.2950863493675255,True
YLR286C,2.813938388921838,4.2950863493675255,True
YLR258W,2.813938388921838,4.2950863493675255,True
YDL198C,2.8139383889218705,4.295086349367525,True
YDR371W,2.8139383889218674,4.295086349367524,True
YBR176W,2.8139383889218754,4.295086349367524,True
YDR093W,2.813938388921865,4.295086349367522,True
YBL039C,2.813938388921867,4.295086349367521,True
YAL039C,2.8139383889218594,4.295086349367521,True
YBR204C,2.8139383889218648,4.295086349367519,True
YKL069W,2.813938388921839,4.295086349367519,True
YBR235W,2.813938388921873,4.295086349367519,True
YDR191W,2.813938388921867,4.295086349367519,True
YCL052C,2.813938388921873,4.295086349367517,True
YCL038C,2.813938388921874,4.295086349367516,True
YDR502C,2.8139383889218745,4.295086349367516,True
YDR135C,2.813938388921872,4.295086349367516,True
YBR085W,2.8139383889218674,4.295086349367516,True
YDR402C,2.813938388921866,4.295086349367515,True
YNR072W,2.8139383889218887,4.295086349367515,True
YDR019C,2.8139383889218648,4.295086349367515,True
YJL212C,2.813938388921929,4.295086349367515,True
YCL005W-A,2.813938388921872,4.295086349367514,True
YDR111C,2.813938388921872,4.295086349367513,True
YDR242W,2.8139383889218683,4.295086349367512,True
YBL064C,2.813938388921871,4.295086349367512,True
YBR058C-A,2.8139383889218643,4.29508634936751,True
YDR173C,2.8139383889218625,4.29508634936751,True
YOR155C,2.8139383889218688,4.2950863493675095,True
YDR035W,2.8139383889218657,4.295086349367509,True
YOR381W,2.8139383889218705,4.295086349367508,True
YJL003W,2.813938388921897,4.295086349367508,True
YDR204W,2.8139383889218643,4.295086349367507,True
YDR294C,2.813938388921871,4.295086349367504,True
YEL006W,2.813938388921865,4.295086349367503,True
YBR042C,2.8139383889218768,4.295086349367501,True
YBR018C,2.8139383889218657,4.295086349367501,True
YMR058W,2.813938388921834,4.295086349367501,True
YHR046C,2.8139383889219003,4.295086349367499,True
YDR023W,2.8139383889218643,4.295086349367495,True
YBR084W,2.8139383889218785,4.295086349367495,True
YFR053C,2.8139383889218568,4.295086349367493,True
YDL178W,2.8139383889218754,4.295086349367488,True
YDR441C,2.813938388921862,4.295086349367487,True
YDR272W,2.813938388921864,4.295086349367486,True
YDR437W,2.813938388921865,4.295086349367486,True
YCR024C-A,2.8139383889218728,4.295086349367486,True
YCL035C,2.813938388921868,4.295086349367486,True
YBR281C,2.813938388921871,4.295086349367485,True
YGL101W,2.8139383889219594,4.295086349367484,True
YOL143C,2.8139383889218847,4.295086349367481,True
YGR087C,2.8139383889218403,4.29508634936748,True
YKL055C,2.8139383889219034,4.2950863493674785,True
YDR536W,2.813938388921874,4.295086349367478,True
YLL051C,2.8139383889218688,4.295086349367476,True
YBR023C,2.8139383889218714,4.295086349367475,True
YDR270W,2.813938388921869,4.295086349367475,True
YMR207C,2.813938388921935,4.295086349367475,True
YHL011C,2.8139383889218457,4.295086349367474,True
YBR252W,2.813938388921871,4.295086349367472,True
YBR117C,2.8139383889218728,4.295086349367471,True
YNL003C,2.8139383889219065,4.295086349367471,True
YLR240W,2.8139383889218417,4.2950863493674705,True
YLR153C,2.8139383889218657,4.2950863493674705,True
YDL182W,2.8139383889218714,4.2950863493674705,True
YLR174W,2.8139383889218976,4.2950863493674705,True
YAR035W,2.813938388921865,4.295086349367469,True
YDL080C,2.81393838892187,4.295086349367469,True
YER005W,2.8139383889218594,4.295086349367469,True
YAL038W,2.8139383889218688,4.295086349367468,True
YBR038W,2.8139383889218657,4.295086349367468,True
YEL039C,2.813938388921866,4.295086349367468,True
YEL021W,2.8139383889218736,4.295086349367468,True
YDR342C,2.813938388921874,4.295086349367468,True
YDR481C,2.8139383889218688,4.295086349367465,True
YDL093W,2.8139383889218714,4.295086349367464,True
YDR261C,2.813938388921873,4.29508634936746,True
YGL202W,2.813938388921925,4.295086349367459,True
YGR019W,2.813938388921896,4.295086349367456,True
YMR293C,2.8139383889219114,4.295086349367456,True
YNL130C,2.813938388921869,4.295086349367455,True
YDR231C,2.813938388921867,4.295086349367455,True
YKL148C,2.8139383889219,4.2950863493674545,True
YBR019C,2.8139383889218705,4.2950863493674545,True
YPR047W,2.8139383889218395,4.295086349367454,True
YCR083W,2.8139383889218696,4.295086349367454,True
YLR308W,2.813938388921881,4.295086349367454,True
YDL052C,2.813938388921869,4.295086349367452,True
YCR048W,2.8139383889218745,4.295086349367452,True
YDR040C,2.8139383889218696,4.295086349367451,True
YDL219W,2.813938388921875,4.29508634936745,True
YDR284C,2.8139383889218688,4.295086349367448,True
YOL156W,2.8139383889219007,4.2950863493674465,True
YKL094W,2.813938388921832,4.2950863493674465,True
YBR299W,2.813938388921876,4.295086349367446,True
YBR213W,2.8139383889218736,4.295086349367446,True
YBR020W,2.8139383889218745,4.295086349367446,True
YIL009W,2.813938388921845,4.295086349367446,True
YCL030C,2.813938388921872,4.295086349367446,True
YCL047C,2.8139383889218728,4.295086349367444,True
YDR248C,2.8139383889218785,4.295086349367442,True
YDR321W,2.8139383889218723,4.295086349367441,True
YDL174C,2.8139383889218705,4.295086349367441,True
YOR100C,2.8139383889218683,4.295086349367441,True
YCR037C,2.813938388921855,4.295086349367441,True
YDL243C,2.8139383889218785,4.295086349367437,True
YNR041C,2.8139383889218976,4.295086349367436,True
YIR037W,2.8139383889219007,4.295086349367434,True
YBR002C,2.81393838892187,4.295086349367432,True
YDR017C,2.8139383889218736,4.295086349367432,True
YMR241W,2.8139383889218594,4.295086349367427,True
YDR020C,2.813938388921871,4.295086349367426,True
YDR408C,2.8139383889218648,4.2950863493674225,True
YGR010W,2.8139383889218554,4.295086349367422,True
YMR261C,2.8139383889219083,4.295086349367419,True
YPR159W,2.813938388921899,4.295086349367417,True
YIL043C,2.813938388921905,4.295086349367417,True
YOR011W,2.8139383889219047,4.295086349367416,True
YDL022W,2.813938388921872,4.2950863493674145,True
YAL026C,2.8139383889218603,4.295086349367411,True
YDR456W,2.813938388921874,4.295086349367411,True
YBL068W,2.813938388921873,4.29508634936741,True
YDR538W,2.8139383889218705,4.295086349367409,True
YDR001C,2.8139383889218705,4.295086349367407,True
YLR350W,2.8139383889218816,4.295086349367407,True
YLR307W,2.813938388921871,4.2950863493674065,True
YDL247W,2.8139383889218768,4.2950863493674065,True
YDL042C,2.8139383889218688,4.295086349367405,True
YDL215C,2.81393838892187,4.295086349367404,True
YEL051W,2.8139383889218745,4.295086349367404,True
YOR002W,2.813938388921843,4.295086349367401,True
YDR367W,2.81393838892188,4.2950863493674,True
YHR116W,2.81393838892187,4.2950863493673985,True
YBR298C,2.813938388921875,4.295086349367398,True
YDR009W,2.813938388921877,4.295086349367397,True
YJR109C,2.8139383889218963,4.295086349367397,True
YPR081C,2.8139383889218452,4.295086349367395,True
YJR110W,2.813938388921892,4.295086349367395,True
YPL087W,2.813938388921883,4.295086349367395,True
YMR296C,2.8139383889219043,4.295086349367394,True
YBR070C,2.8139383889218728,4.295086349367393,True
YLR345W,2.8139383889218816,4.295086349367392,True
YFR025C,2.8139383889219403,4.295086349367391,True
YNL129W,2.8139383889219034,4.295086349367391,True
YJL091C,2.813938388921924,4.2950863493673905,True
YKR066C,2.8139383889218856,4.29508634936739,True
YBR092C,2.813938388921868,4.295086349367387,True
YMR170C,2.813938388921905,4.295086349367385,True
YJR009C,2.813938388921841,4.295086349367384,True
YKR061W,2.8139383889218723,4.295086349367383,True
YIR029W,2.8139383889218803,4.295086349367382,True
YGR234W,2.813938388921939,4.295086349367381,True
YHR104W,2.8139383889218794,4.295086349367381,True
YKR043C,2.813938388921874,4.295086349367381,True
YDR287W,2.8139383889218688,4.295086349367379,True
YHR043C,2.813938388921925,4.295086349367378,True
YDR109C,2.8139383889218754,4.295086349367377,True
YBR166C,2.8139383889218754,4.295086349367375,True
YBR248C,2.8139383889218808,4.2950863493673745,True
YER060W,2.8139383889218874,4.2950863493673745,True
YEL069C,2.8139383889218794,4.2950863493673745,True
YGR144W,2.8139383889218923,4.295086349367371,True
YBR192W,2.8139383889218785,4.295086349367367,True
YOR374W,2.813938388921858,4.2950863493673666,True
YBR293W,2.8139383889218696,4.2950863493673666,True
YEL038W,2.813938388921871,4.295086349367365,True
YBR026C,2.813938388921882,4.295086349367363,True
YJL139C,2.8139383889219247,4.2950863493673594,True
YPL059W,2.8139383889218696,4.2950863493673594,True
YOR311C,2.813938388921923,4.2950863493673594,True
YFL059W,2.813938388921884,4.295086349367359,True
YPL212C,2.8139383889218426,4.295086349367356,True
YCR011C,2.8139383889218754,4.2950863493673515,True
YNL036W,2.8139383889218497,4.2950863493673515,True
YGR282C,2.813938388921901,4.29508634936735,True
YBR111C,2.8139383889218794,4.295086349367348,True
YMR205C,2.8139383889218657,4.295086349367345,True
YNR073C,2.813938388921878,4.295086349367345,True
YPL273W,2.8139383889218923,4.295086349367341,True
YLR305C,2.8139383889218883,4.29508634936734,True
YKL174C,2.81393838892192,4.295086349367337,True
YDR038C,2.813938388921864,4.295086349367337,True
YPR184W,2.813938388921894,4.295086349367337,True
YPR003C,2.813938388921912,4.295086349367336,True
YDL095W,2.8139383889218723,4.295086349367334,True
YOR323C,2.813938388921895,4.295086349367334,True
YBL030C,2.813938388921867,4.295086349367331,True
YNL316C,2.813938388921874,4.295086349367328,True
YPR036W,2.813938388921838,4.2950863493673275,True
YDR453C,2.813938388921875,4.295086349367327,True
YCR098C,2.8139383889218794,4.295086349367325,True
YGL027C,2.81393838892192,4.295086349367322,True
YER086W,2.813938388921927,4.2950863493673195,True
YER024W,2.8139383889219425,4.295086349367319,True
YDR343C,2.813938388921883,4.295086349367319,True
YDR062W,2.8139383889218794,4.295086349367317,True
YJL126W,2.8139383889219283,4.295086349367316,True
YGR096W,2.813938388921894,4.295086349367315,True
YPL188W,2.8139383889219283,4.295086349367313,True
YGR240C,2.8139383889218754,4.295086349367312,True
YOR377W,2.8139383889218483,4.295086349367309,True
YGL187C,2.81393838892189,4.295086349367308,True
YOR222W,2.8139383889218794,4.295086349367307,True
YOR161C,2.8139383889218874,4.295086349367307,True
YNL241C,2.8139383889219096,4.295086349367303,True
YER010C,2.8139383889218705,4.295086349367301,True
YHR091C,2.8139383889219074,4.295086349367301,True
YGR015C,2.8139383889218594,4.295086349367301,True
YGR061C,2.8139383889218617,4.295086349367298,True
YBR242W,2.8139383889218794,4.295086349367297,True
YDL131W,2.813938388921871,4.2950863493672955,True
YCL009C,2.813938388921888,4.295086349367295,True
YGR292W,2.8139383889219216,4.295086349367291,True
YCL004W,2.8139383889218843,4.295086349367291,True
YCR075C,2.813938388921873,4.29508634936729,True
YDR072C,2.8139383889218754,4.295086349367288,True
YGR154C,2.813938388921858,4.295086349367285,True
YNR019W,2.813938388921907,4.2950863493672795,True
YDR503C,2.813938388921875,4.295086349367278,True
YFL060C,2.8139383889219007,4.295086349367274,True
YJL012C,2.8139383889219247,4.295086349367274,True
YGL256W,2.813938388921889,4.295086349367274,True
YMR006C,2.813938388921905,4.2950863493672715,True
YGL225W,2.813938388921918,4.295086349367265,True
YOR071C,2.8139383889219203,4.295086349367265,True
YGR287C,2.813938388921924,4.2950863493672635,True
YHR039C-A,2.8139383889219163,4.295086349367258,True
YLR100W,2.8139383889218745,4.295086349367258,True
YKR076W,2.8139383889218816,4.295086349367258,True
YNR056C,2.813938388921875,4.2950863493672555,True
YLR092W,2.813938388921887,4.295086349367255,True
YMR300C,2.8139383889219305,4.295086349367252,True
YHR100C,2.8139383889218754,4.295086349367252,True
YGR216C,2.813938388921927,4.29508634936725,True
YKL218C,2.8139383889219194,4.295086349367244,True
YLR420W,2.813938388921878,4.295086349367243,True
YML082W,2.8139383889219176,4.295086349367242,True
YLR354C,2.813938388921892,4.295086349367241,True
YMR322C,2.8139383889219247,4.295086349367235,True
YOL086C,2.813938388921881,4.295086349367234,True
YNL274C,2.8139383889219056,4.295086349367233,True
YGR012W,2.8139383889218457,4.295086349367233,True
YPR118W,2.813938388921882,4.295086349367232,True
YER175C,2.8139383889219003,4.295086349367229,True
YOR348C,2.8139383889219234,4.295086349367228,True
YOR347C,2.813938388921892,4.295086349367226,True
YLL015W,2.81393838892189,4.295086349367222,True
YKL080W,2.813938388921872,4.295086349367221,True
YBL091C,2.8139383889218683,4.2950863493672164,True
YHR092C,2.8139383889218723,4.295086349367214,True
YGR060W,2.8139383889218985,4.295086349367203,True
YJR019C,2.8139383889218905,4.295086349367202,True
YJR153W,2.8139383889218976,4.295086349367197,True
YLR342W,2.813938388921893,4.295086349367197,True
YJR143C,2.8139383889218945,4.295086349367195,True
YLR351C,2.8139383889219163,4.295086349367193,True
YMR110C,2.8139383889218923,4.29508634936719,True
YKL060C,2.813938388921893,4.295086349367184,True
YPL231W,2.813938388921919,4.295086349367183,True
YGR247W,2.8139383889218674,4.295086349367183,True
YHR068W,2.813938388921938,4.295086349367182,True
YML035C,2.813938388921888,4.295086349367182,True
YKL035W,2.8139383889218914,4.295086349367182,True
YLR134W,2.8139383889218883,4.29508634936718,True
YML075C,2.813938388921844,4.295086349367179,True
YLL057C,2.813938388921908,4.295086349367179,True
YKL026C,2.8139383889218883,4.295086349367178,True
YMR083W,2.8139383889218625,4.295086349367165,True
YPL096C-A,2.8139383889218967,4.295086349367165,True
YJR077C,2.813938388921865,4.295086349367164,True
YIR027C,2.8139383889218728,4.295086349367163,True
YKL103C,2.8139383889218794,4.295086349367162,True
YGR046W,2.8139383889219043,4.295086349367156,True
YOL157C,2.8139383889218914,4.2950863493671525,True
YLR130C,2.813938388921893,4.295086349367145,True
YJL026W,2.813938388921911,4.295086349367142,True
YLR133W,2.813938388921898,4.295086349367142,True
YPL234C,2.8139383889218603,4.2950863493671365,True
YNL141W,2.8139383889218936,4.295086349367133,True
YNR057C,2.813938388921922,4.295086349367126,True
YLL001W,2.813938388921936,4.2950863493671125,True
YOR245C,2.8139383889219176,4.295086349367107,True
YOR108W,2.813938388921898,4.295086349367106,True
YLR138W,2.813938388921897,4.2950863493671045,True
YKR097W,2.8139383889218927,4.295086349367103,True
YHL032C,2.813938388921936,4.295086349367098,True
YPL040C,2.8139383889219,4.29508634936709,True
YER099C,2.813938388921917,4.2950863493670886,True
YGL037C,2.813938388921898,4.295086349367088,True
YHR002W,2.813938388921905,4.295086349367088,True
YJL214W,2.813938388921904,4.2950863493670814,True
YKR069W,2.8139383889218985,4.295086349367077,True
YNL229C,2.8139383889219,4.295086349367076,True
YLR446W,2.813938388921926,4.295086349367075,True
YIL155C,2.8139383889219522,4.295086349367074,True
YOL059W,2.813938388921922,4.295086349367073,True
YPR140W,2.8139383889218803,4.295086349367072,True
YKR089C,2.8139383889218976,4.295086349367065,True
YPR138C,2.8139383889218776,4.295086349367058,True
YMR013C,2.813938388921921,4.295086349367057,True
YFR030W,2.8139383889219336,4.295086349367057,True
YPR026W,2.8139383889219194,4.295086349367049,True
YHL003C,2.813938388921915,4.295086349367044,True
YKR093W,2.8139383889218994,4.295086349367039,True
YJR051W,2.813938388921929,4.295086349367039,True
YPL023C,2.8139383889219265,4.295086349367036,True
YJR131W,2.8139383889218603,4.295086349367033,True
YIR031C,2.8139383889219016,4.295086349367025,True
YMR250W,2.813938388921931,4.295086349367025,True
YKL019W,2.8139383889219136,4.295086349367023,True
YLR158C,2.813938388921874,4.295086349367019,True
YOR109W,2.8139383889218976,4.295086349367019,True
YPL057C,2.813938388921904,4.295086349367019,True
YHL036W,2.8139383889219314,4.295086349367015,True
YER042W,2.813938388921865,4.2950863493670095,True
YNL101W,2.8139383889219385,4.2950863493670095,True
YHR215W,2.8139383889219056,4.295086349367004,True
YJR024C,2.8139383889219225,4.295086349367002,True
YGL012W,2.8139383889219327,4.295086349367001,True
YKL212W,2.813938388921928,4.295086349366992,True
YPR062W,2.8139383889218292,4.29508634936699,True
YJL045W,2.813938388921872,4.295086349366987,True
YPR192W,2.8139383889218763,4.295086349366987,True
YPL069C,2.813938388921906,4.29508634936697,True
YJR057W,2.8139383889219265,4.295086349366969,True
YOR192C,2.8139383889219034,4.295086349366958,True
YML004C,2.8139383889219025,4.295086349366958,True
YMR011W,2.813938388921909,4.295086349366948,True
YJL221C,2.8139383889219096,4.295086349366947,True
YOR270C,2.8139383889219025,4.29508634936694,True
YMR162C,2.8139383889219225,4.295086349366936,True
YMR303C,2.8139383889219576,4.2950863493669305,True
YGL067W,2.813938388921871,4.2950863493669305,True
YER056C,2.813938388921905,4.295086349366925,True
YPL214C,2.8139383889218728,4.295086349366915,True
YNR067C,2.813938388921908,4.2950863493669145,True
YNL331C,2.813938388921897,4.295086349366912,True
YJR133W,2.813938388921898,4.295086349366907,True
YOR149C,2.8139383889219265,4.295086349366901,True
YFL061W,2.8139383889218883,4.295086349366899,True
YHR067W,2.8139383889219007,4.295086349366897,True
YLL053C,2.8139383889219256,4.295086349366893,True
YML059C,2.8139383889218976,4.29508634936689,True
YPL268W,2.8139383889219096,4.29508634936688,True
YMR009W,2.8139383889219287,4.295086349366878,True
YGR192C,2.813938388921935,4.295086349366865,True
YLR172C,2.8139383889219194,4.295086349366863,True
YHR072W,2.813938388921928,4.295086349366853,True
YJR130C,2.8139383889218865,4.295086349366853,True
YLR157C,2.813938388921929,4.295086349366832,True
YLR164W,2.813938388921908,4.29508634936682,True
YLL031C,2.8139383889219203,4.295086349366804,True
YKL150W,2.813938388921924,4.295086349366804,True
YPL120W,2.8139383889218847,4.2950863493668,True
YGL038C,2.813938388921895,4.2950863493667955,True
YMR099C,2.813938388921909,4.295086349366795,True
YHR051W,2.8139383889219056,4.29508634936679,True
YKL181W,2.8139383889219194,4.295086349366786,True
YGR243W,2.813938388921887,4.295086349366779,True
YPR069C,2.8139383889218657,4.295086349366777,True
YKL192C,2.813938388921927,4.295086349366775,True
YBR222C,2.8139383889219203,4.295086349366772,True
YML110C,2.813938388921922,4.29508634936676,True
YPR139C,2.8139383889219327,4.295086349366757,True
YLL012W,2.813938388921927,4.295086349366751,True
YLL028W,2.8139383889219216,4.295086349366745,True
YGL184C,2.8139383889219247,4.295086349366737,True
YPL097W,2.8139383889219536,4.295086349366736,True
YMR210W,2.8139383889219163,4.295086349366732,True
YLR300W,2.813938388921932,4.295086349366726,True
YNL325C,2.813938388921922,4.295086349366725,True
YML100W,2.8139383889219363,4.2950863493667235,True
YPL053C,2.813938388921927,4.295086349366711,True
YGR020C,2.8139383889219056,4.29508634936671,True
YOR126C,2.813938388921925,4.295086349366703,True
YNR012W,2.813938388921921,4.2950863493667,True
YPL244C,2.8139383889218976,4.2950863493667,True
YHL018W,2.813938388921929,4.2950863493666995,True
YML054C,2.813938388921898,4.295086349366694,True
YLL052C,2.813938388921892,4.29508634936669,True
YOR334W,2.813938388921929,4.295086349366681,True
YPL252C,2.813938388921927,4.29508634936668,True
YOR081C,2.813938388921931,4.29508634936668,True
YPL061W,2.81393838892193,4.295086349366677,True
YKL184W,2.8139383889219314,4.2950863493666755,True
YOR067C,2.813938388921926,4.295086349366669,True
YIL013C,2.813938388921901,4.295086349366669,True
YFR021W,2.81393838892193,4.295086349366665,True
YOL065C,2.8139383889219287,4.295086349366653,True
YGR062C,2.8139383889218954,4.295086349366649,True
YJR095W,2.8139383889218643,4.295086349366647,True
YKL132C,2.8139383889218883,4.29508634936663,True
YFL058W,2.8139383889218976,4.295086349366623,True
YNL191W,2.8139383889218985,4.2950863493666205,True
YLR146C,2.8139383889219296,4.295086349366609,True
YPR121W,2.8139383889219136,4.2950863493666045,True
YPL110C,2.8139383889219034,4.295086349366599,True
YKL215C,2.813938388921932,4.29508634936659,True
YGR138C,2.8139383889219007,4.295086349366582,True
YKL106W,2.8139383889218568,4.295086349366574,True
YJR160C,2.8139383889219065,4.295086349366574,True
YJR013W,2.813938388921927,4.295086349366563,True
YPL076W,2.8139383889219345,4.29508634936656,True
YOR316C,2.8139383889219283,4.29508634936656,True
YOR391C,2.8139383889219327,4.295086349366553,True
YJL219W,2.81393838892192,4.295086349366544,True
YOR209C,2.813938388921933,4.295086349366539,True
YOR221C,2.8139383889219336,4.295086349366537,True
YOL152W,2.8139383889219345,4.295086349366513,True
YJL200C,2.813938388921837,4.295086349366512,True
YGR180C,2.813938388921895,4.295086349366508,True
YKL165C,2.8139383889219323,4.295086349366506,True
YGL169W,2.8139383889219,4.295086349366496,True
YOL061W,2.813938388921936,4.2950863493664775,True
YJR137C,2.8139383889219096,4.295086349366467,True
YNL048W,2.8139383889219403,4.295086349366463,True
YNL280C,2.813938388921928,4.2950863493664455,True
YPR160W,2.813938388921916,4.295086349366444,True
YIL107C,2.8139383889219234,4.295086349366425,True
YKL220C,2.813938388921918,4.295086349366421,True
YOR273C,2.8139383889219207,4.295086349366419,True
YGR209C,2.813938388921927,4.2950863493663975,True
YCL025C,2.8139383889219522,4.2950863493663824,True
YER163C,2.8139383889219234,4.295086349366343,True
YIL023C,2.8139383889219247,4.295086349366333,True
YLR089C,2.8139383889219247,4.295086349366325,True
YGL167C,2.8139383889219256,4.295086349366316,True
YGL006W,2.813938388921921,4.295086349366292,True
YMR020W,2.8139383889219096,4.29508634936628,True
YJL134W,2.813938388921897,4.2950863493662625,True
YPR167C,2.813938388921922,4.295086349366219,True
YKL085W,2.8139383889219323,4.2950863493661995,True
YFL054C,2.813938388921924,4.295086349366184,True
YLR450W,2.8139383889219585,4.295086349366162,True
YOL165C,2.8139383889219345,4.295086349366141,True
YFR055W,2.813938388921929,4.295086349365412,True
YJR149W,2.8139383889222014,4.295086349363243,True
YOR143C,2.813938360486728,4.295086342467885,True
YDL024C,2.8139382467460776,4.295086314867902,True
YDL100C,2.813938088457018,4.295086276458445,True
YPR058W,2.8139335225747257,4.295085168525906,True
YHR144C,2.8139042671429766,4.2950780695595645,True
YDL166C,2.8138530860261337,4.295065650228509,True
YCR028C,2.8138228177206908,4.295058305484665,True
YLR231C,2.813334701136522,4.294939861757758,True
YFR047C,2.8133347011365393,4.2949398617576815,True
YBL098W,2.8133347011365433,4.294939861757256,True
YJR078W,2.8133347011367067,4.2949398617548376,True
YJR025C,2.8133347011365903,4.294939861752907,True
YDR428C,2.813334701137181,4.294939861748353,True
YOR306C,2.813187209349906,4.294904072197442,True
YLR209C,2.8129775796142344,4.29485320458177,True
YJR105W,2.812459058041659,4.292853225801673,True
YER015W,2.813737897127628,4.291150278806498,True
YBR021W,2.7952587811054364,4.290553656836556,True
YPL147W,2.813684510443749,4.290103270480744,True
YKL188C,2.813684510443791,4.290103270480072,True
YDR380W,2.8136904092763886,4.288808895089981,True
YPR127W,2.809898028522902,4.287888656501801,True
YNR027W,2.8098980285232056,4.2878886564968335,True
YCR005C,2.8134030059636803,4.2845899820823,True
YLR438W,2.813938388921864,4.284025518957394,True
YPL111W,2.8139383889218896,4.284025518957322,True
YBR208C,2.8139383889218794,4.284025518956977,True
YPR128C,2.813618007410824,4.283346346443112,True
YMR267W,2.780891371028843,4.281213591424153,True
YIL166C,2.797413188333147,4.260360292120932,True
YOL064C,2.813200083391519,4.259215169492004,True
YPL148C,2.8132000833915587,4.259215169490827,True
YPR011C,2.8132000833914836,4.259215169490816,True
YPR002W,2.8131996755640714,4.259215092839447,True
YPR001W,2.8131996755669353,4.259215092801977,True
YPR006C,2.8131996755738107,4.2592150927085655,True
YGR277C,2.8131073335019394,4.259197736825379,True
YDR256C,2.8117427338036696,4.252328404196179,True
YLR142W,2.813938388921838,4.225956979956184,True
YHR037W,2.813938388921932,4.22595697995554,True
YOR136W,2.7984586913137113,4.21610513796971,True
YNL037C,2.798458691313755,4.216105137969077,True
YGL186C,2.7418725636257606,4.176917196578182,True
YLR011W,2.8139383889219265,4.093986784879482,True
YCR012W,2.738148506976289,4.089479021708556,True
YKR009C,2.8014303662857065,4.061239526933635,True
YGL205W,2.8014303662857083,4.061239526933455,True
YIL160C,2.801430366285742,4.061239526933227,True
YDL078C,2.801430366285677,4.061239526933006,True
YBR041W,2.6079907131447464,4.038546597378069,True
YEL047C,2.8139383889218643,4.0282639778007,True
YPL271W,1.0609167225714768,2.8379203783950016,True
YPL078C,1.060916722571423,2.8379203783940774,True
YLR295C,1.0609167225714173,2.837920378394034,True
YOL077W-A,1.0609167225714173,2.8379203783939957,True
YML081C-A,1.0609167225714229,2.83792037839387,True
YJR121W,1.0609167225714338,2.837920378393674,True
YDL004W,1.0609167225714453,2.8379203783936093,True
Q0130,1.060916722571444,2.837920378393594,True
YDR322C-A,1.0609167225714482,2.8379203783935405,True
YDR377W,1.0609167225714446,2.837920378393538,True
Q0080,1.0609167225714482,2.8379203783935294,True
YBL099W,1.060916722571448,2.837920378393476,True
YBR039W,1.0609167225714518,2.837920378393448,True
Q0085,1.0609167225714533,2.8379203783934246,True
YDR298C,1.060916722571459,2.8379203783932425,True
YKL016C,1.0609167225714755,2.8379203783927105,True
YPR020W,1.0609167225714422,2.8379203783888722,True
YOR065W,0.553874737356299,2.7911280935823344,True
YJL166W,0.5538747373563516,2.791128093581063,True
YHR001W-A,0.5538747373563083,2.7911280935809164,True
YPR191W,0.5538747373563545,2.791128093580571,True
YFR033C,0.5538747373563249,2.7911280935801948,True
YGR183C,0.553874737356346,2.7911280935795713,True
Q0105,0.553874737356357,2.7911280935793505,True
YBL045C,0.5538747373563581,2.7911280935793474,True
YDR529C,0.5538747373563593,2.791128093579159,True
YEL024W,0.5538747373563591,2.79112809357915,True
Q0045,0.5508216588212498,1.9504916442947504,True
YDL067C,0.5508216588212513,1.9504916442944717,True
Q0275,0.5508216588212523,1.9504916442944513,True
Q0250,0.5508216588212524,1.950491644294373,True
YJR073C,0.0,0.0,False
YPL028W,0.0,0.0,False
YHR074W,0.0,0.0,False
YPR113W,0.0,0.0,False
YOR168W,0.0,0.0,False
YOR176W,0.0,0.0,False
YOR236W,0.0,0.0,False
YBR126C,0.0,0.0,False
YPR033C,0.0,0.0,False
YPL160W,0.0,0.0,False
YOR278W,0.0,0.0,False
YPL117C,0.0,0.0,False
YPL172C,0.0,0.0,False
YOR335C,0.0,0.0,False
YGR094W,0.0,0.0,False
YNL247W,0.0,0.0,False
YGR185C,0.0,0.0,False
YGR157W,0.0,0.0,False
YOR095C,0.0,0.0,False
YOR074C,0.0,0.0,False
YDR341C,0.0,0.0,False
YML126C,0.0,0.0,False
YKL104C,0.0,0.0,False
YDR232W,0.0,0.0,False
YFL017C,0.0,0.0,False
YFL022C,0.0,0.0,False
YNR016C,0.0,0.0,False
YOL097C,0.0,0.0,False
YOL122C,0.0,0.0,False
YOL130W,0.0,0.0,False
YOR054C,0.0,0.0,False
YKL088W,0.0,0.0,False
YDL055C,0.0,0.0,False
YDL045C,0.0,0.0,False
YNR043W,0.0,0.0,False
YOL049W,0.0,0.0,False
YDL205C,0.0,0.0,False
YDL141W,0.0,0.0,False
YDL103C,0.0,0.0,False
YJL101C,0.0,0.0,False
YMR217W,0.0,0.0,False
YMR208W,0.0,0.0,False
YMR113W,0.0,0.0,False
YMR220W,0.0,0.0,False
YGL055W,0.0,0.0,False
YGL040C,0.0,0.0,False
YJL167W,0.0,0.0,False
YGL245W,0.0,0.0,False
YDR037W,0.0,0.0,False
YDR196C,0.0,0.0,False
YDR044W,0.0,0.0,False
YDR047W,0.0,0.0,False
YDR074W,0.0,0.0,False
YNL256W,0.0,0.0,False
YNL275W,0.0,0.0,False
YKL067W,0.0,0.0,False
YPR165W,0.0,0.0,False
YGR264C,0.0,0.0,False
YGR267C,0.0,0.0,False
YIL078W,0.0,0.0,False
YKL024C,0.0,0.0,False
YDR531W,0.0,0.0,False
YKR039W,0.0,0.0,False
YDR454C,0.0,0.0,False
YHR020W,0.0,0.0,False
YHR019C,0.0,0.0,False
YFL045C,0.0,0.0,False
YER003C,0.0,0.0,False
YER014W,0.0,0.0,False
YLL018C,0.0,0.0,False
YLR060W,0.0,0.0,False
YEL058W,0.0,0.0,False
YKR072C,0.0,0.0,False
YKR067W,0.0,0.0,False
YPR183W,0.0,0.0,False
YIL083C,0.0,0.0,False
YBR029C,0.0,0.0,False
YER026C,0.0,0.0,False
YER043C,0.0,0.0,False
YBL076C,0.0,0.0,False
