species,gene,backup,combined,coexpression,experiments,database,textmining
4932,YAL038W,YOR347C,0.984,0.0,0.845,0.9,0.065
4932,YBL030C,YBR085W,0.867,0.0,0.784,0.4,0.055
4932,YBL030C,YMR056C,0.776,0.09,0.612,0.4,0.059
4932,YBR002C,YMR101C,0.953,0.0,0.428,0.9,0.193
4932,YBR038W,YBR023C,0.975,0.067,0.428,0.9,0.554
4932,YBR038W,YNL192W,0.922,0.0,0.0,0.9,0.185
4932,YBR252W,YJR069C,0.985,0.263,0.493,0.9,0.647
4932,YDR023W,YHR011W,0.918,0.0,0.0,0.9,0.097
4932,YDR302W,YLL031C,0.998,0.099,0.175,0.9,0.979
4932,YDR376W,YER141W,0.989,0.044,0.0,0.0,0.989
4932,YDR376W,YPL252C,0.999,0.043,0.946,0.916,0.999
4932,YGL008C,YCR024C-A,0.898,0.245,0.616,0.0,0.679
4932,YGL008C,YEL017C-A,0.749,0.182,0.396,0.0,0.533
4932,YGL008C,YPL036W,0.916,0.093,0.129,0.9,0.056
4932,YJL026W,YER070W,0.999,0.538,0.928,0.9,0.994
4932,YJL026W,YGR180C,0.999,0.639,0.999,0.9,0.464
4932,YJL026W,YIL066C,0.999,0.567,0.554,0.9,0.996
4932,YKL035W,YHL012W,0.999,0.0,0.994,0.9,0.088
4932,YLL031C,YDR302W,0.998,0.099,0.175,0.9,0.979
4932,YLR305C,YJL100W,0.999,0.0,0.225,0.9,0.994
4932,YPL252C,YDR376W,0.999,0.043,0.946,0.916,0.999
4932,YPL252C,YER141W,0.992,0.075,0.0,0.0,0.985
