gene	classification
Q0045	TP
Q0080	TP
Q0085	TP
Q0105	TP
Q0130	TP
Q0250	TP
Q0275	TP
YAL012W	TP
YAL022C	TP
YAL023C	TP
YAL026C	TP
YAL035W	TP
YAL038W	FP
YAL039C	TP
YAL044C	TP
YAL054C	TP
YAL060W	TP
YAL062W	TP
YAR015W	TP
YAR035W	TP
YAR071W	TP
YBL011W	TP
YBL013W	TP
YBL015W	TP
YBL030C	FP
YBL033C	TP
YBL039C	TP
YBL042C	TP
YBL045C	TP
YBL064C	TP
YBL068W	TP
YBL076C	TN
YBL080C	TP
YBL091C	TP
YBL098W	TP
YBL099W	TP
YBR001C	TP
YBR002C	FP
YBR003W	TP
YBR004C	FP
YBR006W	TP
YBR011C	FP
YBR018C	TP
YBR019C	TP
YBR020W	TP
YBR021W	TP
YBR022W	TP
YBR023C	TP
YBR026C	TP
YBR029C	TN
YBR034C	TP
YBR035C	TP
YBR036C	TP
YBR038W	FP
YBR039W	TP
YBR041W	TP
YBR042C	TP
YBR046C	TP
YBR058C-A	TP
YBR068C	TP
YBR069C	TP
YBR070C	FP
YBR084W	TP
YBR085W	TP
YBR092C	TP
YBR093C	TP
YBR097W	TP
YBR110W	FP
YBR111C	TP
YBR115C	TP
YBR117C	TP
YBR121C	TP
YBR126C	FN
YBR127C	TP
YBR128C	TP
YBR132C	TP
YBR145W	TP
YBR147W	TP
YBR149W	TP
YBR153W	FP
YBR159W	TP
YBR161W	TP
YBR166C	TP
YBR176W	TP
YBR177C	TP
YBR180W	TP
YBR183W	TP
YBR192W	FP
YBR196C	FP
YBR199W	TP
YBR204C	TP
YBR205W	TP
YBR208C	TP
YBR213W	TP
YBR218C	TP
YBR221C	TP
YBR222C	TP
YBR229C	TP
YBR235W	TP
YBR243C	FP
YBR244W	TP
YBR248C	TP
YBR249C	TP
YBR252W	FP
YBR256C	FP
YBR263W	TP
YBR265W	FP
YBR281C	TP
YBR291C	TP
YBR293W	TP
YBR294W	TP
YBR295W	TP
YBR296C	TP
YBR298C	TP
YBR299W	TP
YCL004W	TP
YCL005W-A	TP
YCL009C	TP
YCL018W	TP
YCL025C	TP
YCL030C	TP
YCL035C	TP
YCL038C	TP
YCL040W	TP
YCL047C	TP
YCL050C	TP
YCL052C	FP
YCL064C	TP
YCL069W	TP
YCR005C	TP
YCR010C	TP
YCR011C	TP
YCR012W	FP
YCR024C	TP
YCR024C-A	TP
YCR028C	TP
YCR034W	TP
YCR036W	TP
YCR037C	TP
YCR048W	TP
YCR053W	TP
YCR068W	TP
YCR075C	TP
YCR083W	TP
YCR098C	TP
YCR105W	TP
YCR107W	TP
YDL004W	FP
YDL015C	FP
YDL022W	TP
YDL024C	TP
YDL040C	TP
YDL042C	TP
YDL045C	TN
YDL052C	TP
YDL055C	TN
YDL066W	TP
YDL067C	TP
YDL078C	TP
YDL080C	TP
YDL085W	TP
YDL090C	TP
YDL093W	TP
YDL095W	TP
YDL100C	TP
YDL103C	TN
YDL120W	FP
YDL131W	TP
YDL141W	TN
YDL142C	TP
YDL166C	FP
YDL168W	TP
YDL171C	TP
YDL174C	TP
YDL178W	TP
YDL182W	TP
YDL185W	TP
YDL198C	TP
YDL205C	TN
YDL210W	TP
YDL215C	TP
YDL219W	TP
YDL236W	TP
YDL238C	TP
YDL243C	TP
YDL245C	TP
YDL247W	TP
YDR001C	TP
YDR007W	TP
YDR009W	TP
YDR017C	TP
YDR019C	TP
YDR023W	FP
YDR035W	TP
YDR036C	TP
YDR037W	TN
YDR038C	TP
YDR039C	TP
YDR040C	TP
YDR044W	TN
YDR046C	TP
YDR047W	TN
YDR050C	FP
YDR058C	TP
YDR062W	FP
YDR071C	TP
YDR072C	TP
YDR074W	FN
YDR093W	TP
YDR098C	TP
YDR105C	TP
YDR127W	TP
YDR135C	TP
YDR147W	TP
YDR148C	TP
YDR158W	TP
YDR173C	TP
YDR178W	TP
YDR191W	TP
YDR196C	TN
YDR204W	TP
YDR208W	FP
YDR226W	TP
YDR231C	TP
YDR232W	TN
YDR234W	TP
YDR236C	FP
YDR242W	TP
YDR256C	TP
YDR261C	TP
YDR268W	TP
YDR270W	TP
YDR272W	TP
YDR284C	TP
YDR287W	TP
YDR294C	TP
YDR297W	TP
YDR298C	TP
YDR300C	TP
YDR302W	FP
YDR305C	TP
YDR315C	TP
YDR321W	TP
YDR322C-A	TP
YDR341C	TN
YDR342C	TP
YDR343C	TP
YDR345C	TP
YDR352W	TP
YDR353W	FP
YDR354W	TP
YDR367W	FP
YDR368W	TP
YDR373W	FP
YDR376W	FP
YDR377W	TP
YDR380W	TP
YDR384C	TP
YDR399W	TP
YDR400W	TP
YDR402C	TP
YDR403W	TP
YDR408C	TP
YDR428C	TP
YDR437W	FP
YDR441C	TP
YDR452W	TP
YDR453C	TP
YDR454C	TN
YDR456W	TP
YDR481C	TP
YDR483W	TP
YDR487C	FP
YDR497C	TP
YDR502C	TP
YDR503C	TP
YDR508C	TP
YDR513W	TP
YDR516C	TP
YDR529C	TP
YDR530C	TP
YDR531W	TN
YDR533C	TP
YDR536W	TP
YDR538W	TP
YDR539W	TP
YEL004W	TP
YEL006W	TP
YEL017C-A	TP
YEL021W	TP
YEL024W	TP
YEL027W	TP
YEL029C	TP
YEL031W	TP
YEL038W	TP
YEL039C	TP
YEL041W	TP
YEL042W	TP
YEL046C	TP
YEL047C	TP
YEL051W	TP
YEL058W	TN
YEL063C	TP
YEL066W	TP
YEL069C	TP
YEL071W	TP
YER003C	TN
YER005W	TP
YER010C	TP
YER014W	FN
YER015W	TP
YER019W	TP
YER023W	FP
YER024W	TP
YER026C	FN
YER037W	TP
YER042W	TP
YER043C	TN
YER052C	TP
YER053C	TP
YER055C	TP
YER056C	TP
YER060W	TP
YER060W-A	TP
YER061C	TP
YER062C	TP
YER065C	TP
YER069W	TP
YER070W	TP
YER073W	TP
YER081W	TP
YER086W	TP
YER087W	TP
YER090W	TP
YER091C	TP
YER099C	TP
YER119C	TP
YER141W	TP
YER152C	TP
YER163C	TP
YER170W	TP
YER174C	TP
YER175C	TP
YER178W	TP
YER183C	TP
YFL001W	TP
YFL011W	TP
YFL017C	TN
YFL018C	TP
YFL022C	TN
YFL030W	TP
YFL045C	TN
YFL053W	TP
YFL055W	TP
YFL058W	TP
YFL059W	TP
YFL060C	TP
YFR015C	TP
YFR019W	TP
YFR021W	TP
YFR025C	TP
YFR030W	TP
YFR033C	TP
YFR044C	TP
YFR047C	TP
YFR049W	TP
YFR053C	TP
YGL001C	FP
YGL006W	TP
YGL008C	FP
YGL009C	TP
YGL012W	TP
YGL026C	TP
YGL027C	TP
YGL037C	TP
YGL038C	TP
YGL040C	TN
YGL047W	FP
YGL055W	TN
YGL062W	TP
YGL063W	TP
YGL065C	FP
YGL067W	TP
YGL077C	TP
YGL080W	TP
YGL084C	TP
YGL125W	TP
YGL142C	FP
YGL148W	TP
YGL154C	TP
YGL156W	TP
YGL167C	TP
YGL169W	FP
YGL184C	TP
YGL186C	TP
YGL187C	TP
YGL191W	TP
YGL196W	TP
YGL202W	TP
YGL205W	TP
YGL224C	TP
YGL225W	FP
YGL234W	TP
YGL245W	TN
YGL248W	TP
YGL253W	TP
YGL255W	TP
YGL256W	TP
YGR007W	TP
YGR010W	TP
YGR012W	TP
YGR019W	TP
YGR020C	TP
YGR032W	TP
YGR036C	TP
YGR038W	TP
YGR043C	TP
YGR046W	FP
YGR055W	TP
YGR060W	FP
YGR061C	TP
YGR062C	TP
YGR065C	FP
YGR087C	TP
YGR088W	TP
YGR094W	TN
YGR096W	TP
YGR106C	TP
YGR110W	TP
YGR121C	TP
YGR124W	TP
YGR138C	TP
YGR143W	TP
YGR144W	TP
YGR154C	TP
YGR155W	TP
YGR157W	FN
YGR170W	TP
YGR171C	TP
YGR175C	FP
YGR177C	TP
YGR180C	TP
YGR183C	TP
YGR185C	TN
YGR191W	FP
YGR192C	TP
YGR193C	TP
YGR194C	TP
YGR202C	TP
YGR204W	TP
YGR208W	TP
YGR209C	TP
YGR216C	FP
YGR227W	TP
YGR234W	TP
YGR240C	TP
YGR243W	TP
YGR244C	TP
YGR247W	TP
YGR248W	TP
YGR254W	TP
YGR255C	TP
YGR256W	TP
YGR260W	TP
YGR264C	TN
YGR267C	TN
YGR277C	FP
YGR282C	TP
YGR286C	TP
YGR287C	TP
YGR289C	TP
YGR292W	TP
YHL003C	TP
YHL011C	TP
YHL016C	TP
YHL032C	TP
YHL036W	TP
YHR001W-A	TP
YHR002W	TP
YHR007C	FP
YHR008C	TP
YHR011W	TP
YHR013C	TP
YHR018C	TP
YHR019C	TN
YHR020W	TN
YHR025W	TP
YHR026W	TP
YHR037W	TP
YHR039C-A	TP
YHR042W	FP
YHR043C	TP
YHR044C	TP
YHR046C	TP
YHR051W	TP
YHR063C	TP
YHR067W	TP
YHR068W	FP
YHR072W	FP
YHR074W	TN
YHR091C	TP
YHR092C	TP
YHR094C	TP
YHR096C	TP
YHR100C	TP
YHR104W	TP
YHR106W	TP
YHR109W	TP
YHR116W	TP
YHR123W	TP
YHR128W	FP
YHR137W	TP
YHR144C	TP
YHR162W	TP
YHR163W	TP
YHR174W	TP
YHR183W	TP
YHR190W	FP
YHR201C	TP
YHR208W	TP
YHR215W	TP
YHR216W	TP
YIL002C	TP
YIL006W	TP
YIL009W	TP
YIL010W	TP
YIL013C	TP
YIL020C	TP
YIL023C	TP
YIL043C	TP
YIL048W	FP
YIL053W	TP
YIL066C	TP
YIL074C	TP
YIL078W	TN
YIL083C	TN
YIL094C	TP
YIL099W	TP
YIL107C	TP
YIL111W	TP
YIL116W	TP
YIL124W	TP
YIL125W	TP
YIL134W	TP
YIL145C	TP
YIL155C	TP
YIL160C	TP
YIL162W	TP
YIL172C	TP
YIR027C	TP
YIR028W	TP
YIR029W	TP
YIR031C	TP
YIR032C	TP
YIR034C	TP
YIR037W	TP
YJL003W	TP
YJL005W	FP
YJL012C	TP
YJL026W	FP
YJL045W	TP
YJL052W	TP
YJL060W	TP
YJL068C	TP
YJL071W	TP
YJL088W	TP
YJL091C	FP
YJL097W	FP
YJL100W	TP
YJL101C	TN
YJL121C	TP
YJL126W	TP
YJL129C	TP
YJL130C	TP
YJL133W	TP
YJL134W	TP
YJL137C	TP
YJL139C	TP
YJL153C	TP
YJL155C	TP
YJL166W	TP
YJL167W	TN
YJL196C	TP
YJL198W	TP
YJL200C	TP
YJL212C	TP
YJL214W	TP
YJL216C	TP
YJL219W	TP
YJL221C	TP
YJR001W	TP
YJR009C	TP
YJR010W	TP
YJR013W	FP
YJR016C	FP
YJR019C	TP
YJR024C	TP
YJR025C	TP
YJR040W	TP
YJR048W	TP
YJR049C	TP
YJR051W	TP
YJR057W	FP
YJR069C	TP
YJR073C	FN
YJR077C	TP
YJR078W	TP
YJR095W	TP
YJR103W	TP
YJR104C	TP
YJR105W	TP
YJR109C	TP
YJR110W	TP
YJR121W	TP
YJR130C	TP
YJR131W	TP
YJR133W	TP
YJR137C	TP
YJR139C	TP
YJR143C	TP
YJR148W	TP
YJR152W	TP
YJR153W	TP
YJR155W	TP
YJR158W	TP
YJR159W	TP
YJR160C	TP
YKL001C	TP
YKL004W	FP
YKL008C	TP
YKL016C	TP
YKL019W	FP
YKL024C	TN
YKL026C	TP
YKL029C	TP
YKL035W	FP
YKL055C	TP
YKL060C	FP
YKL067W	FN
YKL069W	TP
YKL080W	TP
YKL085W	TP
YKL087C	TP
YKL088W	TN
YKL094W	TP
YKL103C	TP
YKL104C	TN
YKL106W	TP
YKL120W	TP
YKL127W	TP
YKL132C	TP
YKL140W	TP
YKL141W	FP
YKL146W	TP
YKL148C	TP
YKL150W	TP
YKL152C	FP
YKL165C	FP
YKL174C	TP
YKL181W	TP
YKL182W	FP
YKL184W	TP
YKL188C	TP
YKL192C	TP
YKL194C	TP
YKL211C	TP
YKL212W	TP
YKL215C	TP
YKL216W	TP
YKL217W	TP
YKL218C	TP
YKL220C	TP
YKR009C	TP
YKR031C	TP
YKR039W	FN
YKR043C	TP
YKR052C	TP
YKR053C	TP
YKR058W	TP
YKR061W	TP
YKR066C	TP
YKR067W	FN
YKR069W	TP
YKR072C	FN
YKR076W	TP
YKR080W	TP
YKR089C	TP
YKR093W	TP
YKR097W	TP
YLL001W	TP
YLL012W	TP
YLL015W	TP
YLL018C	TN
YLL018C-A	TP
YLL028W	TP
YLL031C	FP
YLL041C	TP
YLL043W	TP
YLL048C	TP
YLL051C	TP
YLL052C	TP
YLL057C	TP
YLL061W	TP
YLL062C	TP
YLR011W	TP
YLR017W	TP
YLR020C	TP
YLR027C	TP
YLR028C	TP
YLR038C	TP
YLR043C	TP
YLR044C	TP
YLR047C	TP
YLR056W	TP
YLR057W	TP
YLR058C	TP
YLR060W	TN
YLR070C	TP
YLR081W	TP
YLR089C	TP
YLR092W	TP
YLR100W	FP
YLR109W	TP
YLR130C	TP
YLR133W	TP
YLR134W	TP
YLR138W	TP
YLR142W	TP
YLR146C	TP
YLR151C	TP
YLR153C	FP
YLR155C	TP
YLR157C	TP
YLR158C	TP
YLR160C	TP
YLR164W	TP
YLR172C	TP
YLR174W	TP
YLR180W	TP
YLR189C	TP
YLR201C	TP
YLR209C	TP
YLR214W	TP
YLR231C	TP
YLR237W	TP
YLR240W	TP
YLR244C	TP
YLR245C	TP
YLR258W	TP
YLR260W	TP
YLR284C	TP
YLR285W	TP
YLR286C	TP
YLR295C	TP
YLR299W	TP
YLR300W	TP
YLR303W	TP
YLR304C	TP
YLR305C	FP
YLR307W	TP
YLR308W	TP
YLR328W	TP
YLR342W	TP
YLR348C	TP
YLR350W	TP
YLR351C	TP
YLR354C	TP
YLR355C	FP
YLR359W	FP
YLR360W	TP
YLR372W	TP
YLR377C	TP
YLR382C	TP
YLR386W	TP
YLR395C	TP
YLR410W	TP
YLR420W	TP
YLR432W	TP
YLR438W	TP
YLR447C	TP
YLR450W	TP
YML004C	TP
YML008C	TP
YML022W	TP
YML035C	TP
YML042W	TP
YML054C	TP
YML056C	TP
YML059C	TP
YML070W	TP
YML075C	TP
YML081C-A	TP
YML086C	TP
YML100W	TP
YML106W	TP
YML110C	TP
YML120C	TP
YML123C	TP
YML125C	FP
YML126C	TN
YMR006C	TP
YMR008C	TP
YMR009W	TP
YMR011W	TP
YMR013C	FP
YMR015C	TP
YMR020W	TP
YMR041C	TP
YMR054W	TP
YMR056C	TP
YMR058W	TP
YMR062C	TP
YMR083W	TP
YMR087W	TP
YMR088C	TP
YMR099C	TP
YMR101C	TP
YMR105C	TP
YMR108W	FP
YMR110C	TP
YMR113W	TN
YMR120C	TP
YMR145C	TP
YMR162C	TP
YMR165C	TP
YMR169C	TP
YMR170C	TP
YMR189W	TP
YMR202W	TP
YMR205C	TP
YMR207C	TP
YMR208W	TN
YMR210W	TP
YMR217W	FN
YMR220W	TN
YMR226C	TP
YMR241W	TP
YMR243C	TP
YMR246W	TP
YMR250W	TP
YMR256C	TP
YMR261C	TP
YMR267W	TP
YMR271C	TP
YMR272C	TP
YMR278W	TP
YMR281W	FP
YMR289W	TP
YMR293C	TP
YMR296C	FP
YMR298W	FP
YMR300C	TP
YMR301C	FP
YMR303C	TP
YMR306W	TP
YMR313C	TP
YMR318C	TP
YMR319C	TP
YMR323W	TP
YNL003C	TP
YNL009W	TP
YNL029C	TP
YNL036W	FP
YNL037C	TP
YNL038W	FP
YNL045W	TP
YNL048W	TP
YNL052W	TP
YNL054W	TP
YNL065W	TP
YNL071W	TP
YNL073W	TP
YNL101W	TP
YNL104C	TP
YNL106C	TP
YNL117W	TP
YNL129W	TP
YNL130C	TP
YNL141W	TP
YNL142W	TP
YNL169C	TP
YNL191W	TP
YNL192W	TP
YNL202W	TP
YNL219C	TP
YNL220W	TP
YNL229C	TP
YNL241C	TP
YNL247W	TN
YNL256W	TN
YNL267W	FP
YNL268W	TP
YNL270C	TP
YNL274C	TP
YNL275W	FN
YNL277W	TP
YNL280C	TP
YNL292W	TP
YNL316C	TP
YNL318C	TP
YNL325C	TP
YNL331C	TP
YNL333W	TP
YNL334C	TP
YNR001C	TP
YNR008W	TP
YNR012W	TP
YNR013C	TP
YNR016C	TN
YNR019W	TP
YNR027W	TP
YNR030W	TP
YNR033W	TP
YNR041C	TP
YNR043W	TN
YNR050C	TP
YNR056C	TP
YNR057C	TP
YNR058W	TP
YNR060W	TP
YNR067C	TP
YNR072W	TP
YOL011W	TP
YOL020W	TP
YOL033W	TP
YOL049W	TN
YOL052C	TP
YOL055C	TP
YOL058W	TP
YOL059W	TP
YOL061W	TP
YOL064C	TP
YOL065C	TP
YOL066C	FP
YOL068C	TP
YOL077W-A	TP
YOL086C	TP
YOL092W	TP
YOL096C	TP
YOL097C	TN
YOL103W	TP
YOL122C	FN
YOL126C	TP
YOL130W	TN
YOL136C	TP
YOL140W	TP
YOL143C	TP
YOL151W	TP
YOL152W	TP
YOL156W	TP
YOL157C	TP
YOL165C	TP
YOR002W	TP
YOR011W	TP
YOR025W	TP
YOR040W	TP
YOR054C	FN
YOR065W	TP
YOR067C	TP
YOR071C	TP
YOR074C	TN
YOR081C	TP
YOR095C	TN
YOR099W	TP
YOR100C	TP
YOR108W	TP
YOR109W	TP
YOR120W	TP
YOR125C	TP
YOR126C	TP
YOR128C	TP
YOR130C	TP
YOR136W	TP
YOR142W	TP
YOR143C	FP
YOR149C	FP
YOR155C	TP
YOR161C	TP
YOR163W	TP
YOR168W	TN
YOR171C	TP
YOR175C	TP
YOR176W	TN
YOR180C	TP
YOR184W	TP
YOR190W	TP
YOR192C	TP
YOR202W	TP
YOR209C	TP
YOR221C	TP
YOR222W	TP
YOR236W	TN
YOR241W	TP
YOR245C	TP
YOR251C	TP
YOR253W	TP
YOR270C	TP
YOR273C	TP
YOR278W	TN
YOR283W	TP
YOR285W	TP
YOR286W	TP
YOR303W	TP
YOR306C	TP
YOR311C	TP
YOR316C	TP
YOR317W	TP
YOR321W	TP
YOR323C	TP
YOR332W	TP
YOR334W	TP
YOR335C	TN
YOR347C	TP
YOR348C	TP
YOR360C	TP
YOR374W	TP
YOR375C	TP
YOR377W	TP
YOR381W	TP
YOR384W	TP
YOR388C	TP
YOR391C	TP
YOR393W	TP
YPL015C	TP
YPL023C	TP
YPL028W	TN
YPL036W	TP
YPL040C	TP
YPL053C	TP
YPL057C	TP
YPL059W	TP
YPL060W	TP
YPL061W	TP
YPL069C	TP
YPL076W	FP
YPL078C	TP
YPL087W	TP
YPL091W	TP
YPL092W	TP
YPL095C	TP
YPL096C-A	TP
YPL097W	TP
YPL104W	TP
YPL110C	TP
YPL111W	TP
YPL117C	TN
YPL120W	TP
YPL132W	TP
YPL134C	TP
YPL147W	TP
YPL148C	TP
YPL160W	TN
YPL172C	FN
YPL175W	FP
YPL188W	TP
YPL189W	TP
YPL206C	TP
YPL212C	TP
YPL214C	TP
YPL227C	TP
YPL231W	FP
YPL234C	TP
YPL244C	TP
YPL252C	FP
YPL258C	TP
YPL262W	TP
YPL265W	TP
YPL268W	TP
YPL271W	TP
YPL273W	TP
YPL274W	TP
YPL281C	TP
YPR001W	TP
YPR002W	TP
YPR006C	TP
YPR020W	TP
YPR021C	TP
YPR026W	TP
YPR033C	TN
YPR035W	FP
YPR036W	TP
YPR047W	TP
YPR058W	TP
YPR060C	TP
YPR062W	TP
YPR069C	TP
YPR074C	TP
YPR081C	TP
YPR113W	TN
YPR118W	TP
YPR121W	TP
YPR127W	TP
YPR128C	TP
YPR138C	TP
YPR139C	TP
YPR140W	TP
YPR145W	TP
YPR156C	TP
YPR159W	TP
YPR160W	TP
YPR165W	TN
YPR167C	TP
YPR183W	TN
YPR184W	TP
YPR191W	TP
YPR192W	TP
YPR193C	TP
