locus	sassetti
Rv0001	essential
Rv0002	no-data
Rv0003	non-essential
Rv0004	non-essential
Rv0005	essential
Rv0006	no-data
Rv0007	no-data
Rv0008c	non-essential
Rv0009	non-essential
Rv0010c	non-essential
Rv0011c	non-essential
Rv0012	non-essential
Rv0013	no-data
Rv0014c	essential
Rv0015c	essential
Rv0016c	non-essential
Rv0017c	non-essential
Rv0018c	non-essential
Rv0019c	non-essential
Rv0020c	non-essential
Rv0021c	non-essential
Rv0022c	non-essential
Rv0023	non-essential
Rv0024	non-essential
Rv0025	non-essential
Rv0026	non-essential
Rv0027	non-essential
Rv0028	no-data
Rv0029	non-essential
Rv0030	non-essential
Rv0031	non-essential
Rv0032	non-essential
Rv0033	non-essential
Rv0034	non-essential
Rv0035	non-essential
Rv0036c	non-essential
Rv0037c	non-essential
Rv0038	non-essential
Rv0039c	non-essential
Rv0040c	non-essential
Rv0041	essential
Rv0042c	no-data
Rv0043c	non-essential
Rv0044c	non-essential
Rv0045c	non-essential
Rv0046c	non-essential
Rv0047c	non-essential
Rv0048c	non-essential
Rv0049	non-essential
Rv0050	non-essential
Rv0051	non-essential
Rv0052	non-essential
Rv0053	no-data
Rv0054	no-data
Rv0055	no-data
Rv0056	no-data
Rv0057	no-data
Rv0058	essential
Rv0059	non-essential
Rv0060	essential
Rv0061	non-essential
Rv0062	non-essential
Rv0063	non-essential
Rv0064	non-essential
Rv0065	non-essential
Rv0066c	non-essential
Rv0067c	no-data
Rv0068	non-essential
Rv0069c	non-essential
Rv0070c	non-essential
Rv0071	non-essential
Rv0072	non-essential
Rv0073	non-essential
Rv0074	no-data
Rv0075	non-essential
Rv0076c	non-essential
Rv0077c	non-essential
Rv0078	no-data
Rv0078A	no-data
Rv0079	non-essential
Rv0080	non-essential
Rv0081	non-essential
Rv0082	non-essential
Rv0083	non-essential
Rv0084	non-essential
Rv0085	essential
Rv0086	essential
Rv0087	no-data
Rv0088	no-data
Rv0089	no-data
Rv0090	non-essential
Rv0091	non-essential
Rv0092	non-essential
Rv0093c	no-data
Rv0094c	non-essential
Rv0095c	non-essential
Rv0096	no-data
Rv0097	non-essential
Rv0098	non-essential
Rv0099	non-essential
Rv0100	non-essential
Rv0101	non-essential
Rv0102	essential
Rv0103c	non-essential
Rv0104	non-essential
Rv0105c	non-essential
Rv0106	no-data
Rv0107c	non-essential
Rv0108c	non-essential
Rv0109	no-data
Rv0110	non-essential
Rv0111	non-essential
Rv0112	essential
Rv0113	non-essential
Rv0114	non-essential
Rv0115	non-essential
Rv0116c	non-essential
Rv0117	non-essential
Rv0118c	essential
Rv0119	no-data
Rv0120c	no-data
Rv0121c	non-essential
Rv0122	non-essential
Rv0123	non-essential
Rv0124	no-data
Rv0125	no-data
Rv0126	growth-defect
Rv0127	essential
Rv0128	non-essential
Rv0129c	non-essential
Rv0130	non-essential
Rv0131c	non-essential
Rv0132c	non-essential
Rv0133	non-essential
Rv0134	non-essential
Rv0135c	non-essential
Rv0136	non-essential
Rv0137c	non-essential
Rv0138	non-essential
Rv0139	non-essential
Rv0140	non-essential
Rv0141c	non-essential
Rv0142	non-essential
Rv0143c	non-essential
Rv0144	non-essential
Rv0145	non-essential
Rv0146	non-essential
Rv0147	non-essential
Rv0148	non-essential
Rv0149	non-essential
Rv0150c	no-data
Rv0151c	non-essential
Rv0152c	non-essential
Rv0153c	no-data
Rv0154c	non-essential
Rv0155	no-data
Rv0156	non-essential
Rv0157	non-essential
Rv0158	non-essential
Rv0159c	non-essential
Rv0160c	non-essential
Rv0161	no-data
Rv0162c	non-essential
Rv0163	non-essential
Rv0164	no-data
Rv0165c	non-essential
Rv0166	non-essential
Rv0167	no-data
Rv0168	non-essential
Rv0169	non-essential
Rv0170	non-essential
Rv0171	non-essential
Rv0172	no-data
Rv0173	non-essential
Rv0174	non-essential
Rv0175	non-essential
Rv0176	non-essential
Rv0177	non-essential
Rv0178	non-essential
Rv0179c	non-essential
Rv0180c	no-data
Rv0181c	non-essential
Rv0182c	non-essential
Rv0183	non-essential
Rv0184	non-essential
Rv0185	non-essential
Rv0186	no-data
Rv0187	non-essential
Rv0188	non-essential
Rv0189c	essential
Rv0190	non-essential
Rv0191	non-essential
Rv0192	non-essential
Rv0193c	non-essential
Rv0194	non-essential
Rv0195	non-essential
Rv0196	non-essential
Rv0197	non-essential
Rv0198c	non-essential
Rv0199	no-data
Rv0200	non-essential
Rv0201c	non-essential
Rv0202c	non-essential
Rv0203	no-data
Rv0204c	non-essential
Rv0205	essential
Rv0206c	non-essential
Rv0207c	non-essential
Rv0208c	essential
Rv0209	non-essential
Rv0210	non-essential
Rv0211	no-data
Rv0212c	non-essential
Rv0213c	non-essential
Rv0214	non-essential
Rv0215c	non-essential
Rv0216	non-essential
Rv0217c	non-essential
Rv0218	no-data
Rv0219	non-essential
Rv0220	non-essential
Rv0221	no-data
Rv0222	no-data
Rv0223c	no-data
Rv0224c	essential
Rv0225	no-data
Rv0226c	essential
Rv0227c	essential
Rv0228	essential
Rv0229c	non-essential
Rv0230c	non-essential
Rv0231	non-essential
Rv0232	non-essential
Rv0233	non-essential
Rv0234c	no-data
Rv0235c	non-essential
Rv0236A	no-data
Rv0236c	essential
Rv0237	non-essential
Rv0238	non-essential
Rv0239	non-essential
Rv0240	non-essential
Rv0241c	non-essential
Rv0242c	non-essential
Rv0243	non-essential
Rv0244c	no-data
Rv0245	non-essential
Rv0246	non-essential
Rv0247c	no-data
Rv0248c	no-data
Rv0249c	non-essential
Rv0250c	non-essential
Rv0251c	non-essential
Rv0252	non-essential
Rv0253	non-essential
Rv0254c	non-essential
Rv0255c	non-essential
Rv0256c	non-essential
Rv0257	no-data
Rv0258c	non-essential
Rv0259c	non-essential
Rv0260c	non-essential
Rv0261c	non-essential
Rv0262c	non-essential
Rv0263c	non-essential
Rv0264c	non-essential
Rv0265c	non-essential
Rv0266c	non-essential
Rv0267	non-essential
Rv0268c	non-essential
Rv0269c	non-essential
Rv0270	non-essential
Rv0271c	non-essential
Rv0272c	non-essential
Rv0273c	non-essential
Rv0274	non-essential
Rv0275c	no-data
Rv0276	non-essential
Rv0277c	non-essential
Rv0278c	no-data
Rv0279c	no-data
Rv0280	no-data
Rv0281	non-essential
Rv0282	essential
Rv0283	essential
Rv0284	essential
Rv0285	essential
Rv0286	essential
Rv0287	no-data
Rv0288	non-essential
Rv0289	essential
Rv0290	essential
Rv0291	essential
Rv0292	essential
Rv0293c	non-essential
Rv0294	non-essential
Rv0295c	non-essential
Rv0296c	non-essential
Rv0297	non-essential
Rv0298	non-essential
Rv0299	non-essential
Rv0300	non-essential
Rv0301	non-essential
Rv0302	non-essential
Rv0303	non-essential
Rv0304c	non-essential
Rv0305c	non-essential
Rv0306	non-essential
Rv0307c	non-essential
Rv0308	no-data
Rv0309	no-data
Rv0310c	non-essential
Rv0311	essential
Rv0312	essential
Rv0313	non-essential
Rv0314c	non-essential
Rv0315	non-essential
Rv0316	non-essential
Rv0317c	non-essential
Rv0318c	non-essential
Rv0319	non-essential
Rv0320	non-essential
Rv0321	non-essential
Rv0322	non-essential
Rv0323c	non-essential
Rv0324	non-essential
Rv0325	non-essential
Rv0326	non-essential
Rv0327c	no-data
Rv0328	non-essential
Rv0329c	non-essential
Rv0330c	non-essential
Rv0331	non-essential
Rv0332	non-essential
Rv0333	non-essential
Rv0334	essential
Rv0335c	essential
Rv0336	non-essential
Rv0337c	essential
Rv0338c	essential
Rv0339c	no-data
Rv0340	non-essential
Rv0341	non-essential
Rv0342	non-essential
Rv0343	no-data
Rv0344c	non-essential
Rv0345	non-essential
Rv0346c	non-essential
Rv0347	essential
Rv0348	non-essential
Rv0349	non-essential
Rv0350	essential
Rv0351	essential
Rv0352	essential
Rv0353	non-essential
Rv0354c	non-essential
Rv0355c	no-data
Rv0356c	non-essential
Rv0357c	essential
Rv0358	no-data
Rv0359	non-essential
Rv0360c	non-essential
Rv0361	non-essential
Rv0362	non-essential
Rv0363c	no-data
Rv0364	no-data
Rv0365c	non-essential
Rv0366c	non-essential
Rv0367c	non-essential
Rv0368c	non-essential
Rv0369c	non-essential
Rv0370c	no-data
Rv0371c	non-essential
Rv0372c	essential
Rv0373c	non-essential
Rv0374c	growth-defect
Rv0375c	non-essential
Rv0376c	non-essential
Rv0377	non-essential
Rv0378	no-data
Rv0379	non-essential
Rv0380c	non-essential
Rv0381c	non-essential
Rv0382c	non-essential
Rv0383c	essential
Rv0384c	essential
Rv0385	non-essential
Rv0386	non-essential
Rv0387c	non-essential
Rv0388c	non-essential
Rv0389	non-essential
Rv0390	non-essential
Rv0391	non-essential
Rv0392c	non-essential
Rv0393	non-essential
Rv0394c	non-essential
Rv0395	non-essential
Rv0396	non-essential
Rv0397	non-essential
Rv0398c	no-data
Rv0399c	essential
Rv0400c	essential
Rv0401	non-essential
Rv0402c	non-essential
Rv0403c	non-essential
Rv0404	essential
Rv0405	non-essential
Rv0406c	non-essential
Rv0407	non-essential
Rv0408	no-data
Rv0409	non-essential
Rv0410c	essential
Rv0411c	essential
Rv0412c	essential
Rv0413	non-essential
Rv0414c	no-data
Rv0415	essential
Rv0416	essential
Rv0417	essential
Rv0418	non-essential
Rv0419	non-essential
Rv0420c	non-essential
Rv0421c	non-essential
Rv0422c	essential
Rv0423c	essential
Rv0424c	non-essential
Rv0425c	essential
Rv0426c	no-data
Rv0427c	no-data
Rv0428c	non-essential
Rv0429c	essential
Rv0430	essential
Rv0431	non-essential
Rv0432	non-essential
Rv0433	non-essential
Rv0434	non-essential
Rv0435c	non-essential
Rv0436c	no-data
Rv0437c	non-essential
Rv0438c	non-essential
Rv0439c	non-essential
Rv0440	essential
Rv0441c	non-essential
Rv0442c	non-essential
Rv0443	non-essential
Rv0444c	non-essential
Rv0445c	non-essential
Rv0446c	non-essential
Rv0447c	non-essential
Rv0448c	non-essential
Rv0449c	no-data
Rv0450c	essential
Rv0451c	non-essential
Rv0452	non-essential
Rv0453	non-essential
Rv0454	non-essential
Rv0455c	non-essential
Rv0456A	no-data
Rv0456c	non-essential
Rv0457c	non-essential
Rv0458	non-essential
Rv0459	non-essential
Rv0460	no-data
Rv0461	non-essential
Rv0462	essential
Rv0463	non-essential
Rv0464c	non-essential
Rv0465c	no-data
Rv0466	non-essential
Rv0467	no-data
Rv0468	non-essential
Rv0469	non-essential
Rv0470A	no-data
Rv0470c	non-essential
Rv0471c	non-essential
Rv0472c	non-essential
Rv0473	non-essential
Rv0474	non-essential
Rv0475	non-essential
Rv0476	non-essential
Rv0477	non-essential
Rv0478	non-essential
Rv0479c	essential
Rv0480c	non-essential
Rv0481c	non-essential
Rv0482	non-essential
Rv0483	non-essential
Rv0484c	non-essential
Rv0485	non-essential
Rv0486	no-data
Rv0487	non-essential
Rv0488	no-data
Rv0489	no-data
Rv0490	non-essential
Rv0491	non-essential
Rv0492A	no-data
Rv0492c	non-essential
Rv0493c	non-essential
Rv0494	non-essential
Rv0495c	non-essential
Rv0496	non-essential
Rv0497	non-essential
Rv0498	non-essential
Rv0499	non-essential
Rv0500	essential
Rv0500A	no-data
Rv0500B	no-data
Rv0501	non-essential
Rv0502	non-essential
Rv0503c	non-essential
Rv0504c	non-essential
Rv0505c	non-essential
Rv0506	non-essential
Rv0507	non-essential
Rv0508	non-essential
Rv0509	essential
Rv0510	essential
Rv0511	essential
Rv0512	no-data
Rv0513	non-essential
Rv0514	non-essential
Rv0515	non-essential
Rv0516c	non-essential
Rv0517	non-essential
Rv0518	non-essential
Rv0519c	non-essential
Rv0520	non-essential
Rv0521	no-data
Rv0522	no-data
Rv0523c	non-essential
Rv0524	essential
Rv0525	essential
Rv0526	essential
Rv0527	essential
Rv0528	essential
Rv0529	essential
Rv0530	non-essential
Rv0531	non-essential
Rv0532	no-data
Rv0533c	non-essential
Rv0534c	non-essential
Rv0535	no-data
Rv0536	non-essential
Rv0537c	non-essential
Rv0538	no-data
Rv0539	non-essential
Rv0540	essential
Rv0541c	essential
Rv0542c	essential
Rv0543c	non-essential
Rv0544c	no-data
Rv0545c	no-data
Rv0546c	non-essential
Rv0547c	non-essential
Rv0548c	non-essential
Rv0549c	non-essential
Rv0550c	non-essential
Rv0551c	non-essential
Rv0552	growth-defect
Rv0553	essential
Rv0554	growth-defect
Rv0555	essential
Rv0556	essential
Rv0557	essential
Rv0558	essential
Rv0559c	non-essential
Rv0560c	non-essential
Rv0561c	no-data
Rv0562	essential
Rv0563	non-essential
Rv0564c	non-essential
Rv0565c	non-essential
Rv0566c	non-essential
Rv0567	non-essential
Rv0568	non-essential
Rv0569	non-essential
Rv0570	non-essential
Rv0571c	no-data
Rv0572c	non-essential
Rv0573c	non-essential
Rv0574c	non-essential
Rv0575c	non-essential
Rv0576	non-essential
Rv0577	non-essential
Rv0578c	non-essential
Rv0579	non-essential
Rv0580c	non-essential
Rv0581	non-essential
Rv0582	non-essential
Rv0583c	non-essential
Rv0584	non-essential
Rv0585c	non-essential
Rv0586	non-essential
Rv0587	non-essential
Rv0588	essential
Rv0589	non-essential
Rv0590	no-data
Rv0590A	no-data
Rv0591	non-essential
Rv0592	non-essential
Rv0593	non-essential
Rv0594	non-essential
Rv0595c	non-essential
Rv0596c	no-data
Rv0597c	non-essential
Rv0598c	non-essential
Rv0599c	non-essential
Rv0600c	non-essential
Rv0601c	no-data
Rv0602c	non-essential
Rv0603	non-essential
Rv0604	non-essential
Rv0605	non-essential
Rv0606	non-essential
Rv0607	essential
Rv0608	no-data
Rv0609	non-essential
Rv0609A	no-data
Rv0610c	non-essential
Rv0611c	non-essential
Rv0612	non-essential
Rv0613c	non-essential
Rv0614	non-essential
Rv0615	non-essential
Rv0616c	no-data
Rv0617	non-essential
Rv0618	no-data
Rv0619	non-essential
Rv0620	non-essential
Rv0621	non-essential
Rv0622	no-data
Rv0623	non-essential
Rv0624	non-essential
Rv0625c	non-essential
Rv0626	no-data
Rv0627	essential
Rv0628c	essential
Rv0629c	non-essential
Rv0630c	no-data
Rv0631c	no-data
Rv0632c	non-essential
Rv0633c	no-data
Rv0634A	no-data
Rv0634B	no-data
Rv0634c	non-essential
Rv0635	essential
Rv0636	essential
Rv0637	non-essential
Rv0638	essential
Rv0639	no-data
Rv0640	essential
Rv0641	non-essential
Rv0642c	non-essential
Rv0643c	non-essential
Rv0644c	non-essential
Rv0645c	non-essential
Rv0646c	non-essential
Rv0647c	non-essential
Rv0648	non-essential
Rv0649	non-essential
Rv0650	non-essential
Rv0651	essential
Rv0652	essential
Rv0653c	non-essential
Rv0654	non-essential
Rv0655	non-essential
Rv0656c	non-essential
Rv0657c	non-essential
Rv0658c	non-essential
Rv0659c	non-essential
Rv0660c	non-essential
Rv0661c	non-essential
Rv0662c	non-essential
Rv0663	non-essential
Rv0664	non-essential
Rv0665	non-essential
Rv0666	
Rv0667	essential
Rv0668	essential
Rv0669c	non-essential
Rv0670	non-essential
Rv0671	non-essential
Rv0672	non-essential
Rv0673	non-essential
Rv0674	essential
Rv0675	essential
Rv0676c	non-essential
Rv0677c	non-essential
Rv0678	no-data
Rv0679c	non-essential
Rv0680c	non-essential
Rv0681	non-essential
Rv0682	essential
Rv0683	essential
Rv0684	essential
Rv0685	essential
Rv0686	non-essential
Rv0687	no-data
Rv0688	non-essential
Rv0689c	non-essential
Rv0690c	no-data
Rv0691c	non-essential
Rv0692	non-essential
Rv0693	non-essential
Rv0694	no-data
Rv0695	no-data
Rv0696	non-essential
Rv0697	essential
Rv0698	non-essential
Rv0699	no-data
Rv0700	essential
Rv0701	essential
Rv0702	essential
Rv0703	essential
Rv0704	essential
Rv0705	essential
Rv0706	essential
Rv0707	essential
Rv0708	essential
Rv0709	essential
Rv0710	essential
Rv0711	non-essential
Rv0712	non-essential
Rv0713	non-essential
Rv0714	essential
Rv0715	essential
Rv0716	essential
Rv0717	no-data
Rv0718	essential
Rv0719	essential
Rv0720	essential
Rv0721	essential
Rv0722	essential
Rv0723	non-essential
Rv0724	non-essential
Rv0724A	no-data
Rv0725c	non-essential
Rv0726c	non-essential
Rv0727c	non-essential
Rv0728c	non-essential
Rv0729	non-essential
Rv0730	no-data
Rv0731c	non-essential
Rv0732	essential
Rv0733	no-data
Rv0734	no-data
Rv0735	non-essential
Rv0736	essential
Rv0737	no-data
Rv0738	no-data
Rv0739	non-essential
Rv0740	non-essential
Rv0741	non-essential
Rv0742	non-essential
Rv0743c	non-essential
Rv0744c	essential
Rv0745	non-essential
Rv0746	no-data
Rv0747	non-essential
Rv0748	non-essential
Rv0749	non-essential
Rv0749A	no-data
Rv0750	non-essential
Rv0751c	non-essential
Rv0752c	non-essential
Rv0753c	non-essential
Rv0754	non-essential
Rv0755A	no-data
Rv0755c	essential
Rv0756c	non-essential
Rv0757	growth-defect
Rv0758	non-essential
Rv0759c	non-essential
Rv0760c	non-essential
Rv0761c	non-essential
Rv0762c	non-essential
Rv0763c	no-data
Rv0764c	non-essential
Rv0765c	no-data
Rv0766c	no-data
Rv0767c	non-essential
Rv0768	non-essential
Rv0769	non-essential
Rv0770	non-essential
Rv0771	non-essential
Rv0772	essential
Rv0773c	non-essential
Rv0774c	non-essential
Rv0775	non-essential
Rv0776c	non-essential
Rv0777	no-data
Rv0778	no-data
Rv0779c	non-essential
Rv0780	essential
Rv0781	essential
Rv0782	non-essential
Rv0783c	non-essential
Rv0784	non-essential
Rv0785	non-essential
Rv0786c	non-essential
Rv0787	non-essential
Rv0787A	no-data
Rv0788	essential
Rv0789c	non-essential
Rv0790c	non-essential
Rv0791c	non-essential
Rv0792c	non-essential
Rv0793	non-essential
Rv0794c	non-essential
Rv0795	
Rv0796	no-data
Rv0797	non-essential
Rv0798c	essential
Rv0799c	non-essential
Rv0800	non-essential
Rv0801	non-essential
Rv0802c	non-essential
Rv0803	essential
Rv0804	non-essential
Rv0805	no-data
Rv0806c	non-essential
Rv0807	non-essential
Rv0808	essential
Rv0809	non-essential
Rv0810c	non-essential
Rv0811c	essential
Rv0812	no-data
Rv0813c	non-essential
Rv0814c	non-essential
Rv0815c	no-data
Rv0816c	non-essential
Rv0817c	essential
Rv0818	non-essential
Rv0819	non-essential
Rv0820	non-essential
Rv0821c	non-essential
Rv0822c	non-essential
Rv0823c	non-essential
Rv0824c	essential
Rv0825c	non-essential
Rv0826	non-essential
Rv0827c	non-essential
Rv0828c	non-essential
Rv0829	non-essential
Rv0830	non-essential
Rv0831c	non-essential
Rv0832	non-essential
Rv0833	no-data
Rv0834c	no-data
Rv0835	non-essential
Rv0836c	non-essential
Rv0837c	non-essential
Rv0838	non-essential
Rv0839	non-essential
Rv0840c	non-essential
Rv0841	no-data
Rv0842	non-essential
Rv0843	non-essential
Rv0844c	non-essential
Rv0845	no-data
Rv0846c	no-data
Rv0847	non-essential
Rv0848	no-data
Rv0849	non-essential
Rv0850	non-essential
Rv0851c	no-data
Rv0852	no-data
Rv0853c	non-essential
Rv0854	non-essential
Rv0855	non-essential
Rv0856	non-essential
Rv0857	non-essential
Rv0858c	non-essential
Rv0859	non-essential
Rv0860	non-essential
Rv0861c	non-essential
Rv0862c	growth-defect
Rv0863	non-essential
Rv0864	non-essential
Rv0865	non-essential
Rv0866	non-essential
Rv0867c	non-essential
Rv0868c	non-essential
Rv0869c	non-essential
Rv0870c	non-essential
Rv0871	non-essential
Rv0872c	non-essential
Rv0873	non-essential
Rv0874c	non-essential
Rv0875c	essential
Rv0876c	no-data
Rv0877	non-essential
Rv0878c	non-essential
Rv0879c	non-essential
Rv0880	non-essential
Rv0881	non-essential
Rv0882	non-essential
Rv0883c	essential
Rv0884c	essential
Rv0885	non-essential
Rv0886	non-essential
Rv0887c	non-essential
Rv0888	non-essential
Rv0889c	non-essential
Rv0890c	non-essential
Rv0891c	non-essential
Rv0892	no-data
Rv0893c	no-data
Rv0894	essential
Rv0895	non-essential
Rv0896	no-data
Rv0897c	no-data
Rv0898c	non-essential
Rv0899	no-data
Rv0900	essential
Rv0901	non-essential
Rv0902c	non-essential
Rv0903c	no-data
Rv0904c	non-essential
Rv0905	non-essential
Rv0906	non-essential
Rv0907	no-data
Rv0908	non-essential
Rv0909	no-data
Rv0910	non-essential
Rv0911	non-essential
Rv0912	non-essential
Rv0913c	no-data
Rv0914c	non-essential
Rv0915c	non-essential
Rv0916c	no-data
Rv0917	non-essential
Rv0918	no-data
Rv0919	non-essential
Rv0920c	no-data
Rv0921	non-essential
Rv0922	non-essential
Rv0923c	non-essential
Rv0924c	non-essential
Rv0925c	non-essential
Rv0926c	non-essential
Rv0927c	no-data
Rv0928	non-essential
Rv0929	non-essential
Rv0930	non-essential
Rv0931c	non-essential
Rv0932c	non-essential
Rv0933	non-essential
Rv0934	non-essential
Rv0935	non-essential
Rv0936	non-essential
Rv0937c	no-data
Rv0938	no-data
Rv0939	no-data
Rv0940c	no-data
Rv0941c	non-essential
Rv0942	non-essential
Rv0943c	non-essential
Rv0944	non-essential
Rv0945	no-data
Rv0946c	essential
Rv0948c	non-essential
Rv0949	essential
Rv0950c	non-essential
Rv0951	essential
Rv0952	essential
Rv0953c	non-essential
Rv0954	non-essential
Rv0955	essential
Rv0956	non-essential
Rv0957	essential
Rv0958	non-essential
Rv0959	non-essential
Rv0960	non-essential
Rv0961	non-essential
Rv0962c	non-essential
Rv0963c	no-data
Rv0964c	non-essential
Rv0965c	non-essential
Rv0966c	non-essential
Rv0967	no-data
Rv0968	non-essential
Rv0969	non-essential
Rv0970	non-essential
Rv0971c	non-essential
Rv0972c	no-data
Rv0973c	essential
Rv0974c	no-data
Rv0975c	non-essential
Rv0976c	non-essential
Rv0977	non-essential
Rv0978c	no-data
Rv0979A	no-data
Rv0979c	non-essential
Rv0980c	no-data
Rv0981	non-essential
Rv0982	essential
Rv0983	no-data
Rv0984	non-essential
Rv0985c	non-essential
Rv0986	no-data
Rv0987	no-data
Rv0988	non-essential
Rv0989c	non-essential
Rv0990c	non-essential
Rv0991c	non-essential
Rv0992c	non-essential
Rv0993	essential
Rv0994	non-essential
Rv0995	non-essential
Rv0996	non-essential
Rv0997	non-essential
Rv0998	non-essential
Rv0999	non-essential
Rv1000c	no-data
Rv1001	non-essential
Rv1002c	essential
Rv1003	non-essential
Rv1004c	non-essential
Rv1005c	essential
Rv1006	non-essential
Rv1007c	essential
Rv1008	non-essential
Rv1009	growth-defect
Rv1010	no-data
Rv1011	essential
Rv1012	non-essential
Rv1013	no-data
Rv1014c	essential
Rv1015c	no-data
Rv1016c	non-essential
Rv1017c	essential
Rv1018c	essential
Rv1019	non-essential
Rv1020	non-essential
Rv1021	no-data
Rv1022	non-essential
Rv1023	essential
Rv1024	essential
Rv1025	essential
Rv1026	essential
Rv1027c	essential
Rv1028A	no-data
Rv1028c	non-essential
Rv1029	non-essential
Rv1030	non-essential
Rv1031	non-essential
Rv1032c	non-essential
Rv1033c	non-essential
Rv1034c	no-data
Rv1035c	non-essential
Rv1036c	non-essential
Rv1037c	non-essential
Rv1038c	non-essential
Rv1039c	non-essential
Rv1040c	no-data
Rv1041c	non-essential
Rv1042c	
Rv1043c	non-essential
Rv1044	no-data
Rv1045	non-essential
Rv1046c	non-essential
Rv1047	non-essential
Rv1048c	non-essential
Rv1049	non-essential
Rv1050	no-data
Rv1051c	non-essential
Rv1052	non-essential
Rv1053c	non-essential
Rv1054	no-data
Rv1055	non-essential
Rv1056	non-essential
Rv1057	non-essential
Rv1058	non-essential
Rv1059	no-data
Rv1060	non-essential
Rv1061	non-essential
Rv1062	no-data
Rv1063c	no-data
Rv1064c	non-essential
Rv1065	non-essential
Rv1066	non-essential
Rv1067c	non-essential
Rv1068c	no-data
Rv1069c	non-essential
Rv1070c	non-essential
Rv1071c	non-essential
Rv1072	no-data
Rv1073	non-essential
Rv1074c	non-essential
Rv1075c	non-essential
Rv1076	non-essential
Rv1077	non-essential
Rv1078	non-essential
Rv1079	non-essential
Rv1080c	non-essential
Rv1081c	non-essential
Rv1082	non-essential
Rv1083	no-data
Rv1084	non-essential
Rv1085c	non-essential
Rv1086	non-essential
Rv1087	no-data
Rv1087A	no-data
Rv1088	non-essential
Rv1089	non-essential
Rv1089A	no-data
Rv1090	non-essential
Rv1091	no-data
Rv1092c	essential
Rv1093	no-data
Rv1094	essential
Rv1095	non-essential
Rv1096	growth-defect
Rv1097c	non-essential
Rv1098c	essential
Rv1099c	non-essential
Rv1100	growth-defect
Rv1101c	non-essential
Rv1102c	non-essential
Rv1103c	non-essential
Rv1104	non-essential
Rv1105	non-essential
Rv1106c	non-essential
Rv1107c	non-essential
Rv1108c	no-data
Rv1109c	non-essential
Rv1110	no-data
Rv1111c	no-data
Rv1112	non-essential
Rv1113	non-essential
Rv1114	non-essential
Rv1115	non-essential
Rv1116	non-essential
Rv1116A	no-data
Rv1117	non-essential
Rv1118c	non-essential
Rv1119c	non-essential
Rv1120c	non-essential
Rv1121	non-essential
Rv1122	essential
Rv1123c	non-essential
Rv1124	non-essential
Rv1125	growth-defect
Rv1126c	essential
Rv1127c	non-essential
Rv1128c	essential
Rv1129c	no-data
Rv1130	non-essential
Rv1131	non-essential
Rv1132	non-essential
Rv1133c	essential
Rv1134	non-essential
Rv1135A	no-data
Rv1135c	non-essential
Rv1136	non-essential
Rv1137c	non-essential
Rv1138c	non-essential
Rv1139c	non-essential
Rv1140	non-essential
Rv1141c	non-essential
Rv1142c	non-essential
Rv1143	non-essential
Rv1144	non-essential
Rv1145	non-essential
Rv1146	non-essential
Rv1147	non-essential
Rv1148c	non-essential
Rv1149	no-data
Rv1151c	non-essential
Rv1152	non-essential
Rv1153c	non-essential
Rv1154c	non-essential
Rv1155	non-essential
Rv1156	non-essential
Rv1157c	no-data
Rv1158c	non-essential
Rv1159	non-essential
Rv1159A	no-data
Rv1160	non-essential
Rv1161	non-essential
Rv1162	non-essential
Rv1163	non-essential
Rv1164	non-essential
Rv1165	non-essential
Rv1166	essential
Rv1167c	non-essential
Rv1168c	non-essential
Rv1169c	essential
Rv1170	non-essential
Rv1171	non-essential
Rv1172c	no-data
Rv1173	no-data
Rv1174c	non-essential
Rv1175c	non-essential
Rv1176c	non-essential
Rv1177	essential
Rv1178	growth-defect
Rv1179c	non-essential
Rv1180	no-data
Rv1181	non-essential
Rv1182	essential
Rv1183	no-data
Rv1184c	no-data
Rv1185c	non-essential
Rv1186c	essential
Rv1187	essential
Rv1188	essential
Rv1189	no-data
Rv1190	no-data
Rv1191	no-data
Rv1192	non-essential
Rv1193	essential
Rv1194c	essential
Rv1195	no-data
Rv1196	non-essential
Rv1197	non-essential
Rv1198	non-essential
Rv1199c	non-essential
Rv1200	non-essential
Rv1201c	essential
Rv1202	essential
Rv1203c	non-essential
Rv1204c	non-essential
Rv1205	non-essential
Rv1206	non-essential
Rv1207	non-essential
Rv1208	essential
Rv1209	non-essential
Rv1210	non-essential
Rv1211	non-essential
Rv1212c	non-essential
Rv1213	non-essential
Rv1214c	no-data
Rv1215c	essential
Rv1216c	non-essential
Rv1217c	no-data
Rv1218c	non-essential
Rv1219c	non-essential
Rv1220c	non-essential
Rv1221	non-essential
Rv1222	non-essential
Rv1223	essential
Rv1224	non-essential
Rv1225c	non-essential
Rv1226c	non-essential
Rv1227c	non-essential
Rv1228	non-essential
Rv1229c	essential
Rv1230c	non-essential
Rv1231c	non-essential
Rv1232c	essential
Rv1233c	non-essential
Rv1234	non-essential
Rv1235	non-essential
Rv1236	non-essential
Rv1237	non-essential
Rv1238	non-essential
Rv1239c	non-essential
Rv1240	non-essential
Rv1241	no-data
Rv1242	non-essential
Rv1243c	non-essential
Rv1244	non-essential
Rv1245c	non-essential
Rv1246c	non-essential
Rv1247c	non-essential
Rv1248c	essential
Rv1249c	non-essential
Rv1250	non-essential
Rv1251c	non-essential
Rv1252c	non-essential
Rv1253	no-data
Rv1254	essential
Rv1255c	no-data
Rv1256c	no-data
Rv1257c	no-data
Rv1258c	non-essential
Rv1259	non-essential
Rv1260	no-data
Rv1261c	no-data
Rv1262c	non-essential
Rv1263	non-essential
Rv1264	non-essential
Rv1265	non-essential
Rv1266c	non-essential
Rv1267c	non-essential
Rv1268c	non-essential
Rv1269c	non-essential
Rv1270c	non-essential
Rv1271c	no-data
Rv1272c	non-essential
Rv1273c	non-essential
Rv1274	essential
Rv1275	no-data
Rv1276c	non-essential
Rv1277	non-essential
Rv1278	essential
Rv1279	non-essential
Rv1280c	non-essential
Rv1281c	no-data
Rv1282c	no-data
Rv1283c	non-essential
Rv1284	essential
Rv1285	essential
Rv1286	essential
Rv1287	non-essential
Rv1288	non-essential
Rv1289	non-essential
Rv1290A	no-data
Rv1290c	non-essential
Rv1291c	non-essential
Rv1292	essential
Rv1293	essential
Rv1294	essential
Rv1295	essential
Rv1296	essential
Rv1297	essential
Rv1298	essential
Rv1299	essential
Rv1300	essential
Rv1301	essential
Rv1302	non-essential
Rv1303	essential
Rv1304	no-data
Rv1305	essential
Rv1306	essential
Rv1307	essential
Rv1308	essential
Rv1309	essential
Rv1310	essential
Rv1311	essential
Rv1312	no-data
Rv1313c	no-data
Rv1314c	non-essential
Rv1315	essential
Rv1316c	non-essential
Rv1317c	non-essential
Rv1318c	non-essential
Rv1319c	non-essential
Rv1320c	non-essential
Rv1321	non-essential
Rv1322	non-essential
Rv1322A	no-data
Rv1323	non-essential
Rv1324	no-data
Rv1325c	non-essential
Rv1326c	essential
Rv1327c	essential
Rv1328	growth-defect
Rv1329c	non-essential
Rv1330c	no-data
Rv1331	non-essential
Rv1332	non-essential
Rv1333	non-essential
Rv1334	non-essential
Rv1335	non-essential
Rv1336	non-essential
Rv1337	non-essential
Rv1338	no-data
Rv1339	essential
Rv1340	non-essential
Rv1341	non-essential
Rv1342c	essential
Rv1343c	non-essential
Rv1344	non-essential
Rv1345	growth-defect
Rv1346	no-data
Rv1347c	essential
Rv1348	essential
Rv1349	essential
Rv1350	essential
Rv1351	no-data
Rv1352	non-essential
Rv1353c	non-essential
Rv1354c	non-essential
Rv1355c	no-data
Rv1356c	no-data
Rv1357c	non-essential
Rv1358	no-data
Rv1359	non-essential
Rv1360	non-essential
Rv1361c	non-essential
Rv1362c	non-essential
Rv1363c	non-essential
Rv1364c	non-essential
Rv1365c	non-essential
Rv1366	non-essential
Rv1367c	non-essential
Rv1368	non-essential
Rv1369c	
Rv1370c	
Rv1371	no-data
Rv1372	non-essential
Rv1373	non-essential
Rv1374c	non-essential
Rv1375	non-essential
Rv1376	non-essential
Rv1377c	non-essential
Rv1378c	non-essential
Rv1379	no-data
Rv1380	essential
Rv1381	essential
Rv1382	essential
Rv1383	essential
Rv1384	no-data
Rv1385	no-data
Rv1386	non-essential
Rv1387	non-essential
Rv1388	essential
Rv1389	essential
Rv1390	essential
Rv1391	essential
Rv1392	essential
Rv1393c	non-essential
Rv1394c	non-essential
Rv1395	no-data
Rv1396c	non-essential
Rv1397c	non-essential
Rv1398c	no-data
Rv1399c	non-essential
Rv1400c	non-essential
Rv1401	no-data
Rv1402	non-essential
Rv1403c	non-essential
Rv1404	non-essential
Rv1405c	non-essential
Rv1406	essential
Rv1407	non-essential
Rv1408	no-data
Rv1409	essential
Rv1410c	non-essential
Rv1411c	non-essential
Rv1412	non-essential
Rv1413	non-essential
Rv1414	non-essential
Rv1415	essential
Rv1416	essential
Rv1417	no-data
Rv1418	non-essential
Rv1419	non-essential
Rv1420	essential
Rv1421	non-essential
Rv1422	non-essential
Rv1423	non-essential
Rv1424c	non-essential
Rv1425	non-essential
Rv1426c	non-essential
Rv1427c	no-data
Rv1428c	non-essential
Rv1429	non-essential
Rv1430	non-essential
Rv1431	no-data
Rv1432	no-data
Rv1433	non-essential
Rv1434	non-essential
Rv1435c	non-essential
Rv1436	essential
Rv1437	essential
Rv1438	essential
Rv1439c	non-essential
Rv1440	non-essential
Rv1441c	non-essential
Rv1442	non-essential
Rv1443c	non-essential
Rv1444c	non-essential
Rv1445c	non-essential
Rv1446c	essential
Rv1447c	non-essential
Rv1448c	essential
Rv1449c	essential
Rv1450c	no-data
Rv1451	non-essential
Rv1452c	no-data
Rv1453	non-essential
Rv1454c	non-essential
Rv1455	non-essential
Rv1456c	essential
Rv1457c	essential
Rv1458c	no-data
Rv1459c	essential
Rv1460	non-essential
Rv1461	essential
Rv1462	essential
Rv1463	essential
Rv1464	essential
Rv1465	essential
Rv1466	essential
Rv1467c	non-essential
Rv1468c	non-essential
Rv1469	non-essential
Rv1470	non-essential
Rv1471	non-essential
Rv1472	non-essential
Rv1473	non-essential
Rv1473A	no-data
Rv1474c	non-essential
Rv1475c	essential
Rv1476	essential
Rv1477	essential
Rv1478	non-essential
Rv1479	essential
Rv1480	essential
Rv1481	non-essential
Rv1482c	non-essential
Rv1483	non-essential
Rv1484	non-essential
Rv1485	essential
Rv1486c	non-essential
Rv1487	non-essential
Rv1488	non-essential
Rv1489	no-data
Rv1489A	no-data
Rv1490	essential
Rv1491c	non-essential
Rv1492	non-essential
Rv1493	non-essential
Rv1494	non-essential
Rv1495	non-essential
Rv1496	non-essential
Rv1497	non-essential
Rv1498A	no-data
Rv1498c	non-essential
Rv1499	non-essential
Rv1500	non-essential
Rv1501	non-essential
Rv1502	no-data
Rv1503c	non-essential
Rv1504c	non-essential
Rv1505c	no-data
Rv1506c	no-data
Rv1507A	no-data
Rv1507c	no-data
Rv1508A	no-data
Rv1508c	no-data
Rv1509	no-data
Rv1510	no-data
Rv1511	no-data
Rv1512	no-data
Rv1513	no-data
Rv1514c	no-data
Rv1515c	no-data
Rv1516c	no-data
Rv1517	non-essential
Rv1518	no-data
Rv1519	non-essential
Rv1520	non-essential
Rv1521	non-essential
Rv1522c	no-data
Rv1523	non-essential
Rv1524	no-data
Rv1525	no-data
Rv1526c	non-essential
Rv1527c	non-essential
Rv1528c	non-essential
Rv1529	non-essential
Rv1530	no-data
Rv1531	non-essential
Rv1532c	non-essential
Rv1533	non-essential
Rv1534	non-essential
Rv1535	non-essential
Rv1536	no-data
Rv1537	non-essential
Rv1538c	non-essential
Rv1539	essential
Rv1540	no-data
Rv1541c	non-essential
Rv1542c	non-essential
Rv1543	non-essential
Rv1544	non-essential
Rv1545	non-essential
Rv1546	non-essential
Rv1547	essential
Rv1548c	no-data
Rv1549	no-data
Rv1550	non-essential
Rv1551	non-essential
Rv1552	no-data
Rv1553	non-essential
Rv1554	non-essential
Rv1555	non-essential
Rv1556	non-essential
Rv1557	non-essential
Rv1558	non-essential
Rv1559	no-data
Rv1560	non-essential
Rv1561	non-essential
Rv1562c	no-data
Rv1563c	no-data
Rv1564c	no-data
Rv1565c	no-data
Rv1566c	non-essential
Rv1567c	non-essential
Rv1568	non-essential
Rv1569	non-essential
Rv1570	non-essential
Rv1571	no-data
Rv1572c	no-data
Rv1573	no-data
Rv1574	no-data
Rv1575	no-data
Rv1576c	no-data
Rv1577c	no-data
Rv1578c	no-data
Rv1579c	no-data
Rv1580c	no-data
Rv1581c	no-data
Rv1582c	no-data
Rv1583c	no-data
Rv1584c	no-data
Rv1585c	no-data
Rv1586c	no-data
Rv1587c	non-essential
Rv1588c	non-essential
Rv1589	non-essential
Rv1590	non-essential
Rv1591	non-essential
Rv1592c	growth-defect
Rv1593c	no-data
Rv1594	essential
Rv1595	essential
Rv1596	no-data
Rv1597	non-essential
Rv1598c	non-essential
Rv1599	essential
Rv1600	essential
Rv1601	essential
Rv1602	essential
Rv1603	essential
Rv1604	no-data
Rv1605	essential
Rv1606	essential
Rv1607	non-essential
Rv1608c	non-essential
Rv1609	essential
Rv1610	essential
Rv1611	essential
Rv1612	essential
Rv1613	essential
Rv1614	essential
Rv1615	non-essential
Rv1616	non-essential
Rv1617	essential
Rv1618	non-essential
Rv1619	non-essential
Rv1620c	no-data
Rv1621c	non-essential
Rv1622c	essential
Rv1623c	non-essential
Rv1624c	non-essential
Rv1625c	non-essential
Rv1626	essential
Rv1627c	non-essential
Rv1628c	non-essential
Rv1629	essential
Rv1630	essential
Rv1631	essential
Rv1632c	non-essential
Rv1633	non-essential
Rv1634	non-essential
Rv1635c	non-essential
Rv1636	non-essential
Rv1637c	non-essential
Rv1638	no-data
Rv1638A	no-data
Rv1639c	non-essential
Rv1640c	non-essential
Rv1641	essential
Rv1642	no-data
Rv1643	no-data
Rv1644	non-essential
Rv1645c	non-essential
Rv1646	non-essential
Rv1647	non-essential
Rv1648	non-essential
Rv1649	essential
Rv1650	essential
Rv1651c	non-essential
Rv1652	essential
Rv1653	essential
Rv1654	essential
Rv1655	essential
Rv1656	essential
Rv1657	non-essential
Rv1658	essential
Rv1659	essential
Rv1660	non-essential
Rv1661	essential
Rv1662	essential
Rv1663	essential
Rv1664	non-essential
Rv1665	non-essential
Rv1666c	non-essential
Rv1667c	non-essential
Rv1668c	non-essential
Rv1669	non-essential
Rv1670	non-essential
Rv1671	non-essential
Rv1672c	non-essential
Rv1673c	non-essential
Rv1674c	non-essential
Rv1675c	non-essential
Rv1676	no-data
Rv1677	non-essential
Rv1678	non-essential
Rv1679	no-data
Rv1680	non-essential
Rv1681	non-essential
Rv1682	non-essential
Rv1683	essential
Rv1684	no-data
Rv1685c	non-essential
Rv1686c	no-data
Rv1687c	non-essential
Rv1688	non-essential
Rv1689	essential
Rv1690	non-essential
Rv1691	no-data
Rv1692	non-essential
Rv1693	non-essential
Rv1694	non-essential
Rv1695	essential
Rv1696	non-essential
Rv1697	essential
Rv1698	no-data
Rv1699	essential
Rv1700	no-data
Rv1701	essential
Rv1702c	non-essential
Rv1703c	non-essential
Rv1704c	non-essential
Rv1705c	non-essential
Rv1706A	no-data
Rv1706c	no-data
Rv1707	non-essential
Rv1708	essential
Rv1709	non-essential
Rv1710	non-essential
Rv1711	essential
Rv1712	essential
Rv1713	essential
Rv1714	essential
Rv1715	essential
Rv1716	non-essential
Rv1717	non-essential
Rv1718	non-essential
Rv1719	non-essential
Rv1720c	non-essential
Rv1721c	non-essential
Rv1722	non-essential
Rv1723	non-essential
Rv1724c	non-essential
Rv1725c	non-essential
Rv1726	non-essential
Rv1727	non-essential
Rv1728c	no-data
Rv1729c	non-essential
Rv1730c	essential
Rv1731	non-essential
Rv1732c	non-essential
Rv1733c	no-data
Rv1734c	non-essential
Rv1735c	no-data
Rv1736c	no-data
Rv1737c	non-essential
Rv1738	essential
Rv1739c	non-essential
Rv1740	non-essential
Rv1741	non-essential
Rv1742	non-essential
Rv1743	non-essential
Rv1744c	non-essential
Rv1745c	non-essential
Rv1746	non-essential
Rv1747	non-essential
Rv1748	non-essential
Rv1749c	non-essential
Rv1750c	non-essential
Rv1751	no-data
Rv1752	non-essential
Rv1753c	essential
Rv1754c	non-essential
Rv1755c	non-essential
Rv1756c	no-data
Rv1757c	
Rv1758	non-essential
Rv1759c	non-essential
Rv1760	non-essential
Rv1761c	non-essential
Rv1762c	non-essential
Rv1763	
Rv1764	
Rv1765A	no-data
Rv1765c	no-data
Rv1766	no-data
Rv1767	no-data
Rv1768	no-data
Rv1769	no-data
Rv1770	no-data
Rv1771	no-data
Rv1772	no-data
Rv1773c	no-data
Rv1774	non-essential
Rv1775	non-essential
Rv1776c	non-essential
Rv1777	non-essential
Rv1778c	non-essential
Rv1779c	no-data
Rv1780	non-essential
Rv1781c	non-essential
Rv1782	no-data
Rv1783	no-data
Rv1784	no-data
Rv1785c	non-essential
Rv1786	non-essential
Rv1787	non-essential
Rv1788	non-essential
Rv1789	no-data
Rv1790	no-data
Rv1791	no-data
Rv1793	non-essential
Rv1794	no-data
Rv1795	no-data
Rv1796	no-data
Rv1797	no-data
Rv1798	non-essential
Rv1799	non-essential
Rv1800	no-data
Rv1801	no-data
Rv1802	no-data
Rv1803c	no-data
Rv1804c	non-essential
Rv1805c	non-essential
Rv1806	no-data
Rv1807	no-data
Rv1808	no-data
Rv1809	no-data
Rv1810	non-essential
Rv1811	non-essential
Rv1812c	non-essential
Rv1813c	non-essential
Rv1814	non-essential
Rv1815	non-essential
Rv1816	non-essential
Rv1817	non-essential
Rv1818c	non-essential
Rv1819c	non-essential
Rv1820	non-essential
Rv1821	non-essential
Rv1822	no-data
Rv1823	non-essential
Rv1824	growth-defect
Rv1825	non-essential
Rv1826	non-essential
Rv1827	no-data
Rv1828	essential
Rv1829	non-essential
Rv1830	non-essential
Rv1831	non-essential
Rv1832	essential
Rv1833c	non-essential
Rv1834	non-essential
Rv1835c	non-essential
Rv1836c	no-data
Rv1837c	non-essential
Rv1838c	non-essential
Rv1839c	non-essential
Rv1840c	non-essential
Rv1841c	non-essential
Rv1842c	non-essential
Rv1843c	non-essential
Rv1844c	non-essential
Rv1845c	growth-defect
Rv1846c	non-essential
Rv1847	non-essential
Rv1848	non-essential
Rv1849	non-essential
Rv1850	essential
Rv1851	no-data
Rv1852	non-essential
Rv1853	non-essential
Rv1854c	no-data
Rv1855c	non-essential
Rv1856c	non-essential
Rv1857	non-essential
Rv1858	non-essential
Rv1859	non-essential
Rv1860	non-essential
Rv1861	non-essential
Rv1862	non-essential
Rv1863c	non-essential
Rv1864c	non-essential
Rv1865c	non-essential
Rv1866	non-essential
Rv1867	non-essential
Rv1868	non-essential
Rv1869c	non-essential
Rv1870c	non-essential
Rv1871c	non-essential
Rv1872c	non-essential
Rv1873	non-essential
Rv1874	non-essential
Rv1875	non-essential
Rv1876	non-essential
Rv1877	non-essential
Rv1878	non-essential
Rv1879	non-essential
Rv1880c	non-essential
Rv1881c	non-essential
Rv1882c	non-essential
Rv1883c	non-essential
Rv1884c	non-essential
Rv1885c	non-essential
Rv1886c	non-essential
Rv1887	non-essential
Rv1888A	no-data
Rv1888c	non-essential
Rv1889c	non-essential
Rv1890c	non-essential
Rv1891	non-essential
Rv1892	non-essential
Rv1893	non-essential
Rv1894c	non-essential
Rv1895	non-essential
Rv1896c	non-essential
Rv1897c	non-essential
Rv1898	non-essential
Rv1899c	non-essential
Rv1900c	non-essential
Rv1901	non-essential
Rv1902c	non-essential
Rv1903	non-essential
Rv1904	non-essential
Rv1905c	non-essential
Rv1906c	non-essential
Rv1907c	non-essential
Rv1908c	non-essential
Rv1909c	non-essential
Rv1910c	non-essential
Rv1911c	non-essential
Rv1912c	non-essential
Rv1913	non-essential
Rv1914c	non-essential
Rv1915	non-essential
Rv1916	no-data
Rv1917c	non-essential
Rv1918c	non-essential
Rv1919c	non-essential
Rv1920	non-essential
Rv1921c	non-essential
Rv1922	non-essential
Rv1923	non-essential
Rv1924c	non-essential
Rv1925	non-essential
Rv1926c	non-essential
Rv1927	non-essential
Rv1928c	non-essential
Rv1929c	non-essential
Rv1930c	no-data
Rv1931c	non-essential
Rv1932	non-essential
Rv1933c	no-data
Rv1934c	non-essential
Rv1935c	non-essential
Rv1936	non-essential
Rv1937	non-essential
Rv1938	non-essential
Rv1939	no-data
Rv1940	non-essential
Rv1941	no-data
Rv1942c	no-data
Rv1943c	non-essential
Rv1944c	non-essential
Rv1945	non-essential
Rv1946c	non-essential
Rv1947	non-essential
Rv1948c	non-essential
Rv1949c	non-essential
Rv1950c	non-essential
Rv1951c	non-essential
Rv1952	non-essential
Rv1953	non-essential
Rv1954c	non-essential
Rv1955	no-data
Rv1956	non-essential
Rv1957	growth-defect
Rv1958c	non-essential
Rv1959c	non-essential
Rv1960c	non-essential
Rv1961	non-essential
Rv1962c	non-essential
Rv1963c	essential
Rv1964	no-data
Rv1965	no-data
Rv1966	no-data
Rv1967	no-data
Rv1968	no-data
Rv1969	no-data
Rv1970	no-data
Rv1971	no-data
Rv1972	no-data
Rv1973	no-data
Rv1974	no-data
Rv1975	no-data
Rv1976c	no-data
Rv1977	no-data
Rv1978	no-data
Rv1979c	no-data
Rv1980c	no-data
Rv1981c	no-data
Rv1982c	no-data
Rv1983	no-data
Rv1984c	no-data
Rv1985c	no-data
Rv1986	no-data
Rv1987	no-data
Rv1988	no-data
Rv1989c	no-data
Rv1990A	no-data
Rv1990c	non-essential
Rv1991c	non-essential
Rv1992c	non-essential
Rv1993c	non-essential
Rv1994c	non-essential
Rv1995	non-essential
Rv1996	non-essential
Rv1997	non-essential
Rv1998c	non-essential
Rv1999c	non-essential
Rv2000	non-essential
Rv2001	non-essential
Rv2002	non-essential
Rv2003c	non-essential
Rv2004c	no-data
Rv2005c	non-essential
Rv2006	non-essential
Rv2007c	no-data
Rv2008c	no-data
Rv2009	non-essential
Rv2010	non-essential
Rv2011c	no-data
Rv2012	non-essential
Rv2013	essential
Rv2014	non-essential
Rv2015c	non-essential
Rv2016	non-essential
Rv2017	no-data
Rv2018	no-data
Rv2019	non-essential
Rv2020c	non-essential
Rv2021c	non-essential
Rv2022c	non-essential
Rv2023c	non-essential
Rv2024c	non-essential
Rv2025c	non-essential
Rv2026c	essential
Rv2027c	non-essential
Rv2028c	non-essential
Rv2029c	non-essential
Rv2030c	non-essential
Rv2031c	non-essential
Rv2032	no-data
Rv2033c	non-essential
Rv2034	non-essential
Rv2035	non-essential
Rv2036	no-data
Rv2037c	no-data
Rv2038c	non-essential
Rv2039c	non-essential
Rv2040c	no-data
Rv2041c	essential
Rv2042c	non-essential
Rv2043c	non-essential
Rv2044c	non-essential
Rv2045c	non-essential
Rv2046	non-essential
Rv2047c	non-essential
Rv2048c	no-data
Rv2049c	non-essential
Rv2050	essential
Rv2051c	non-essential
Rv2052c	non-essential
Rv2053c	non-essential
Rv2054	non-essential
Rv2055c	non-essential
Rv2056c	non-essential
Rv2057c	non-essential
Rv2058c	non-essential
Rv2059	non-essential
Rv2060	
Rv2061c	non-essential
Rv2062c	non-essential
Rv2063	no-data
Rv2064	no-data
Rv2065	non-essential
Rv2066	non-essential
Rv2067c	non-essential
Rv2068c	non-essential
Rv2069	non-essential
Rv2070c	non-essential
Rv2071c	non-essential
Rv2072c	non-essential
Rv2073c	no-data
Rv2074	no-data
Rv2075c	no-data
Rv2076c	non-essential
Rv2077A	no-data
Rv2077c	non-essential
Rv2078	non-essential
Rv2079	non-essential
Rv2080	non-essential
Rv2081c	non-essential
Rv2082	non-essential
Rv2083	non-essential
Rv2084	non-essential
Rv2085	non-essential
Rv2086	non-essential
Rv2087	non-essential
Rv2088	non-essential
Rv2089c	non-essential
Rv2090	non-essential
Rv2091c	non-essential
Rv2092c	non-essential
Rv2093c	essential
Rv2094c	no-data
Rv2095c	non-essential
Rv2096c	non-essential
Rv2097c	no-data
Rv2100	non-essential
Rv2101	non-essential
Rv2102	non-essential
Rv2103c	non-essential
Rv2104c	non-essential
Rv2105	
Rv2106	
Rv2107	non-essential
Rv2108	non-essential
Rv2109c	essential
Rv2110c	essential
Rv2111c	essential
Rv2112c	growth-defect
Rv2113	non-essential
Rv2114	non-essential
Rv2115c	non-essential
Rv2116	non-essential
Rv2117	non-essential
Rv2118c	non-essential
Rv2119	non-essential
Rv2120c	non-essential
Rv2121c	essential
Rv2122c	essential
Rv2123	no-data
Rv2124c	non-essential
Rv2125	non-essential
Rv2126c	non-essential
Rv2127	non-essential
Rv2128	non-essential
Rv2129c	non-essential
Rv2130c	essential
Rv2131c	no-data
Rv2132	non-essential
Rv2133c	non-essential
Rv2134c	non-essential
Rv2135c	non-essential
Rv2136c	non-essential
Rv2137c	non-essential
Rv2138	essential
Rv2139	non-essential
Rv2140c	non-essential
Rv2141c	non-essential
Rv2142c	non-essential
Rv2143	non-essential
Rv2144c	non-essential
Rv2145c	essential
Rv2146c	non-essential
Rv2147c	no-data
Rv2148c	non-essential
Rv2149c	non-essential
Rv2150c	essential
Rv2151c	essential
Rv2152c	essential
Rv2153c	essential
Rv2154c	essential
Rv2155c	essential
Rv2156c	essential
Rv2157c	essential
Rv2158c	no-data
Rv2159c	non-essential
Rv2160A	no-data
Rv2160c	
Rv2161c	non-essential
Rv2162c	non-essential
Rv2163c	essential
Rv2164c	essential
Rv2165c	essential
Rv2166c	essential
Rv2167c	no-data
Rv2168c	no-data
Rv2169c	no-data
Rv2170	non-essential
Rv2171	non-essential
Rv2172c	non-essential
Rv2173	no-data
Rv2174	essential
Rv2175c	non-essential
Rv2176	non-essential
Rv2177c	non-essential
Rv2178c	essential
Rv2179c	essential
Rv2180c	non-essential
Rv2181	non-essential
Rv2182c	essential
Rv2183c	non-essential
Rv2184c	non-essential
Rv2185c	non-essential
Rv2186c	no-data
Rv2187	non-essential
Rv2188c	essential
Rv2189c	non-essential
Rv2190c	non-essential
Rv2191	non-essential
Rv2192c	essential
Rv2193	essential
Rv2194	essential
Rv2195	essential
Rv2196	essential
Rv2197c	non-essential
Rv2198c	growth-defect
Rv2199c	non-essential
Rv2200c	essential
Rv2201	essential
Rv2202c	no-data
Rv2203	non-essential
Rv2204c	non-essential
Rv2205c	non-essential
Rv2206	non-essential
Rv2207	no-data
Rv2208	non-essential
Rv2209	non-essential
Rv2210c	essential
Rv2211c	essential
Rv2212	non-essential
Rv2213	non-essential
Rv2214c	non-essential
Rv2215	essential
Rv2216	non-essential
Rv2217	essential
Rv2218	essential
Rv2219	essential
Rv2219A	no-data
Rv2220	essential
Rv2221c	essential
Rv2222c	no-data
Rv2223c	non-essential
Rv2224c	non-essential
Rv2225	essential
Rv2226	non-essential
Rv2227	no-data
Rv2228c	no-data
Rv2229c	essential
Rv2230c	non-essential
Rv2231c	essential
Rv2232	non-essential
Rv2234	non-essential
Rv2235	essential
Rv2236c	no-data
Rv2237	non-essential
Rv2238c	no-data
Rv2239c	no-data
Rv2240c	non-essential
Rv2241	growth-defect
Rv2242	essential
Rv2243	no-data
Rv2244	essential
Rv2245	essential
Rv2246	essential
Rv2247	essential
Rv2248	no-data
Rv2249c	no-data
Rv2250A	no-data
Rv2250c	non-essential
Rv2251	essential
Rv2252	growth-defect
Rv2253	no-data
Rv2254c	non-essential
Rv2255c	non-essential
Rv2256c	no-data
Rv2257c	non-essential
Rv2258c	non-essential
Rv2259	no-data
Rv2260	essential
Rv2261c	non-essential
Rv2262c	non-essential
Rv2263	non-essential
Rv2264c	non-essential
Rv2265	non-essential
Rv2266	non-essential
Rv2267c	non-essential
Rv2268c	essential
Rv2269c	non-essential
Rv2270	non-essential
Rv2271	non-essential
Rv2272	no-data
Rv2273	non-essential
Rv2274c	non-essential
Rv2275	no-data
Rv2276	no-data
Rv2277c	no-data
Rv2278	
Rv2279	no-data
Rv2280	non-essential
Rv2281	no-data
Rv2282c	non-essential
Rv2283	essential
Rv2284	no-data
Rv2285	non-essential
Rv2286c	non-essential
Rv2287	non-essential
Rv2288	non-essential
Rv2289	non-essential
Rv2290	non-essential
Rv2291	non-essential
Rv2292c	no-data
Rv2293c	non-essential
Rv2294	non-essential
Rv2295	non-essential
Rv2296	non-essential
Rv2297	non-essential
Rv2298	non-essential
Rv2299c	non-essential
Rv2300c	non-essential
Rv2301	non-essential
Rv2302	non-essential
Rv2303c	non-essential
Rv2304c	non-essential
Rv2305	non-essential
Rv2306A	no-data
Rv2306B	no-data
Rv2307A	no-data
Rv2307B	no-data
Rv2307c	non-essential
Rv2307D	no-data
Rv2308	non-essential
Rv2309A	no-data
Rv2309c	non-essential
Rv2310	non-essential
Rv2311	non-essential
Rv2312	non-essential
Rv2313c	non-essential
Rv2314c	non-essential
Rv2315c	non-essential
Rv2316	no-data
Rv2317	no-data
Rv2318	no-data
Rv2319c	essential
Rv2320c	non-essential
Rv2321c	no-data
Rv2322c	non-essential
Rv2323c	non-essential
Rv2324	non-essential
Rv2325c	essential
Rv2326c	non-essential
Rv2327	non-essential
Rv2328	non-essential
Rv2329c	no-data
Rv2330c	no-data
Rv2331	no-data
Rv2331A	no-data
Rv2332	non-essential
Rv2333c	non-essential
Rv2334	non-essential
Rv2335	growth-defect
Rv2336	non-essential
Rv2337c	non-essential
Rv2338c	essential
Rv2339	non-essential
Rv2340c	non-essential
Rv2341	non-essential
Rv2342	non-essential
Rv2343c	essential
Rv2344c	non-essential
Rv2345	non-essential
Rv2346c	no-data
Rv2347c	no-data
Rv2348c	no-data
Rv2349c	no-data
Rv2350c	no-data
Rv2351c	no-data
Rv2352c	no-data
Rv2353c	no-data
Rv2354	
Rv2355	no-data
Rv2356c	no-data
Rv2357c	essential
Rv2358	non-essential
Rv2359	non-essential
Rv2360c	non-essential
Rv2361c	essential
Rv2362c	no-data
Rv2363	non-essential
Rv2364c	essential
Rv2365c	essential
Rv2366c	non-essential
Rv2367c	non-essential
Rv2368c	non-essential
Rv2369c	non-essential
Rv2370c	no-data
Rv2371	non-essential
Rv2372c	non-essential
Rv2373c	essential
Rv2374c	non-essential
Rv2375	non-essential
Rv2376c	non-essential
Rv2377c	no-data
Rv2378c	essential
Rv2379c	no-data
Rv2380c	no-data
Rv2381c	no-data
Rv2382c	essential
Rv2383c	growth-defect
Rv2384	no-data
Rv2385	non-essential
Rv2386c	essential
Rv2387	non-essential
Rv2388c	non-essential
Rv2389c	non-essential
Rv2390c	non-essential
Rv2391	essential
Rv2392	essential
Rv2393	non-essential
Rv2394	non-essential
Rv2395	non-essential
Rv2396	non-essential
Rv2397c	essential
Rv2398c	essential
Rv2399c	essential
Rv2400c	essential
Rv2401	non-essential
Rv2401A	no-data
Rv2402	non-essential
Rv2403c	no-data
Rv2404c	non-essential
Rv2405	non-essential
Rv2406c	non-essential
Rv2407	non-essential
Rv2408	non-essential
Rv2409c	non-essential
Rv2410c	non-essential
Rv2411c	non-essential
Rv2412	essential
Rv2413c	non-essential
Rv2414c	growth-defect
Rv2415c	non-essential
Rv2416c	no-data
Rv2417c	non-essential
Rv2418c	essential
Rv2419c	non-essential
Rv2420c	no-data
Rv2421c	essential
Rv2422	non-essential
Rv2423	non-essential
Rv2424c	non-essential
Rv2425c	non-essential
Rv2426c	non-essential
Rv2427c	non-essential
Rv2428	no-data
Rv2429	non-essential
Rv2430c	non-essential
Rv2431c	non-essential
Rv2432c	non-essential
Rv2433c	non-essential
Rv2434c	non-essential
Rv2435c	non-essential
Rv2436	no-data
Rv2437	essential
Rv2438A	no-data
Rv2438c	essential
Rv2439c	essential
Rv2440c	essential
Rv2441c	essential
Rv2442c	essential
Rv2443	non-essential
Rv2444c	essential
Rv2445c	non-essential
Rv2446c	non-essential
Rv2447c	essential
Rv2448c	essential
Rv2449c	non-essential
Rv2450c	non-essential
Rv2451	no-data
Rv2452c	non-essential
Rv2453c	non-essential
Rv2454c	no-data
Rv2455c	no-data
Rv2456c	non-essential
Rv2457c	essential
Rv2458	non-essential
Rv2459	non-essential
Rv2460c	essential
Rv2461c	no-data
Rv2462c	non-essential
Rv2463	non-essential
Rv2464c	non-essential
Rv2465c	non-essential
Rv2466c	non-essential
Rv2467	non-essential
Rv2468c	non-essential
Rv2469c	non-essential
Rv2470	non-essential
Rv2471	non-essential
Rv2472	non-essential
Rv2473	non-essential
Rv2474c	non-essential
Rv2475c	non-essential
Rv2476c	no-data
Rv2477c	essential
Rv2478c	non-essential
Rv2479c	
Rv2480c	
Rv2481c	non-essential
Rv2482c	non-essential
Rv2483c	no-data
Rv2484c	no-data
Rv2485c	non-essential
Rv2486	non-essential
Rv2487c	no-data
Rv2488c	non-essential
Rv2489c	non-essential
Rv2490c	no-data
Rv2491	no-data
Rv2492	no-data
Rv2493	
Rv2494	non-essential
Rv2495c	no-data
Rv2496c	growth-defect
Rv2497c	non-essential
Rv2498c	non-essential
Rv2499c	non-essential
Rv2500c	essential
Rv2501c	no-data
Rv2502c	non-essential
Rv2503c	non-essential
Rv2504c	no-data
Rv2505c	non-essential
Rv2506	non-essential
Rv2507	essential
Rv2508c	non-essential
Rv2509	growth-defect
Rv2510c	essential
Rv2511	essential
Rv2512c	no-data
Rv2513	non-essential
Rv2514c	no-data
Rv2515c	essential
Rv2516c	essential
Rv2517c	non-essential
Rv2518c	no-data
Rv2519	non-essential
Rv2520c	non-essential
Rv2521	non-essential
Rv2522c	no-data
Rv2523c	non-essential
Rv2524c	essential
Rv2525c	non-essential
Rv2526	non-essential
Rv2527	non-essential
Rv2528c	no-data
Rv2529	non-essential
Rv2530A	no-data
Rv2530c	non-essential
Rv2531c	non-essential
Rv2532c	no-data
Rv2533c	essential
Rv2534c	essential
Rv2535c	growth-defect
Rv2536	no-data
Rv2537c	essential
Rv2538c	essential
Rv2539c	essential
Rv2540c	essential
Rv2541	no-data
Rv2542	non-essential
Rv2543	non-essential
Rv2544	non-essential
Rv2545	non-essential
Rv2546	non-essential
Rv2547	non-essential
Rv2548	non-essential
Rv2549c	non-essential
Rv2550c	non-essential
Rv2551c	no-data
Rv2552c	essential
Rv2553c	no-data
Rv2554c	essential
Rv2555c	essential
Rv2556c	non-essential
Rv2557	non-essential
Rv2558	non-essential
Rv2559c	non-essential
Rv2560	non-essential
Rv2561	non-essential
Rv2562	non-essential
Rv2563	non-essential
Rv2564	growth-defect
Rv2565	non-essential
Rv2566	non-essential
Rv2567	non-essential
Rv2568c	non-essential
Rv2569c	non-essential
Rv2570	no-data
Rv2571c	non-essential
Rv2572c	no-data
Rv2573	growth-defect
Rv2574	non-essential
Rv2575	non-essential
Rv2576c	non-essential
Rv2577	non-essential
Rv2578c	non-essential
Rv2579	non-essential
Rv2580c	essential
Rv2581c	no-data
Rv2582	essential
Rv2583c	no-data
Rv2584c	non-essential
Rv2585c	non-essential
Rv2586c	no-data
Rv2587c	no-data
Rv2588c	non-essential
Rv2589	non-essential
Rv2590	non-essential
Rv2591	non-essential
Rv2592c	non-essential
Rv2593c	no-data
Rv2594c	no-data
Rv2595	
Rv2596	no-data
Rv2597	non-essential
Rv2598	non-essential
Rv2599	non-essential
Rv2600	non-essential
Rv2601	non-essential
Rv2601A	no-data
Rv2602	non-essential
Rv2603c	non-essential
Rv2604c	no-data
Rv2605c	non-essential
Rv2606c	no-data
Rv2607	non-essential
Rv2608	non-essential
Rv2609c	non-essential
Rv2610c	no-data
Rv2611c	essential
Rv2612c	essential
Rv2613c	essential
Rv2614A	no-data
Rv2614c	essential
Rv2615c	non-essential
Rv2616	non-essential
Rv2617c	non-essential
Rv2618	non-essential
Rv2619c	non-essential
Rv2620c	non-essential
Rv2621c	non-essential
Rv2622	non-essential
Rv2623	essential
Rv2624c	non-essential
Rv2625c	no-data
Rv2626c	no-data
Rv2627c	no-data
Rv2628	no-data
Rv2629	no-data
Rv2630	non-essential
Rv2631	non-essential
Rv2632c	non-essential
Rv2633c	non-essential
Rv2634c	non-essential
Rv2635	non-essential
Rv2636	non-essential
Rv2637	non-essential
Rv2638	non-essential
Rv2639c	non-essential
Rv2640c	non-essential
Rv2641	non-essential
Rv2642	non-essential
Rv2643	no-data
Rv2644c	non-essential
Rv2645	no-data
Rv2646	no-data
Rv2647	no-data
Rv2648	
Rv2649	no-data
Rv2650c	no-data
Rv2651c	no-data
Rv2652c	no-data
Rv2653c	no-data
Rv2654c	
Rv2655c	no-data
Rv2656c	no-data
Rv2657c	no-data
Rv2658c	no-data
Rv2659c	no-data
Rv2660c	no-data
Rv2661c	non-essential
Rv2662	non-essential
Rv2663	non-essential
Rv2664	non-essential
Rv2665	non-essential
Rv2666	non-essential
Rv2667	no-data
Rv2668	non-essential
Rv2669	non-essential
Rv2670c	non-essential
Rv2671	non-essential
Rv2672	non-essential
Rv2673	essential
Rv2674	non-essential
Rv2675c	non-essential
Rv2676c	non-essential
Rv2677c	no-data
Rv2678c	no-data
Rv2679	non-essential
Rv2680	non-essential
Rv2681	growth-defect
Rv2682c	essential
Rv2683	non-essential
Rv2684	non-essential
Rv2685	non-essential
Rv2686c	non-essential
Rv2687c	non-essential
Rv2688c	non-essential
Rv2689c	non-essential
Rv2690c	no-data
Rv2691	non-essential
Rv2692	non-essential
Rv2693c	non-essential
Rv2694c	non-essential
Rv2695	non-essential
Rv2696c	no-data
Rv2697c	essential
Rv2698	essential
Rv2699c	non-essential
Rv2700	essential
Rv2701c	non-essential
Rv2702	essential
Rv2703	essential
Rv2704	non-essential
Rv2705c	non-essential
Rv2706c	non-essential
Rv2707	non-essential
Rv2708c	non-essential
Rv2709	non-essential
Rv2710	essential
Rv2711	no-data
Rv2712c	non-essential
Rv2713	non-essential
Rv2714	non-essential
Rv2715	non-essential
Rv2716	non-essential
Rv2717c	non-essential
Rv2718c	non-essential
Rv2719c	no-data
Rv2720	non-essential
Rv2721c	non-essential
Rv2722	non-essential
Rv2723	non-essential
Rv2724c	non-essential
Rv2725c	non-essential
Rv2726c	essential
Rv2727c	essential
Rv2728c	non-essential
Rv2729c	non-essential
Rv2730	non-essential
Rv2731	non-essential
Rv2732c	no-data
Rv2733c	non-essential
Rv2734	non-essential
Rv2735c	non-essential
Rv2736c	no-data
Rv2737A	no-data
Rv2737c	growth-defect
Rv2738c	non-essential
Rv2739c	essential
Rv2740	non-essential
Rv2741	no-data
Rv2742c	non-essential
Rv2743c	non-essential
Rv2744c	non-essential
Rv2745c	non-essential
Rv2746c	essential
Rv2747	essential
Rv2748c	essential
Rv2749	non-essential
Rv2750	non-essential
Rv2751	non-essential
Rv2752c	no-data
Rv2753c	essential
Rv2754c	essential
Rv2755c	no-data
Rv2756c	non-essential
Rv2757c	non-essential
Rv2758c	non-essential
Rv2759c	non-essential
Rv2760c	non-essential
Rv2761c	non-essential
Rv2762c	non-essential
Rv2763c	no-data
Rv2764c	no-data
Rv2765	non-essential
Rv2766c	non-essential
Rv2767c	non-essential
Rv2768c	non-essential
Rv2769c	non-essential
Rv2770c	no-data
Rv2771c	non-essential
Rv2772c	non-essential
Rv2773c	growth-defect
Rv2774c	non-essential
Rv2775	non-essential
Rv2776c	non-essential
Rv2777c	non-essential
Rv2778c	non-essential
Rv2779c	non-essential
Rv2780	non-essential
Rv2781c	non-essential
Rv2782c	non-essential
Rv2783c	no-data
Rv2784c	non-essential
Rv2785c	no-data
Rv2786c	essential
Rv2787	non-essential
Rv2788	non-essential
Rv2789c	non-essential
Rv2790c	non-essential
Rv2791c	non-essential
Rv2792c	non-essential
Rv2793c	no-data
Rv2794c	no-data
Rv2795c	non-essential
Rv2796c	non-essential
Rv2797c	non-essential
Rv2798c	non-essential
Rv2799	non-essential
Rv2800	non-essential
Rv2801c	non-essential
Rv2802c	non-essential
Rv2803	no-data
Rv2804c	non-essential
Rv2805	non-essential
Rv2806	non-essential
Rv2807	no-data
Rv2808	non-essential
Rv2809	non-essential
Rv2810c	non-essential
Rv2811	non-essential
Rv2812	essential
Rv2813	essential
Rv2814c	no-data
Rv2815c	
Rv2816c	non-essential
Rv2817c	essential
Rv2818c	non-essential
Rv2819c	non-essential
Rv2820c	non-essential
Rv2821c	non-essential
Rv2822c	non-essential
Rv2823c	non-essential
Rv2824c	non-essential
Rv2825c	non-essential
Rv2826c	non-essential
Rv2827c	essential
Rv2828c	essential
Rv2829c	no-data
Rv2830c	essential
Rv2831	non-essential
Rv2832c	essential
Rv2833c	essential
Rv2834c	no-data
Rv2835c	non-essential
Rv2836c	non-essential
Rv2837c	essential
Rv2838c	no-data
Rv2839c	essential
Rv2840c	non-essential
Rv2841c	essential
Rv2842c	non-essential
Rv2843	no-data
Rv2844	non-essential
Rv2845c	essential
Rv2846c	essential
Rv2847c	no-data
Rv2848c	non-essential
Rv2849c	non-essential
Rv2850c	non-essential
Rv2851c	non-essential
Rv2852c	non-essential
Rv2853	non-essential
Rv2854	non-essential
Rv2855	essential
Rv2856	essential
Rv2857c	non-essential
Rv2858c	no-data
Rv2859c	non-essential
Rv2860c	non-essential
Rv2861c	non-essential
Rv2862c	non-essential
Rv2863	non-essential
Rv2864c	non-essential
Rv2865	non-essential
Rv2866	non-essential
Rv2867c	non-essential
Rv2868c	no-data
Rv2869c	essential
Rv2870c	non-essential
Rv2871	non-essential
Rv2872	non-essential
Rv2873	non-essential
Rv2874	non-essential
Rv2875	non-essential
Rv2876	non-essential
Rv2877c	non-essential
Rv2878c	non-essential
Rv2879c	non-essential
Rv2880c	non-essential
Rv2881c	essential
Rv2882c	essential
Rv2883c	essential
Rv2884	non-essential
Rv2885c	non-essential
Rv2886c	non-essential
Rv2887	non-essential
Rv2888c	non-essential
Rv2889c	essential
Rv2890c	essential
Rv2891	non-essential
Rv2892c	non-essential
Rv2893	non-essential
Rv2894c	non-essential
Rv2895c	non-essential
Rv2896c	non-essential
Rv2897c	essential
Rv2898c	non-essential
Rv2899c	non-essential
Rv2900c	no-data
Rv2901c	non-essential
Rv2902c	non-essential
Rv2903c	essential
Rv2904c	essential
Rv2905	non-essential
Rv2906c	essential
Rv2907c	essential
Rv2908c	essential
Rv2909c	non-essential
Rv2910c	non-essential
Rv2911	non-essential
Rv2912c	non-essential
Rv2913c	non-essential
Rv2914c	non-essential
Rv2915c	non-essential
Rv2916c	essential
Rv2917	non-essential
Rv2918c	no-data
Rv2919c	no-data
Rv2920c	non-essential
Rv2921c	non-essential
Rv2922A	no-data
Rv2922c	non-essential
Rv2923c	non-essential
Rv2924c	non-essential
Rv2925c	essential
Rv2926c	essential
Rv2927c	essential
Rv2928	non-essential
Rv2929	non-essential
Rv2930	non-essential
Rv2931	no-data
Rv2932	no-data
Rv2933	non-essential
Rv2934	no-data
Rv2935	no-data
Rv2936	non-essential
Rv2937	non-essential
Rv2938	non-essential
Rv2939	non-essential
Rv2940c	non-essential
Rv2941	no-data
Rv2942	non-essential
Rv2943	non-essential
Rv2943A	no-data
Rv2944	no-data
Rv2945c	non-essential
Rv2946c	non-essential
Rv2947c	non-essential
Rv2948c	non-essential
Rv2949c	non-essential
Rv2950c	non-essential
Rv2951c	non-essential
Rv2952	non-essential
Rv2953	non-essential
Rv2954c	non-essential
Rv2955c	non-essential
Rv2956	no-data
Rv2957	non-essential
Rv2958c	non-essential
Rv2959c	no-data
Rv2960c	non-essential
Rv2961	non-essential
Rv2962c	non-essential
Rv2963	non-essential
Rv2964	non-essential
Rv2965c	non-essential
Rv2966c	non-essential
Rv2967c	essential
Rv2968c	essential
Rv2969c	essential
Rv2970A	no-data
Rv2970c	non-essential
Rv2971	essential
Rv2972c	non-essential
Rv2973c	non-essential
Rv2974c	non-essential
Rv2975c	non-essential
Rv2976c	non-essential
Rv2977c	essential
Rv2978c	non-essential
Rv2979c	non-essential
Rv2980	no-data
Rv2981c	essential
Rv2982c	non-essential
Rv2983	non-essential
Rv2984	no-data
Rv2985	no-data
Rv2986c	essential
Rv2987c	essential
Rv2988c	no-data
Rv2989	no-data
Rv2990c	non-essential
Rv2991	non-essential
Rv2992c	essential
Rv2993c	no-data
Rv2994	non-essential
Rv2995c	essential
Rv2996c	essential
Rv2997	no-data
Rv2998	non-essential
Rv2998A	no-data
Rv2999	essential
Rv3000	non-essential
Rv3001c	essential
Rv3002c	essential
Rv3003c	essential
Rv3004	non-essential
Rv3005c	non-essential
Rv3006	no-data
Rv3007c	non-essential
Rv3008	non-essential
Rv3009c	essential
Rv3010c	non-essential
Rv3011c	essential
Rv3012c	
Rv3013	non-essential
Rv3014c	essential
Rv3015c	non-essential
Rv3016	non-essential
Rv3017c	non-essential
Rv3018c	essential
Rv3019c	non-essential
Rv3020c	non-essential
Rv3021c	no-data
Rv3022A	no-data
Rv3022c	no-data
Rv3023c	no-data
Rv3024c	no-data
Rv3025c	essential
Rv3026c	non-essential
Rv3027c	non-essential
Rv3028c	no-data
Rv3029c	essential
Rv3030	essential
Rv3031	essential
Rv3032	essential
Rv3033	no-data
Rv3034c	non-essential
Rv3035	non-essential
Rv3036c	non-essential
Rv3037c	non-essential
Rv3038c	no-data
Rv3039c	no-data
Rv3040c	non-essential
Rv3041c	non-essential
Rv3042c	essential
Rv3043c	essential
Rv3044	non-essential
Rv3045	non-essential
Rv3046c	non-essential
Rv3047c	non-essential
Rv3048c	essential
Rv3049c	non-essential
Rv3050c	non-essential
Rv3051c	essential
Rv3052c	non-essential
Rv3053c	no-data
Rv3054c	non-essential
Rv3055	non-essential
Rv3056	non-essential
Rv3057c	non-essential
Rv3058c	non-essential
Rv3059	non-essential
Rv3060c	non-essential
Rv3061c	non-essential
Rv3062	no-data
Rv3063	non-essential
Rv3064c	non-essential
Rv3065	non-essential
Rv3066	non-essential
Rv3067	non-essential
Rv3068c	non-essential
Rv3069	non-essential
Rv3070	non-essential
Rv3071	non-essential
Rv3072c	non-essential
Rv3073c	non-essential
Rv3074	non-essential
Rv3075c	non-essential
Rv3076	non-essential
Rv3077	non-essential
Rv3078	non-essential
Rv3079c	non-essential
Rv3080c	no-data
Rv3081	non-essential
Rv3082c	non-essential
Rv3083	non-essential
Rv3084	non-essential
Rv3085	non-essential
Rv3086	non-essential
Rv3087	non-essential
Rv3088	non-essential
Rv3089	non-essential
Rv3090	no-data
Rv3091	non-essential
Rv3092c	non-essential
Rv3093c	non-essential
Rv3094c	non-essential
Rv3095	non-essential
Rv3096	non-essential
Rv3097c	non-essential
Rv3098c	non-essential
Rv3099c	no-data
Rv3100c	no-data
Rv3101c	essential
Rv3102c	growth-defect
Rv3103c	non-essential
Rv3104c	non-essential
Rv3105c	essential
Rv3106	non-essential
Rv3107c	non-essential
Rv3108	no-data
Rv3109	essential
Rv3110	non-essential
Rv3111	essential
Rv3112	essential
Rv3113	essential
Rv3114	no-data
Rv3115	no-data
Rv3116	non-essential
Rv3117	non-essential
Rv3118	no-data
Rv3119	no-data
Rv3120	no-data
Rv3121	no-data
Rv3122	non-essential
Rv3123	non-essential
Rv3124	no-data
Rv3125c	non-essential
Rv3126c	non-essential
Rv3127	no-data
Rv3129	no-data
Rv3130c	no-data
Rv3131	essential
Rv3132c	essential
Rv3133c	non-essential
Rv3134c	non-essential
Rv3135	essential
Rv3136	no-data
Rv3137	essential
Rv3138	non-essential
Rv3139	essential
Rv3140	essential
Rv3141	non-essential
Rv3142c	non-essential
Rv3143	non-essential
Rv3144c	no-data
Rv3145	non-essential
Rv3146	non-essential
Rv3147	no-data
Rv3148	no-data
Rv3149	non-essential
Rv3150	non-essential
Rv3151	no-data
Rv3152	non-essential
Rv3153	non-essential
Rv3154	non-essential
Rv3155	non-essential
Rv3156	non-essential
Rv3157	non-essential
Rv3158	non-essential
Rv3159c	no-data
Rv3160c	non-essential
Rv3161c	non-essential
Rv3162c	no-data
Rv3163c	non-essential
Rv3164c	non-essential
Rv3165c	no-data
Rv3166c	non-essential
Rv3167c	non-essential
Rv3168	no-data
Rv3169	non-essential
Rv3170	no-data
Rv3171c	non-essential
Rv3172c	non-essential
Rv3173c	non-essential
Rv3174	non-essential
Rv3175	non-essential
Rv3176c	non-essential
Rv3177	essential
Rv3178	non-essential
Rv3179	non-essential
Rv3180c	non-essential
Rv3181c	non-essential
Rv3182	no-data
Rv3183	non-essential
Rv3184	
Rv3185	
Rv3186	
Rv3187	
Rv3188	non-essential
Rv3189	non-essential
Rv3190c	non-essential
Rv3191c	non-essential
Rv3192	non-essential
Rv3193c	no-data
Rv3194c	non-essential
Rv3195	non-essential
Rv3196	non-essential
Rv3196A	no-data
Rv3197	non-essential
Rv3197A	no-data
Rv3198A	no-data
Rv3198c	essential
Rv3199c	non-essential
Rv3200c	non-essential
Rv3201c	essential
Rv3202c	non-essential
Rv3203	non-essential
Rv3204	no-data
Rv3205c	non-essential
Rv3206c	non-essential
Rv3207c	non-essential
Rv3208	no-data
Rv3208A	no-data
Rv3209	non-essential
Rv3210c	non-essential
Rv3211	no-data
Rv3212	non-essential
Rv3213c	non-essential
Rv3214	non-essential
Rv3215	no-data
Rv3216	non-essential
Rv3217c	non-essential
Rv3218	non-essential
Rv3219	non-essential
Rv3220c	no-data
Rv3221A	no-data
Rv3221c	non-essential
Rv3222c	no-data
Rv3223c	non-essential
Rv3224	non-essential
Rv3224A	no-data
Rv3224B	no-data
Rv3225c	non-essential
Rv3226c	non-essential
Rv3227	no-data
Rv3228	no-data
Rv3229c	non-essential
Rv3230c	non-essential
Rv3231c	non-essential
Rv3232c	non-essential
Rv3233c	non-essential
Rv3234c	non-essential
Rv3235	non-essential
Rv3236c	non-essential
Rv3237c	non-essential
Rv3238c	non-essential
Rv3239c	non-essential
Rv3240c	essential
Rv3241c	non-essential
Rv3242c	non-essential
Rv3243c	essential
Rv3244c	essential
Rv3245c	essential
Rv3246c	no-data
Rv3247c	no-data
Rv3248c	essential
Rv3249c	non-essential
Rv3250c	non-essential
Rv3251c	non-essential
Rv3252c	non-essential
Rv3253c	non-essential
Rv3254	non-essential
Rv3255c	essential
Rv3256c	non-essential
Rv3257c	essential
Rv3258c	growth-defect
Rv3259	no-data
Rv3260c	no-data
Rv3261	non-essential
Rv3262	no-data
Rv3263	non-essential
Rv3264c	essential
Rv3265c	essential
Rv3266c	no-data
Rv3267	essential
Rv3268	non-essential
Rv3269	non-essential
Rv3270	no-data
Rv3271c	essential
Rv3272	non-essential
Rv3273	non-essential
Rv3274c	no-data
Rv3275c	essential
Rv3276c	no-data
Rv3277	no-data
Rv3278c	non-essential
Rv3279c	non-essential
Rv3280	no-data
Rv3281	essential
Rv3282	growth-defect
Rv3283	growth-defect
Rv3284	growth-defect
Rv3285	essential
Rv3286c	non-essential
Rv3287c	non-essential
Rv3288c	non-essential
Rv3289c	non-essential
Rv3290c	non-essential
Rv3291c	non-essential
Rv3292	non-essential
Rv3293	non-essential
Rv3294c	no-data
Rv3295	non-essential
Rv3296	no-data
Rv3297	non-essential
Rv3298c	non-essential
Rv3299c	non-essential
Rv3300c	no-data
Rv3301c	non-essential
Rv3302c	no-data
Rv3303c	non-essential
Rv3304	non-essential
Rv3305c	non-essential
Rv3306c	no-data
Rv3307	non-essential
Rv3308	non-essential
Rv3309c	non-essential
Rv3310	non-essential
Rv3311	non-essential
Rv3312A	no-data
Rv3312c	non-essential
Rv3313c	no-data
Rv3314c	non-essential
Rv3315c	non-essential
Rv3316	non-essential
Rv3317	non-essential
Rv3318	non-essential
Rv3319	non-essential
Rv3320c	non-essential
Rv3321c	non-essential
Rv3322c	non-essential
Rv3323c	non-essential
Rv3324c	non-essential
Rv3325	
Rv3326	
Rv3327	non-essential
Rv3328c	non-essential
Rv3329	non-essential
Rv3330	non-essential
Rv3331	non-essential
Rv3332	essential
Rv3333c	non-essential
Rv3334	non-essential
Rv3335c	non-essential
Rv3336c	essential
Rv3337	non-essential
Rv3338	non-essential
Rv3339c	non-essential
Rv3340	non-essential
Rv3341	essential
Rv3342	non-essential
Rv3343c	essential
Rv3344c	no-data
Rv3345c	no-data
Rv3346c	non-essential
Rv3347c	no-data
Rv3348	no-data
Rv3349c	non-essential
Rv3350c	no-data
Rv3351c	non-essential
Rv3352c	non-essential
Rv3353c	non-essential
Rv3354	non-essential
Rv3355c	non-essential
Rv3356c	essential
Rv3357	non-essential
Rv3358	non-essential
Rv3359	non-essential
Rv3360	non-essential
Rv3361c	no-data
Rv3362c	non-essential
Rv3363c	non-essential
Rv3364c	non-essential
Rv3365c	non-essential
Rv3366	non-essential
Rv3367	non-essential
Rv3368c	non-essential
Rv3369	no-data
Rv3370c	non-essential
Rv3371	non-essential
Rv3372	essential
Rv3373	non-essential
Rv3374	no-data
Rv3375	non-essential
Rv3376	non-essential
Rv3377c	non-essential
Rv3378c	no-data
Rv3379c	non-essential
Rv3380c	no-data
Rv3381c	no-data
Rv3382c	non-essential
Rv3383c	non-essential
Rv3384c	non-essential
Rv3385c	non-essential
Rv3386	non-essential
Rv3387	non-essential
Rv3388	no-data
Rv3389c	non-essential
Rv3390	non-essential
Rv3391	non-essential
Rv3392c	non-essential
Rv3393	non-essential
Rv3394c	non-essential
Rv3395A	no-data
Rv3395c	non-essential
Rv3396c	essential
Rv3397c	no-data
Rv3398c	essential
Rv3399	non-essential
Rv3400	non-essential
Rv3401	non-essential
Rv3402c	non-essential
Rv3403c	non-essential
Rv3404c	non-essential
Rv3405c	non-essential
Rv3406	non-essential
Rv3407	non-essential
Rv3408	non-essential
Rv3409c	non-essential
Rv3410c	no-data
Rv3411c	essential
Rv3412	non-essential
Rv3413c	non-essential
Rv3414c	non-essential
Rv3415c	non-essential
Rv3416	non-essential
Rv3417c	essential
Rv3418c	essential
Rv3419c	non-essential
Rv3420c	non-essential
Rv3421c	non-essential
Rv3422c	essential
Rv3423c	essential
Rv3424c	non-essential
Rv3425	non-essential
Rv3426	no-data
Rv3427c	essential
Rv3428c	no-data
Rv3429	non-essential
Rv3430c	non-essential
Rv3431c	non-essential
Rv3432c	non-essential
Rv3433c	non-essential
Rv3434c	non-essential
Rv3435c	non-essential
Rv3436c	essential
Rv3437	non-essential
Rv3438	no-data
Rv3439c	non-essential
Rv3440c	no-data
Rv3441c	essential
Rv3442c	no-data
Rv3443c	essential
Rv3444c	non-essential
Rv3445c	non-essential
Rv3446c	non-essential
Rv3447c	no-data
Rv3448	non-essential
Rv3449	non-essential
Rv3450c	non-essential
Rv3451	non-essential
Rv3452	non-essential
Rv3453	non-essential
Rv3454	non-essential
Rv3455c	essential
Rv3456c	no-data
Rv3457c	essential
Rv3458c	essential
Rv3459c	essential
Rv3460c	no-data
Rv3461c	growth-defect
Rv3462c	essential
Rv3463	non-essential
Rv3464	essential
Rv3465	essential
Rv3466	non-essential
Rv3467	non-essential
Rv3468c	no-data
Rv3469c	no-data
Rv3470c	no-data
Rv3471c	non-essential
Rv3472	non-essential
Rv3473c	non-essential
Rv3474	
Rv3475	no-data
Rv3476c	non-essential
Rv3477	no-data
Rv3478	non-essential
Rv3479	non-essential
Rv3480c	no-data
Rv3481c	non-essential
Rv3482c	non-essential
Rv3483c	non-essential
Rv3484	non-essential
Rv3485c	non-essential
Rv3486	non-essential
Rv3487c	non-essential
Rv3488	non-essential
Rv3489	non-essential
Rv3490	essential
Rv3491	non-essential
Rv3492c	non-essential
Rv3493c	non-essential
Rv3494c	non-essential
Rv3495c	non-essential
Rv3496c	non-essential
Rv3497c	non-essential
Rv3498c	non-essential
Rv3499c	non-essential
Rv3500c	non-essential
Rv3501c	non-essential
Rv3502c	non-essential
Rv3503c	non-essential
Rv3504	non-essential
Rv3505	non-essential
Rv3506	non-essential
Rv3507	non-essential
Rv3508	no-data
Rv3509c	non-essential
Rv3510c	non-essential
Rv3511	no-data
Rv3512	non-essential
Rv3513c	non-essential
Rv3514	no-data
Rv3515c	non-essential
Rv3516	non-essential
Rv3517	non-essential
Rv3518c	non-essential
Rv3519	non-essential
Rv3520c	non-essential
Rv3521	non-essential
Rv3522	non-essential
Rv3523	non-essential
Rv3524	non-essential
Rv3525c	non-essential
Rv3526	non-essential
Rv3527	non-essential
Rv3528c	non-essential
Rv3529c	no-data
Rv3530c	non-essential
Rv3531c	non-essential
Rv3532	non-essential
Rv3533c	no-data
Rv3534c	non-essential
Rv3535c	non-essential
Rv3536c	no-data
Rv3537	no-data
Rv3538	essential
Rv3539	no-data
Rv3540c	non-essential
Rv3541c	no-data
Rv3542c	non-essential
Rv3543c	non-essential
Rv3544c	non-essential
Rv3545c	non-essential
Rv3546	non-essential
Rv3547	non-essential
Rv3548c	non-essential
Rv3549c	non-essential
Rv3550	non-essential
Rv3551	no-data
Rv3552	no-data
Rv3553	non-essential
Rv3554	non-essential
Rv3555c	non-essential
Rv3556c	non-essential
Rv3557c	non-essential
Rv3558	no-data
Rv3559c	essential
Rv3560c	non-essential
Rv3561	no-data
Rv3562	no-data
Rv3563	no-data
Rv3564	essential
Rv3565	no-data
Rv3566A	no-data
Rv3566c	no-data
Rv3567c	non-essential
Rv3568c	no-data
Rv3569c	no-data
Rv3570c	non-essential
Rv3571	non-essential
Rv3572	non-essential
Rv3573c	non-essential
Rv3574	non-essential
Rv3575c	non-essential
Rv3576	non-essential
Rv3577	non-essential
Rv3578	non-essential
Rv3579c	essential
Rv3580c	essential
Rv3581c	essential
Rv3582c	essential
Rv3583c	no-data
Rv3584	non-essential
Rv3585	non-essential
Rv3586	non-essential
Rv3587c	no-data
Rv3588c	non-essential
Rv3589	non-essential
Rv3590c	non-essential
Rv3591c	non-essential
Rv3592	non-essential
Rv3593	essential
Rv3594	non-essential
Rv3595c	non-essential
Rv3596c	essential
Rv3597c	essential
Rv3598c	essential
Rv3599c	no-data
Rv3600c	non-essential
Rv3601c	no-data
Rv3602c	essential
Rv3603c	no-data
Rv3604c	essential
Rv3605c	non-essential
Rv3606c	no-data
Rv3607c	essential
Rv3608c	essential
Rv3609c	essential
Rv3610c	essential
Rv3611	essential
Rv3612c	non-essential
Rv3613c	non-essential
Rv3614c	non-essential
Rv3615c	non-essential
Rv3616c	non-essential
Rv3617	no-data
Rv3618	no-data
Rv3619c	
Rv3620c	no-data
Rv3621c	no-data
Rv3622c	no-data
Rv3623	non-essential
Rv3624c	no-data
Rv3625c	essential
Rv3626c	non-essential
Rv3627c	essential
Rv3628	no-data
Rv3629c	non-essential
Rv3630	non-essential
Rv3631	non-essential
Rv3632	non-essential
Rv3633	non-essential
Rv3634c	essential
Rv3635	essential
Rv3636	non-essential
Rv3637	non-essential
Rv3638	non-essential
Rv3639c	non-essential
Rv3640c	non-essential
Rv3641c	non-essential
Rv3642c	non-essential
Rv3643	non-essential
Rv3644c	no-data
Rv3645	no-data
Rv3646c	essential
Rv3647c	non-essential
Rv3648c	essential
Rv3649	non-essential
Rv3650	no-data
Rv3651	no-data
Rv3652	no-data
Rv3653	no-data
Rv3654c	non-essential
Rv3655c	non-essential
Rv3656c	non-essential
Rv3657c	growth-defect
Rv3658c	essential
Rv3659c	non-essential
Rv3660c	essential
Rv3661	non-essential
Rv3662c	no-data
Rv3663c	non-essential
Rv3664c	no-data
Rv3665c	non-essential
Rv3666c	essential
Rv3667	non-essential
Rv3668c	non-essential
Rv3669	essential
Rv3670	no-data
Rv3671c	no-data
Rv3672c	non-essential
Rv3673c	no-data
Rv3674c	non-essential
Rv3675	non-essential
Rv3676	non-essential
Rv3677c	non-essential
Rv3678A	no-data
Rv3678c	non-essential
Rv3679	essential
Rv3680	no-data
Rv3681c	non-essential
Rv3682	no-data
Rv3683	non-essential
Rv3684	non-essential
Rv3685c	non-essential
Rv3686c	non-essential
Rv3687c	no-data
Rv3688c	non-essential
Rv3689	non-essential
Rv3690	non-essential
Rv3691	non-essential
Rv3692	non-essential
Rv3693	non-essential
Rv3694c	non-essential
Rv3695	non-essential
Rv3696c	growth-defect
Rv3697c	non-essential
Rv3698	non-essential
Rv3699	non-essential
Rv3700c	non-essential
Rv3701c	no-data
Rv3702c	non-essential
Rv3703c	non-essential
Rv3704c	non-essential
Rv3705A	no-data
Rv3705c	non-essential
Rv3706c	non-essential
Rv3707c	non-essential
Rv3708c	essential
Rv3709c	essential
Rv3710	essential
Rv3711c	non-essential
Rv3712	essential
Rv3713	essential
Rv3714c	non-essential
Rv3715c	non-essential
Rv3716c	non-essential
Rv3717	non-essential
Rv3718c	non-essential
Rv3719	non-essential
Rv3720	non-essential
Rv3721c	essential
Rv3722c	essential
Rv3723	non-essential
Rv3724A	no-data
Rv3724B	no-data
Rv3725	non-essential
Rv3726	non-essential
Rv3727	non-essential
Rv3728	non-essential
Rv3729	non-essential
Rv3730c	non-essential
Rv3731	non-essential
Rv3732	non-essential
Rv3733c	non-essential
Rv3734c	non-essential
Rv3735	non-essential
Rv3736	non-essential
Rv3737	non-essential
Rv3738c	no-data
Rv3739c	no-data
Rv3740c	non-essential
Rv3741c	non-essential
Rv3742c	non-essential
Rv3743c	non-essential
Rv3744	non-essential
Rv3745c	non-essential
Rv3746c	no-data
Rv3747	non-essential
Rv3748	non-essential
Rv3749c	non-essential
Rv3750c	non-essential
Rv3751	non-essential
Rv3752c	essential
Rv3753c	non-essential
Rv3754	no-data
Rv3755c	growth-defect
Rv3756c	non-essential
Rv3757c	non-essential
Rv3758c	non-essential
Rv3759c	no-data
Rv3760	non-essential
Rv3761c	non-essential
Rv3762c	non-essential
Rv3763	non-essential
Rv3764c	non-essential
Rv3765c	non-essential
Rv3766	non-essential
Rv3767c	no-data
Rv3768	non-essential
Rv3769	non-essential
Rv3770A	no-data
Rv3770B	no-data
Rv3770c	non-essential
Rv3771c	non-essential
Rv3772	non-essential
Rv3773c	non-essential
Rv3774	non-essential
Rv3775	non-essential
Rv3776	non-essential
Rv3777	no-data
Rv3778c	essential
Rv3779	non-essential
Rv3780	non-essential
Rv3781	essential
Rv3782	essential
Rv3783	no-data
Rv3784	non-essential
Rv3785	non-essential
Rv3786c	non-essential
Rv3787c	non-essential
Rv3788	non-essential
Rv3789	non-essential
Rv3790	essential
Rv3791	essential
Rv3792	essential
Rv3793	essential
Rv3794	no-data
Rv3795	essential
Rv3796	non-essential
Rv3797	non-essential
Rv3798	non-essential
Rv3799c	essential
Rv3800c	essential
Rv3801c	essential
Rv3802c	essential
Rv3803c	non-essential
Rv3804c	non-essential
Rv3805c	essential
Rv3806c	essential
Rv3807c	no-data
Rv3808c	essential
Rv3809c	non-essential
Rv3810	non-essential
Rv3811	non-essential
Rv3812	non-essential
Rv3813c	non-essential
Rv3814c	non-essential
Rv3815c	non-essential
Rv3816c	no-data
Rv3817	non-essential
Rv3818	non-essential
Rv3819	non-essential
Rv3820c	non-essential
Rv3821	non-essential
Rv3822	non-essential
Rv3823c	non-essential
Rv3824c	non-essential
Rv3825c	non-essential
Rv3826	no-data
Rv3827c	non-essential
Rv3828c	non-essential
Rv3829c	no-data
Rv3830c	non-essential
Rv3831	non-essential
Rv3832c	non-essential
Rv3833	non-essential
Rv3834c	essential
Rv3835	no-data
Rv3836	non-essential
Rv3837c	non-essential
Rv3838c	no-data
Rv3839	non-essential
Rv3840	non-essential
Rv3841	non-essential
Rv3842c	non-essential
Rv3843c	non-essential
Rv3844	no-data
Rv3845	no-data
Rv3846	no-data
Rv3847	non-essential
Rv3848	no-data
Rv3849	growth-defect
Rv3850	non-essential
Rv3851	non-essential
Rv3852	non-essential
Rv3853	non-essential
Rv3854c	non-essential
Rv3855	non-essential
Rv3856c	non-essential
Rv3857c	non-essential
Rv3858c	essential
Rv3859c	essential
Rv3860	non-essential
Rv3861	non-essential
Rv3862c	non-essential
Rv3863	non-essential
Rv3864	non-essential
Rv3865	non-essential
Rv3866	non-essential
Rv3867	non-essential
Rv3868	non-essential
Rv3869	non-essential
Rv3870	non-essential
Rv3871	no-data
Rv3872	no-data
Rv3873	no-data
Rv3874	no-data
Rv3875	no-data
Rv3876	no-data
Rv3877	no-data
Rv3878	no-data
Rv3879c	no-data
Rv3880c	non-essential
Rv3881c	non-essential
Rv3882c	non-essential
Rv3883c	non-essential
Rv3884c	non-essential
Rv3885c	no-data
Rv3886c	non-essential
Rv3887c	non-essential
Rv3888c	non-essential
Rv3889c	non-essential
Rv3890c	non-essential
Rv3891c	non-essential
Rv3892c	non-essential
Rv3893c	non-essential
Rv3894c	non-essential
Rv3895c	non-essential
Rv3896c	non-essential
Rv3897c	non-essential
Rv3898c	non-essential
Rv3899c	non-essential
Rv3900c	non-essential
Rv3901c	non-essential
Rv3902c	non-essential
Rv3903c	non-essential
Rv3904c	non-essential
Rv3905c	non-essential
Rv3906c	non-essential
Rv3907c	essential
Rv3908	non-essential
Rv3909	no-data
Rv3910	non-essential
Rv3911	non-essential
Rv3912	non-essential
Rv3913	essential
Rv3914	no-data
Rv3915	essential
Rv3916c	non-essential
Rv3917c	essential
Rv3918c	essential
Rv3919c	no-data
Rv3920c	non-essential
Rv3921c	essential
Rv3922c	non-essential
Rv3923c	essential
Rv3924c	no-data
